sale_id,customer_id,product_id,store_id,quantity,amount,sale_date
1,661,477,23,9,3175.63,2026-05-30
2,296,72,24,9,900.86,2025-04-27
3,635,28,46,6,2544.92,2025-09-20
4,200,418,50,1,252.61,2024-09-05
5,507,210,88,9,2363.49,2024-07-25
6,861,228,63,8,1756.02,2025-06-16
7,32,408,98,3,179.05,2025-04-25
8,282,116,69,4,640.81,2024-11-05
9,469,290,96,5,503.7,2025-06-14
10,116,294,15,8,2270.95,2025-02-06
11,844,188,70,5,1960.27,2025-11-24
12,452,280,28,1,384.8,2026-06-17
13,850,335,97,7,484.12,2025-12-04
14,34,231,34,4,651.6,2024-09-30
15,90,225,16,6,2603.13,2026-03-09
16,756,302,89,4,482.97,2024-07-25
17,625,324,55,6,2599.82,2026-01-11
18,804,106,27,3,947.26,2025-04-23
19,546,144,77,1,293.64,2025-11-15
20,721,150,38,9,907.39,2025-04-27
21,879,264,87,10,1483.25,2026-04-21
22,769,403,53,2,170.17,2025-11-21
23,888,336,17,1,496.39,2024-10-06
24,729,165,32,3,419.54,2025-02-21
25,592,324,35,7,1784.58,2025-09-17
26,78,325,99,7,1400.58,2026-05-30
27,768,143,89,2,426.74,2026-02-10
28,500,168,75,6,1429.52,2026-04-20
29,868,376,12,1,437.08,2024-10-12
30,715,184,9,8,2597.79,2025-01-22
31,992,220,28,9,1898.13,2024-07-17
32,849,146,44,8,1191.18,2026-02-28
33,580,437,63,9,2676.67,2025-05-16
34,781,25,6,6,2695.17,2025-06-02
35,857,236,3,2,641.13,2025-06-23
36,162,226,59,2,932.26,2024-10-24
37,439,104,89,1,496.08,2025-07-28
38,310,82,36,3,1330.29,2025-07-27
39,257,43,48,2,668.4,2024-09-26
40,641,157,93,3,134.57,2024-10-11
41,94,361,13,4,904.12,2025-10-23
42,80,68,76,1,122.44,2024-09-04
43,456,5,2,4,1077.33,2026-03-29
44,881,217,89,6,2473.27,2026-05-24
45,235,197,12,3,747.89,2025-09-11
46,377,452,39,2,139.07,2024-12-07
47,833,386,18,3,611.12,2025-12-12
48,577,5,79,3,158.51,2024-11-03
49,740,110,81,3,693.74,2026-04-15
50,631,352,57,3,1384.65,2024-12-12
51,103,72,97,4,246.44,2025-11-25
52,394,180,55,2,605.99,2024-10-25
53,254,142,83,6,2398.3,2024-12-01
54,616,308,93,-5,278.24,2024-12-31
55,964,354,4,10,1567.62,2026-06-02
56,622,261,25,5,593.07,2025-02-03
57,56,402,31,7,1133.02,2025-10-06
58,247,256,82,8,1641.8,2024-09-01
59,911,7,47,10,540.86,2026-02-13
60,882,430,73,6,500.11,2024-11-08
61,700,89,98,7,1367.79,2026-01-15
62,789,38,3,8,3825.1,2025-06-13
63,269,111,6,10,524.16,2024-08-10
64,408,260,37,1,475.37,2025-12-14
65,434,360,52,9,3493.92,2026-03-14
66,551,316,20,2,654.92,2024-12-14
67,81,262,27,5,300.63,2025-12-26
68,401,301,82,3,832.4,2026-01-14
69,448,374,31,2,337.76,2026-01-15
70,947,223,15,1,137.35,2025-10-15
71,57,159,86,8,2511.22,2025-02-16
72,725,71,90,3,232.0,2025-11-30
73,976,178,67,1,98.64,2026-04-22
74,739,133,22,9,3562.5,2026-02-06
75,800,448,35,6,485.56,2024-12-19
76,31,172,55,2,780.57,2025-12-29
77,270,365,74,5,1357.25,2024-11-09
78,524,185,8,2,516.3,2025-06-12
79,171,189,21,8,3459.94,2025-06-21
80,916,294,87,5,1955.99,2026-06-15
81,522,2,6,2,259.27,2025-09-05
82,484,187,50,1,137.38,2025-01-14
83,984,440,5,3,317.7,2025-04-06
84,732,380,84,9,3649.46,2025-07-09
85,255,214,93,7,894.37,2025-04-06
86,80,293,48,6,901.22,2026-01-06
87,924,27,23,2,521.96,2025-07-26
88,48,489,52,4,1624.33,2025-11-03
89,887,145,100,2,881.91,2025-04-03
90,567,234,2,5,885.52,2024-10-16
91,578,402,39,6,697.93,2025-03-21
92,378,303,64,10,1364.4,2025-06-30
93,560,390,32,4,1486.33,2025-11-24
94,420,13,30,3,69.18,2025-08-26
95,860,356,2,9,1676.55,2025-07-13
96,674,193,95,6,124.21,2025-05-09
97,543,122,54,5,349.48,2024-10-29
98,996,73,92,8,3850.95,2026-01-08
99,944,119,67,5,323.26,2026-04-12
100,382,235,96,7,2494.85,2025-09-20
101,518,69,82,2,597.54,2025-10-22
102,582,32,56,7,391.43,2024-08-09
103,268,436,41,3,400.95,2026-03-11
104,754,168,41,7,2494.44,2026-03-13
105,77,484,26,8,1204.31,2024-09-19
106,599,56,20,3,1183.11,2026-01-06
107,478,161,53,2,197.8,2025-05-10
108,988,395,27,2,554.49,2024-09-11
109,272,437,16,8,1343.9,2024-12-05
110,703,156,91,2,191.31,2026-03-31
111,856,439,42,10,393.58,2025-03-08
112,255,496,46,3,191.35,2025-03-26
113,694,154,34,7,1865.22,2025-04-03
114,415,438,58,3,104.76,2026-06-25
115,256,49,60,9,3411.7,2025-07-06
116,144,63,2,2,811.74,2026-07-08
117,228,67,26,1,418.58,2026-04-08
118,646,481,83,7,1390.73,2024-09-02
119,266,470,10,2,599.03,2026-03-25
120,203,463,83,1,498.64,2025-01-02
121,95,464,43,8,3267.71,2025-06-16
122,473,26,22,2,80.99,2025-07-11
123,742,203,64,10,2279.15,2026-01-28
124,437,89,46,1,203.71,2025-11-06
125,282,144,58,4,1823.94,2025-06-07
126,635,316,32,3,109.9,2024-10-31
127,904,282,62,5,1297.34,2025-08-09
128,393,71,54,1,62.11,2026-03-26
129,817,270,32,4,1313.89,2024-11-04
130,392,401,92,9,3613.74,2026-02-11
131,801,249,45,6,1501.49,2025-03-19
132,398,139,24,10,2611.49,2025-06-16
133,225,16,100,1,173.06,2026-03-05
134,484,272,46,5,240.62,2024-10-05
135,998,82,13,10,4998.11,2024-11-16
136,273,274,95,4,1341.18,2025-02-20
137,971,113,74,1,386.74,2025-11-21
138,860,433,23,7,1332.14,2026-06-20
139,326,413,95,3,400.63,2025-02-25
140,29,361,90,6,2752.26,2025-04-03
141,578,73,73,6,2848.97,2025-11-10
142,830,452,64,4,1686.46,2025-12-21
143,503,20,12,9,1515.11,2025-11-08
144,225,11,68,1,131.66,2025-04-07
145,940,315,26,8,162.62,2026-03-09
146,182,471,42,3,550.69,2025-02-17
147,601,361,19,1,30.52,2025-05-25
148,882,187,10,2,852.62,2025-03-17
149,679,203,76,6,2149.07,2026-04-18
150,331,70,21,2,363.1,2025-02-16
151,984,250,84,7,2800.59,2025-11-26
152,992,288,89,6,621.7,2024-07-08
153,229,341,76,10,3977.56,2026-05-14
154,752,353,38,3,604.87,2026-06-17
155,2,486,90,3,315.9,2026-03-13
156,790,495,73,10,2079.69,2024-07-15
157,326,472,79,1,107.4,2025-07-10
158,107,480,64,4,1308.12,2024-07-21
159,80,122,45,3,536.88,2025-07-28
160,907,494,12,6,603.52,2025-12-05
161,272,108,32,6,1406.29,2026-02-02
162,806,56,93,2,376.46,2025-01-08
163,449,376,54,1,43.11,2026-05-24
164,505,452,49,3,1333.75,2026-04-04
165,104,425,62,6,1692.55,2025-02-03
166,704,116,21,10,3324.65,2025-01-18
167,867,18,38,8,443.04,2026-01-10
168,975,54,10,1,172.98,2025-08-06
169,385,83,94,6,609.9,2026-05-25
170,920,48,44,2,565.16,2025-12-20
171,915,248,91,10,4929.33,2026-02-09
172,670,85,78,1,227.04,2024-08-11
173,104,170,27,7,667.87,2024-12-25
174,568,370,94,4,865.82,2025-06-24
175,289,153,31,9,1325.94,2024-07-17
176,586,282,63,2,87.65,2025-03-17
177,4,219,12,3,138.49,2025-01-31
178,641,308,62,5,2077.35,2025-07-27
179,212,88,82,4,266.21,2024-10-04
180,485,433,15,5,2444.94,2025-04-03
181,483,251,85,5,1983.7,2025-02-02
182,558,199,24,5,318.73,2025-09-15
183,379,96,58,6,2670.22,2024-12-04
184,477,135,29,1,146.38,2025-06-16
185,155,386,90,5,1454.19,2026-05-19
186,353,414,70,2,122.28,2026-03-17
187,604,117,71,7,3401.57,2024-10-11
188,839,268,54,1,423.58,2024-12-25
189,959,244,74,9,3148.13,2025-01-15
190,81,203,92,4,994.42,2025-08-07
191,923,265,74,1,261.01,2025-07-10
192,973,388,58,10,907.75,2025-11-21
193,172,498,28,-5,1426.65,2024-07-15
194,434,41,88,4,322.28,2025-06-30
195,843,322,19,7,818.45,2024-11-11
196,933,373,9,10,1437.85,2026-06-23
197,407,283,42,2,412.58,2025-04-09
198,940,448,2,5,1347.25,2024-08-30
199,801,215,15,10,3020.37,2026-06-07
200,581,302,75,7,642.8,2025-04-14
201,577,400,13,2,927.93,2026-03-13
202,902,177,53,5,2181.94,2025-08-14
203,498,293,78,5,1019.3,2025-07-10
204,283,207,19,8,303.87,2024-10-18
205,711,206,5,10,3121.55,2024-07-21
206,340,354,31,7,3128.97,2024-12-28
207,943,138,48,1,377.96,2024-07-27
208,813,156,40,1,182.18,2026-03-31
209,879,357,88,5,2122.83,2024-08-15
210,234,69,39,-5,973.6,2025-09-05
211,329,138,94,8,3132.28,2025-05-16
212,92,97,57,7,2172.73,2024-12-10
213,417,380,63,-5,1833.79,2024-09-29
214,841,29,66,9,3926.26,2026-01-19
215,727,260,52,3,154.49,2025-08-09
216,537,451,73,3,1183.94,2026-03-01
217,897,427,26,1,103.39,2025-08-24
218,468,26,47,1,139.76,2025-10-28
219,844,238,65,4,606.04,2024-12-13
220,127,349,4,7,2274.98,2025-10-30
221,609,229,23,4,795.14,2025-03-23
222,359,177,21,8,2413.62,2024-10-31
223,706,47,37,5,1897.51,2025-11-09
224,167,438,74,1,205.55,2024-11-08
225,663,116,87,4,1725.65,2026-07-05
226,420,263,3,4,596.64,2024-11-09
227,136,332,23,1,247.57,2025-01-08
228,230,130,78,10,4044.15,2026-06-29
229,727,330,36,5,1810.58,2025-10-16
230,873,179,59,7,3148.82,2025-03-01
231,310,347,67,5,623.7,2025-09-27
232,105,4,66,10,,2025-02-02
233,609,312,37,6,1737.0,2026-02-28
234,494,33,44,5,1742.59,2025-12-08
235,883,142,34,5,1637.43,2024-12-18
236,530,392,31,5,552.06,2025-10-18
237,822,415,77,1,406.61,2025-02-18
238,698,72,93,7,2359.38,2025-03-26
239,303,133,54,1,334.59,2024-10-08
240,37,299,91,7,1444.6,2026-06-02
241,352,372,92,10,4116.87,2025-04-20
242,654,402,61,4,1397.73,2024-11-14
243,866,88,85,6,1581.07,2026-06-19
244,100,242,17,9,962.51,2025-09-12
245,573,391,24,5,1840.45,2025-11-16
246,228,182,29,6,2004.77,2024-07-11
247,909,170,48,5,1109.13,2026-04-13
248,475,436,16,5,1505.37,2025-11-19
249,650,299,75,8,366.12,2026-04-21
250,911,100,65,10,541.84,2026-06-13
251,391,272,39,2,872.8,2025-06-12
252,875,78,18,7,321.65,2025-11-21
253,584,458,59,4,737.93,2026-03-30
254,733,93,100,3,515.59,2026-05-11
255,647,91,41,2,508.08,2025-08-04
256,281,108,98,1,22.26,2025-06-28
257,163,251,98,3,889.84,2025-10-17
258,445,325,55,2,164.23,2025-02-04
259,489,197,1,7,1581.53,2025-03-14
260,749,192,2,1,276.22,2025-01-20
261,544,98,3,6,2299.72,2024-11-23
262,255,116,89,1,320.81,2025-05-23
263,106,197,65,6,1018.83,2025-06-03
264,67,422,6,10,1669.35,2026-05-20
265,467,373,67,5,2376.31,2025-06-26
266,445,455,88,-5,2715.76,2026-05-13
267,924,251,46,3,553.54,2025-09-17
268,929,471,52,4,396.58,2025-03-21
269,745,68,28,1,129.64,2024-10-28
270,174,64,47,1,303.05,2025-07-13
271,656,131,99,1,200.09,2025-03-20
272,609,25,85,9,2871.94,2025-10-13
273,21,25,89,2,667.42,2025-05-06
274,390,64,71,2,440.1,2024-10-23
275,157,106,89,5,1238.55,2025-06-10
276,678,52,85,1,164.54,2025-06-07
277,621,359,18,9,1346.3,2025-11-04
278,108,262,93,7,2930.99,2024-11-26
279,117,402,14,10,765.13,2025-08-22
280,205,399,34,8,922.8,2024-11-18
281,367,361,53,9,4383.88,2025-02-15
282,562,255,27,5,484.9,2026-03-19
283,3,7,86,8,1429.52,2026-02-16
284,856,294,86,2,910.6,2025-07-11
285,93,400,66,8,732.71,2025-07-08
286,104,464,33,2,734.62,2025-09-01
287,304,136,60,4,956.96,2024-09-14
288,179,448,6,1,67.91,2026-03-14
289,694,161,55,5,964.52,2025-04-08
290,777,456,6,2,131.2,2025-12-10
291,680,332,22,1,428.96,2025-10-12
292,449,490,80,6,1149.68,2025-04-01
293,96,191,44,5,2208.34,2026-06-20
294,410,493,59,3,223.92,2024-09-26
295,707,436,62,5,2105.7,2026-03-11
296,817,86,15,7,2320.12,2025-02-05
297,61,483,21,3,1062.48,2024-10-07
298,605,248,73,2,439.39,2025-02-11
299,389,399,46,8,856.04,2024-10-25
300,701,451,94,10,338.32,2026-02-06
301,500,58,53,3,755.63,2025-09-26
302,268,336,41,8,336.53,2025-09-20
303,695,269,99,1,358.19,2026-05-28
304,230,490,86,10,3674.11,2025-07-11
305,705,359,80,6,1615.01,2025-03-10
306,745,128,62,2,455.53,2026-05-01
307,657,198,20,6,2031.49,2025-08-10
308,628,28,2,9,4033.71,2024-08-31
309,481,437,64,3,788.02,2024-09-07
310,504,165,31,3,167.81,2026-04-19
311,52,260,29,6,2914.02,2024-09-11
312,413,419,31,9,2959.13,2024-08-17
313,821,294,58,2,480.73,2025-05-06
314,458,162,16,2,862.33,2025-10-08
315,19,53,52,8,3021.72,2024-07-08
316,563,1,12,7,260.4,2026-03-28
317,653,156,66,10,4823.22,2026-06-12
318,688,234,44,9,1073.6,2025-05-17
319,837,115,59,6,2496.9,2025-04-25
320,635,308,61,6,1733.23,2025-10-01
321,117,50,98,6,2181.83,2025-07-18
322,364,425,82,4,84.22,2026-03-16
323,383,360,14,5,1414.46,2025-05-09
324,505,72,92,1,450.5,2024-09-01
325,626,101,25,7,499.39,2026-06-12
326,403,111,59,2,933.01,2024-12-30
327,111,388,54,4,1456.23,2025-08-14
328,858,345,76,1,464.78,2025-06-29
329,462,235,85,2,781.26,2025-07-16
330,138,494,64,10,4789.71,2025-04-16
331,50,284,56,1,274.57,2024-07-28
332,521,400,23,10,2518.07,2026-04-29
333,835,66,14,10,1033.52,2025-03-15
334,621,452,42,7,2349.27,2024-08-19
335,429,312,89,9,3987.61,2024-08-28
336,987,176,38,4,605.3,2026-02-21
337,142,212,78,8,3250.42,2025-12-11
338,719,281,41,9,1471.3,2026-02-27
339,206,108,80,9,2912.76,2026-06-27
340,944,345,17,5,1747.87,2024-09-01
341,711,327,42,3,785.61,2025-07-03
342,576,246,75,2,770.34,2026-04-10
343,728,214,87,10,4724.83,2024-07-08
344,868,217,2,9,1415.21,2024-07-22
345,391,75,7,9,639.95,2025-07-29
346,769,403,21,1,115.95,2026-05-29
347,150,430,8,5,1740.14,2026-06-26
348,555,17,46,5,589.6,2024-09-30
349,889,346,95,8,553.52,2026-05-06
350,761,332,72,9,3916.12,2026-04-11
351,804,408,90,7,938.32,2025-10-26
352,49,475,49,5,1763.05,2026-06-08
353,808,500,88,7,1539.66,2025-07-01
354,56,7,96,6,2901.6,2026-03-28
355,890,400,57,5,587.41,2025-06-17
356,722,364,83,4,1830.05,2025-05-24
357,560,379,78,6,2294.71,2025-02-05
358,988,100,38,4,1570.2,2025-03-29
359,700,39,24,8,841.32,2025-09-19
360,123,194,6,3,1118.51,2026-04-30
361,271,67,21,7,1077.82,2025-04-09
362,6,170,60,10,4260.87,2026-02-08
363,951,166,77,3,117.51,2026-01-21
364,641,316,85,1,391.36,2025-09-01
365,587,282,46,5,1277.32,2025-06-29
366,326,270,29,2,792.67,2024-07-26
367,806,259,21,3,809.67,2025-04-27
368,414,48,45,7,1964.75,2025-07-19
369,680,170,43,4,1776.12,2024-11-09
370,974,386,80,6,965.49,2024-08-04
371,575,422,97,9,2231.38,2026-06-02
372,355,229,31,1,75.07,2024-07-22
373,250,491,6,10,4609.32,2026-04-23
374,816,484,15,6,1218.35,2025-07-16
375,742,145,4,7,1002.14,2026-06-25
376,384,264,66,9,3731.51,2025-07-06
377,304,460,84,8,2029.33,2026-03-29
378,85,486,13,4,695.0,2024-11-06
379,792,276,69,3,1459.15,2026-05-02
380,216,344,81,1,320.93,2025-12-25
381,435,428,14,4,1740.71,2025-10-20
382,720,450,95,4,1112.49,2025-05-31
383,963,37,96,7,2312.45,2025-06-14
384,735,170,5,3,94.2,2025-12-08
385,183,407,33,2,110.32,2024-09-22
386,842,117,34,9,484.31,2026-07-03
387,646,208,56,7,1443.79,2025-06-25
388,690,61,69,6,168.65,2025-03-01
389,634,33,97,1,327.88,2025-05-22
390,869,38,46,10,418.48,2025-09-02
391,806,352,39,9,638.51,2025-11-14
392,784,475,57,10,615.23,2026-07-07
393,677,16,61,7,1467.58,2025-11-22
394,140,383,51,3,828.19,2025-10-15
395,650,74,39,9,1454.31,2025-03-21
396,12,284,72,6,2877.29,2025-11-17
397,6,294,77,3,237.46,2026-05-24
398,970,44,40,7,1944.83,2025-01-31
399,926,372,45,4,1516.73,2025-02-15
400,662,436,66,4,872.3,2025-06-16
401,227,316,33,3,291.77,2025-09-11
402,688,410,73,4,300.08,2026-06-13
403,955,282,60,1,428.67,2026-02-04
404,688,35,33,9,495.98,2025-12-31
405,595,250,43,2,229.52,2024-07-08
406,672,121,13,6,489.26,2025-07-06
407,922,100,41,5,1586.84,2026-04-05
408,632,338,40,8,1890.48,2025-05-19
409,581,187,41,10,931.5,2026-06-27
410,321,127,29,7,706.63,2025-04-19
411,369,69,87,7,1069.64,2025-01-18
412,474,229,46,6,2648.31,2025-01-14
413,112,90,83,5,1268.73,2025-02-20
414,288,440,18,10,593.47,2025-03-05
415,752,454,81,9,1028.59,2024-12-05
416,914,10,65,2,738.33,2024-12-21
417,593,208,99,1,410.07,2025-06-09
418,38,283,34,10,1221.25,2025-02-19
419,553,242,84,9,4042.02,2025-07-23
420,229,457,99,3,586.78,2025-01-19
421,298,69,60,10,3719.49,2025-08-17
422,407,187,65,9,2384.98,2025-03-31
423,869,494,79,1,338.09,2024-08-30
424,144,229,21,3,1150.38,2025-12-20
425,580,338,19,3,875.55,2024-12-13
426,42,113,98,8,3766.43,2024-10-13
427,271,190,30,8,1049.92,2025-09-09
428,531,465,47,1,340.92,2025-05-24
429,466,452,6,7,1718.11,2025-11-02
430,332,53,91,1,490.68,2025-02-20
431,281,428,95,9,2917.01,2025-11-30
432,584,90,49,5,1488.72,2025-10-25
433,670,460,10,7,1367.4,2025-01-12
434,997,465,29,9,1266.85,2024-10-16
435,837,445,45,9,1933.24,2025-09-12
436,909,310,1,8,3203.8,2025-05-22
437,451,85,30,9,3990.39,2024-11-27
438,288,109,20,2,533.96,2026-03-23
439,617,368,16,3,286.59,2025-06-05
440,339,369,15,4,876.06,2026-02-23
441,491,108,76,8,2752.88,2025-11-16
442,421,12,32,3,992.05,2024-09-08
443,607,83,18,1,81.38,2026-04-25
444,587,76,8,9,349.3,2025-09-02
445,185,265,52,3,431.89,2025-05-03
446,653,10,93,10,4852.37,2025-01-04
447,222,230,78,5,2373.41,2024-08-23
448,175,113,53,8,3490.44,2026-06-05
449,597,421,99,10,885.02,2024-12-17
450,524,136,22,3,957.42,2024-10-25
451,611,303,9,6,2776.37,2024-09-10
452,136,56,3,4,806.17,2025-07-19
453,932,259,88,4,1083.61,2025-08-08
454,621,50,23,7,2917.09,2026-06-29
455,615,20,69,8,3622.18,2026-04-15
456,96,247,85,9,3430.3,2025-10-18
457,553,424,1,3,1358.86,2025-06-13
458,380,448,6,7,1894.07,2026-05-01
459,961,411,62,9,2033.09,2025-05-23
460,824,380,98,7,1317.74,2026-03-26
461,138,131,62,10,669.04,2024-12-13
462,86,146,77,4,1827.36,2026-01-14
463,194,3,91,9,1945.35,2025-10-07
464,121,267,1,1,297.43,2026-01-20
465,705,412,41,7,2339.27,2024-08-17
466,159,219,84,7,1357.23,2026-04-29
467,876,275,55,10,1417.44,2025-12-24
468,283,349,51,10,1955.09,2025-07-28
469,803,286,62,4,873.4,2024-08-17
470,569,248,33,3,593.11,2025-08-04
471,793,362,51,5,1486.36,2025-09-16
472,676,61,96,3,1291.2,2025-05-30
473,717,487,21,4,937.46,2025-05-25
474,411,403,44,2,245.88,2025-01-14
475,701,362,7,9,2832.59,2024-10-16
476,652,3,12,3,620.31,2025-05-04
477,615,223,12,3,739.2,2024-11-24
478,380,41,78,2,292.57,2025-05-16
479,954,206,79,1,367.76,2024-08-09
480,987,306,8,9,1417.55,2024-10-09
481,450,6,26,3,982.02,2025-07-08
482,35,402,77,9,1415.55,2026-02-14
483,238,315,22,9,2408.31,2025-06-16
484,671,1,21,1,192.68,2024-10-21
485,799,205,46,2,996.94,2026-07-03
486,206,266,2,7,1502.32,2026-02-12
487,563,146,93,2,922.41,2026-01-29
488,357,178,36,9,4132.84,2026-02-08
489,200,233,52,4,1244.22,2026-07-07
490,180,209,65,10,222.33,2025-07-16
491,516,151,44,2,576.29,2024-07-23
492,980,132,69,2,810.82,2025-03-23
493,454,495,49,10,1400.68,2025-02-09
494,250,388,44,10,2521.42,2024-11-26
495,919,301,4,8,2777.32,2026-03-01
496,70,196,82,8,606.47,2025-09-24
497,236,410,41,4,1379.67,2026-03-03
498,529,275,2,7,3350.3,2025-12-06
499,96,205,87,5,695.82,2025-02-22
500,954,92,61,6,338.96,2025-03-03
501,916,294,35,6,1138.19,2024-07-11
502,700,477,25,3,1423.85,2024-09-12
503,241,377,31,8,2990.51,2025-11-10
504,208,428,32,5,596.27,2025-06-25
505,798,55,16,10,1908.93,2024-07-12
506,680,253,79,2,688.78,2024-12-28
507,555,491,6,1,386.84,2025-02-16
508,323,253,74,8,1585.39,2025-11-08
509,783,469,66,5,1277.93,2024-07-26
510,769,296,17,5,1054.91,2025-02-26
511,434,245,70,1,272.35,2025-07-11
512,404,441,88,1,261.19,2026-03-19
513,124,358,67,3,718.36,2025-11-07
514,9,7,87,8,1372.1,2025-11-28
515,104,167,47,4,808.5,2026-04-22
516,192,281,34,10,4336.84,2026-04-12
517,982,314,44,4,597.26,2026-03-09
518,435,108,54,6,649.67,2024-09-23
519,411,144,58,6,1171.42,2025-01-15
520,590,352,30,3,882.83,2025-09-16
521,824,121,72,2,731.98,2024-09-11
522,201,75,95,7,3017.2,2024-12-30
523,10,91,54,3,741.1,2025-12-02
524,915,435,81,8,676.37,2025-07-22
525,324,403,63,9,2486.8,2025-07-17
526,880,291,7,5,702.34,2025-12-11
527,168,31,28,7,472.56,2025-02-21
528,645,50,58,5,1243.69,2025-01-04
529,369,287,72,6,868.14,2025-07-21
530,422,63,45,5,925.94,2024-11-24
531,590,333,84,10,1155.0,2026-06-19
532,800,146,46,9,934.01,2026-05-31
533,500,397,95,6,2058.8,2024-12-18
534,391,315,37,8,3576.19,2025-03-30
535,149,445,22,8,2585.77,2026-02-02
536,628,293,52,6,1334.83,2025-01-15
537,352,117,41,2,115.95,2024-10-29
538,728,137,78,6,2000.68,2025-02-18
539,456,400,47,7,1051.39,2024-09-21
540,462,212,22,10,2700.49,2025-10-28
541,129,373,31,3,1290.07,2025-06-17
542,718,384,11,5,2357.05,2025-09-17
543,106,49,9,4,400.47,2026-05-09
544,27,395,51,8,2265.99,2025-02-02
545,86,54,34,9,3484.78,2025-08-10
546,671,477,50,10,945.32,2025-09-18
547,756,146,57,5,650.45,2024-12-14
548,859,88,4,3,249.04,2026-03-21
549,882,469,42,1,338.5,2025-05-16
550,892,277,35,8,1954.02,2024-11-14
551,993,486,90,9,2101.73,2025-12-07
552,612,234,81,9,944.8,2024-10-13
553,656,328,69,10,2287.89,2025-03-18
554,494,277,30,5,2281.42,2026-03-19
555,375,212,34,2,464.19,2026-03-25
556,1,268,98,3,497.14,2026-01-02
557,481,274,2,3,555.19,2024-11-27
558,489,154,2,8,3796.32,2024-09-10
559,612,119,1,7,2821.16,2025-05-26
560,422,452,72,9,1794.14,2025-05-24
561,168,367,95,7,1466.37,2025-06-24
562,226,135,11,7,2923.51,2025-10-07
563,530,392,79,7,2241.09,2025-03-04
564,761,273,35,5,783.22,2025-10-04
565,71,94,18,7,771.68,2026-04-03
566,467,317,58,5,364.86,2025-02-22
567,504,97,42,5,1781.13,2025-01-18
568,993,274,3,1,93.03,2024-10-07
569,289,138,17,3,1460.16,2025-05-17
570,239,47,20,8,2952.09,2024-11-17
571,351,216,40,1,256.92,2026-03-07
572,475,357,5,8,3992.18,2025-05-22
573,769,488,19,6,351.04,2026-02-21
574,402,37,70,1,147.92,2024-09-15
575,918,431,33,8,857.36,2026-06-24
576,125,499,99,7,2922.93,2026-01-12
577,999,227,32,4,818.81,2024-12-13
578,753,395,13,1,115.61,2025-05-07
579,214,243,50,9,3057.15,2025-12-10
580,163,323,94,5,2346.92,2025-11-21
581,563,267,16,1,377.47,2025-01-29
582,306,102,47,5,1254.95,2026-07-01
583,224,499,15,1,434.56,2024-12-30
584,333,8,22,4,1295.19,2025-01-26
585,406,405,32,5,1503.27,2026-03-05
586,596,402,89,1,485.04,2025-03-16
587,159,191,99,8,2803.48,2026-06-30
588,512,47,88,2,278.77,2025-03-20
589,993,389,81,10,1824.43,2024-07-28
590,661,79,90,1,48.69,2024-10-09
591,129,250,30,9,3599.13,2024-12-25
592,808,331,97,6,2947.23,2026-01-29
593,450,376,25,6,2439.91,2026-06-20
594,367,371,18,1,350.84,2026-04-28
595,497,362,57,5,2256.79,2024-10-24
596,714,251,25,9,1453.17,2025-05-02
597,357,166,94,10,1095.81,2026-01-22
598,852,307,71,8,1217.25,2025-12-15
599,159,231,38,3,159.18,2026-03-14
600,465,1,100,5,1399.85,2025-05-24
601,190,453,3,9,1817.47,2025-01-20
602,795,318,31,10,4312.78,2024-12-25
603,675,496,69,6,2196.49,2026-01-12
604,700,255,99,7,777.96,2025-04-30
605,290,166,53,9,845.85,2025-10-23
606,536,338,9,6,438.14,2025-11-18
607,133,92,5,1,420.89,2025-04-06
608,197,51,5,4,285.55,2026-07-07
609,398,337,63,10,3280.41,2024-11-19
610,605,132,7,9,2875.55,2026-06-05
611,736,37,2,6,755.68,2026-05-11
612,951,456,11,4,1339.04,2024-10-27
613,63,185,72,8,3235.92,2025-05-31
614,814,363,8,7,2902.01,2025-09-20
615,42,376,10,10,1475.92,2026-01-01
616,222,492,67,5,287.04,2026-04-15
617,237,273,50,2,137.18,2025-12-07
618,673,128,73,4,450.79,2025-12-19
619,572,213,96,3,864.13,2026-02-09
620,591,184,87,2,775.63,2025-11-21
621,438,453,14,8,2857.79,2025-01-13
622,564,206,65,3,1201.14,2024-12-19
623,547,308,57,6,2013.69,2025-01-24
624,564,167,48,6,2719.16,2026-03-24
625,441,423,93,7,2707.66,2024-08-18
626,577,280,28,6,1872.23,2026-04-02
627,949,382,33,7,2712.78,2025-01-09
628,459,492,51,6,2889.56,2026-05-19
629,292,306,3,1,368.63,2024-07-24
630,912,155,1,9,763.57,2025-11-04
631,220,439,41,5,2462.55,2025-08-21
632,966,354,36,1,390.33,2025-08-20
633,585,475,74,9,2388.69,2025-04-29
634,472,183,20,3,195.77,2025-01-15
635,911,299,32,3,441.58,2025-09-22
636,308,48,74,4,571.99,2024-10-17
637,223,376,10,7,2052.06,2024-12-10
638,178,250,89,6,2403.56,2026-03-29
639,98,305,83,10,4133.67,2025-05-24
640,828,296,49,5,189.69,2026-02-14
641,944,395,43,2,788.92,2025-12-03
642,445,214,16,6,2653.8,2025-01-10
643,870,309,2,4,1515.54,2026-06-17
644,537,22,41,7,321.87,2025-08-08
645,335,258,90,9,2620.42,2025-09-25
646,690,375,51,4,374.14,2025-05-07
647,590,259,12,8,3050.91,2024-08-21
648,806,202,19,4,909.32,2025-02-02
649,488,293,96,3,544.08,2025-07-29
650,269,44,52,1,283.11,2024-10-04
651,715,67,98,9,2057.0,2024-11-30
652,203,250,51,3,752.53,2024-12-17
653,631,377,68,10,1141.28,2026-05-26
654,273,398,56,4,545.24,2025-07-13
655,590,46,15,6,2092.05,2025-03-24
656,357,98,42,7,1563.1,2024-09-07
657,25,395,40,6,1830.37,2025-09-17
658,632,421,57,3,1482.22,2025-11-26
659,46,474,30,10,899.93,2025-10-19
660,160,388,94,4,1395.89,2026-02-24
661,56,125,80,2,147.88,2025-06-15
662,840,148,2,3,1311.0,2026-03-10
663,114,157,58,6,2118.13,2024-11-08
664,215,379,69,8,247.35,2025-12-03
665,536,385,34,4,471.3,2026-04-30
666,748,73,89,9,2266.67,2025-04-20
667,928,340,68,1,200.77,2026-02-24
668,62,146,26,1,142.62,2026-05-09
669,477,336,2,10,1502.15,2025-06-04
670,278,340,85,2,413.1,2025-08-16
671,20,150,84,6,2609.13,2024-11-27
672,390,261,91,7,916.73,2025-02-11
673,497,444,77,2,907.72,2025-03-04
674,204,257,59,9,560.25,2025-06-03
675,23,21,32,9,4181.83,2025-04-30
676,502,202,96,9,1497.29,2025-10-20
677,701,181,46,3,86.46,2026-03-01
678,514,142,8,5,666.89,2026-03-31
679,912,418,4,5,2208.83,2025-01-27
680,231,78,44,9,4280.18,2026-03-21
681,90,374,49,7,2347.29,2025-09-24
682,628,447,81,9,4329.82,2025-09-26
683,587,79,55,4,881.28,2024-12-29
684,338,230,70,5,2283.36,2024-12-18
685,142,298,70,3,357.73,2026-04-05
686,317,353,91,4,1736.17,2025-12-28
687,441,466,99,9,4109.31,2024-12-28
688,579,470,21,3,1004.97,2024-09-08
689,546,486,93,6,315.3,2024-07-25
690,860,451,19,2,216.77,2025-02-08
691,902,499,53,1,387.41,2024-10-19
692,764,479,82,7,1159.25,2025-10-16
693,193,55,17,5,464.7,2024-07-25
694,627,316,35,3,97.73,2025-08-11
695,237,306,30,10,2921.81,2025-05-18
696,368,41,89,4,1399.77,2024-12-26
697,867,310,61,8,674.89,2025-07-27
698,397,252,61,6,649.85,2025-04-17
699,232,17,53,3,295.85,2025-05-05
700,974,212,29,1,464.21,2025-08-25
701,68,91,57,4,1534.93,2024-12-18
702,333,444,59,10,2551.73,2026-06-16
703,795,22,78,4,900.91,2026-06-09
704,404,314,96,7,2559.88,2025-02-02
705,538,329,91,10,3050.27,2025-11-28
706,463,234,6,1,269.91,2026-04-11
707,406,377,6,4,1075.91,2024-10-29
708,784,323,7,9,1853.56,2025-07-30
709,408,453,39,4,639.06,2024-07-12
710,433,151,79,5,1207.23,2025-01-31
711,926,73,60,1,351.18,2026-03-05
712,513,58,24,8,507.29,2024-08-03
713,713,280,18,10,4701.64,2025-09-05
714,462,13,23,7,1529.56,2026-03-05
715,730,459,26,8,2426.81,2025-02-18
716,332,355,84,8,506.29,2025-05-22
717,127,47,15,3,1094.46,2025-12-31
718,88,269,91,8,2594.84,2025-02-25
719,999,262,79,7,2582.3,2024-11-10
720,390,23,99,3,605.3,2025-05-24
721,580,447,85,3,1373.64,2025-12-09
722,149,92,99,3,293.46,2026-02-10
723,317,374,99,1,221.4,2024-12-12
724,186,61,17,8,1268.92,2026-07-02
725,784,130,2,4,86.78,2024-12-05
726,511,279,1,8,2070.89,2025-10-07
727,244,112,76,10,4436.97,2025-03-10
728,453,41,77,8,1902.36,2025-09-24
729,904,281,36,10,231.55,2026-05-05
730,840,423,27,10,3217.45,2026-01-29
731,57,335,45,1,108.72,2025-02-04
732,34,342,74,1,89.78,2024-10-21
733,943,45,7,10,1632.52,2025-02-16
734,183,83,87,2,440.28,2024-11-24
735,709,359,77,5,1566.62,2025-10-20
736,182,495,59,10,3979.08,2025-11-06
737,37,48,99,10,1928.91,2024-11-05
738,920,195,9,5,874.77,2025-10-05
739,67,150,61,7,2973.52,2026-06-26
740,881,141,43,3,235.71,2026-03-31
741,215,357,27,9,1967.43,2026-01-10
742,586,374,81,10,479.29,2026-02-06
743,496,371,89,9,4444.66,2025-12-25
744,724,148,55,10,4682.68,2024-10-21
745,266,270,74,10,4269.43,2024-09-07
746,133,315,73,10,1898.5,2025-05-05
747,648,255,64,8,2155.67,2026-06-13
748,239,363,38,3,1332.48,2024-07-08
749,25,239,81,4,83.04,2024-10-25
750,213,410,79,2,747.97,2025-04-07
751,342,180,72,7,1531.18,2024-09-15
752,207,354,37,4,101.69,2025-11-24
753,316,154,65,5,1996.47,2025-02-13
754,7,59,88,9,1579.35,2025-01-09
755,742,292,79,6,1103.12,2025-06-07
756,199,170,44,1,419.38,2024-11-23
757,817,19,83,8,3678.07,2025-12-04
758,643,236,69,3,753.35,2026-01-10
759,834,212,96,6,1451.91,2025-05-21
760,307,290,93,1,420.85,2025-01-25
761,20,107,74,6,1718.91,2026-03-05
762,910,408,46,6,2422.66,2024-12-16
763,288,431,4,2,970.83,2025-04-16
764,642,274,22,6,2952.82,2025-12-09
765,192,305,15,10,3107.31,2026-04-29
766,323,364,5,5,1792.64,2025-05-21
767,509,450,31,5,1093.29,2024-11-20
768,974,155,28,6,1421.49,2024-09-24
769,115,192,5,9,1486.02,2025-02-01
770,455,260,4,4,1833.64,2026-03-10
771,158,98,44,8,3635.03,2026-02-19
772,537,159,100,8,2972.57,2025-11-01
773,893,51,67,6,532.69,2026-02-20
774,38,236,50,3,355.47,2026-03-27
775,319,478,6,9,680.41,2025-06-30
776,342,240,6,10,4385.0,2024-08-08
777,675,382,40,2,539.75,2025-04-15
778,320,328,27,1,297.23,2026-05-19
779,294,142,69,6,697.6,2025-11-20
780,688,61,35,6,2345.63,2024-07-25
781,118,8,80,3,286.79,2025-11-25
782,212,278,45,9,2400.74,2025-04-27
783,145,483,91,9,1555.85,2025-12-07
784,176,37,40,5,1477.8,2025-06-30
785,554,228,7,10,4482.77,2026-03-06
786,925,346,7,3,101.75,2025-10-22
787,89,219,51,2,408.26,2024-10-10
788,913,304,81,3,1074.74,2024-11-27
789,320,171,26,8,2526.65,2026-05-16
790,945,387,98,9,519.32,2024-09-19
791,96,417,90,8,2340.31,2025-07-27
792,318,351,83,8,533.49,2024-09-12
793,971,115,19,8,1966.9,2026-01-29
794,373,201,24,10,1438.65,2025-07-23
795,904,167,59,6,2391.68,2026-02-05
796,487,58,45,8,276.21,2025-04-29
797,175,145,99,8,1931.17,2025-09-12
798,131,261,14,6,1860.79,2025-02-17
799,816,55,42,7,2886.98,2025-11-19
800,812,155,69,9,2985.63,2025-10-31
801,424,123,80,8,1699.14,2026-06-19
802,998,247,50,4,1132.06,2025-05-23
803,834,356,76,2,,2024-08-03
804,446,291,44,7,2775.29,2026-05-13
805,178,340,86,9,3178.66,2026-06-10
806,729,294,63,2,749.79,2024-09-06
807,475,167,72,2,608.48,2025-05-21
808,181,158,52,2,829.14,2026-05-19
809,702,417,77,2,614.33,2025-06-04
810,661,339,8,7,1240.09,2025-12-27
811,143,455,75,2,248.91,2025-10-09
812,677,77,58,1,383.4,2024-11-22
813,631,296,58,9,1439.29,2026-01-22
814,899,163,39,4,474.87,2026-02-16
815,696,156,56,10,4012.86,2026-03-26
816,597,5,79,6,2972.03,2026-05-15
817,131,437,38,9,1926.13,2025-02-25
818,563,496,7,1,197.23,2025-11-11
819,841,184,15,1,357.61,2025-10-31
820,241,222,90,5,2177.63,2026-04-05
821,326,365,49,10,2092.49,2024-11-25
822,559,109,85,7,1422.06,2025-01-21
823,193,285,50,3,743.81,2025-02-03
824,158,148,86,6,2539.09,2025-03-20
825,74,332,3,3,253.36,2025-05-16
826,499,337,56,3,1098.73,2025-02-04
827,658,413,54,3,181.92,2025-10-29
828,713,310,55,8,3591.36,2025-11-18
829,522,218,71,10,1063.03,2025-08-27
830,232,96,55,8,1637.3,2025-02-17
831,511,434,94,10,235.66,2025-02-09
832,276,211,70,4,1447.29,2024-12-02
833,39,291,62,10,1961.46,2025-09-05
834,494,493,89,6,445.91,2026-01-21
835,749,270,97,2,176.4,2025-06-26
836,81,268,79,5,1215.85,2025-01-09
837,646,380,85,2,275.42,2025-05-23
838,553,409,75,2,696.71,2026-06-05
839,926,176,69,5,1571.29,2026-07-04
840,525,464,61,1,245.06,2026-02-04
841,432,181,38,10,3722.31,2026-05-22
842,712,473,77,5,502.02,2025-02-16
843,578,134,8,5,1844.73,2025-08-18
844,587,27,85,8,2380.06,2025-07-31
845,640,14,37,5,2041.35,2025-06-30
846,518,40,36,8,476.84,2026-05-12
847,288,141,33,5,418.09,2024-09-17
848,619,90,76,1,375.89,2026-02-26
849,379,414,23,3,1009.18,2025-05-29
850,242,249,24,5,1978.07,2025-08-02
851,352,44,19,9,3903.9,2025-03-22
852,158,429,64,10,4682.92,2024-09-24
853,244,339,57,7,2728.44,2025-01-29
854,752,432,45,3,363.63,2024-09-15
855,774,420,15,1,328.29,2024-09-02
856,409,244,39,1,100.45,2025-11-30
857,771,473,69,8,3025.22,2025-08-30
858,723,200,61,4,809.22,2025-08-21
859,892,223,2,5,448.36,2024-08-29
860,460,196,87,5,2325.33,2024-11-14
861,700,490,6,6,2889.88,2026-01-27
862,653,182,56,2,921.0,2025-09-26
863,879,140,43,10,4606.6,2024-09-02
864,101,131,84,5,741.01,2025-09-27
865,792,346,96,10,2077.54,2025-04-21
866,603,395,25,4,1489.88,2026-03-17
867,707,93,41,9,1637.6,2025-09-29
868,9,426,9,9,225.7,2025-05-21
869,538,54,88,1,217.4,2024-09-20
870,743,146,33,8,1509.82,2024-11-01
871,635,48,8,4,145.36,2025-03-19
872,856,112,77,10,3351.71,2025-02-18
873,123,45,78,2,719.75,2025-08-31
874,783,461,83,3,601.38,2025-03-15
875,190,459,15,10,4055.36,2024-10-28
876,479,339,10,3,424.8,2025-03-14
877,284,394,55,8,3703.15,2024-11-29
878,800,38,36,6,861.13,2026-04-20
879,341,31,34,1,203.74,2025-04-29
880,72,252,26,5,527.03,2024-07-18
881,661,252,14,10,2084.65,2025-08-29
882,442,112,79,3,838.51,2026-05-11
883,733,133,14,2,916.1,2024-12-21
884,586,373,33,1,55.0,2025-06-08
885,510,77,84,8,232.06,2026-03-15
886,681,200,35,1,467.79,2025-03-19
887,927,201,74,3,1068.08,2025-08-04
888,963,395,63,1,267.38,2026-02-11
889,865,373,100,8,1834.46,2025-11-29
890,4,197,89,2,558.52,2025-07-23
891,549,479,46,8,625.42,2025-08-05
892,411,29,81,6,2083.69,2025-02-09
893,874,492,44,2,390.74,2025-09-21
894,779,393,38,2,847.53,2025-04-09
895,41,496,50,4,419.11,2026-02-28
896,400,459,14,4,653.83,2026-01-15
897,907,324,57,6,1521.13,2025-08-06
898,198,13,93,4,348.69,2024-12-08
899,399,33,70,10,1344.73,2024-10-11
900,989,428,58,5,1299.24,2025-03-12
901,58,173,93,1,37.78,2026-04-01
902,217,414,84,1,214.64,2026-04-19
903,695,446,69,9,2160.16,2026-06-26
904,239,474,10,3,1127.11,2026-06-07
905,501,335,3,1,373.02,2025-07-04
906,634,24,32,8,3643.57,2024-08-09
907,648,26,40,3,80.69,2024-10-17
908,175,428,76,2,477.94,2026-02-07
909,109,59,64,2,825.09,2024-11-04
910,226,33,26,10,4036.04,2025-04-01
911,856,378,87,7,1273.47,2025-07-15
912,1000,351,74,7,1229.43,2025-11-13
913,857,494,28,9,773.26,2024-08-13
914,344,33,16,1,304.68,2026-02-03
915,426,87,90,5,438.97,2025-05-29
916,450,125,75,6,1713.81,2025-01-28
917,811,434,81,1,84.02,2025-06-08
918,162,9,63,10,2005.43,2025-09-14
919,184,475,12,2,46.1,2024-08-08
920,427,356,99,10,4457.19,2025-01-13
921,212,74,82,8,2818.66,2025-09-04
922,422,123,23,5,1355.41,2026-02-07
923,611,93,92,10,3520.03,2025-11-21
924,91,322,39,8,2510.27,2024-10-12
925,572,121,25,6,1326.1,2025-09-09
926,98,317,47,2,987.14,2026-05-23
927,476,395,81,9,2372.58,2025-05-27
928,199,58,20,4,610.74,2024-11-28
929,164,344,6,8,2070.46,2025-04-01
930,292,108,56,1,329.53,2025-08-23
931,825,456,98,5,902.31,2026-01-31
932,759,27,69,8,326.34,2025-11-08
933,30,249,66,3,287.59,2025-06-29
934,241,370,57,2,108.03,2026-04-20
935,430,102,96,10,2982.86,2025-07-04
936,113,167,30,6,782.58,2025-11-21
937,423,446,26,2,267.63,2025-10-19
938,76,242,75,-5,3134.99,2024-08-25
939,447,75,28,8,368.66,2026-01-08
940,397,192,18,10,2383.96,2026-05-09
941,648,184,35,8,2924.11,2025-07-26
942,33,355,73,4,724.91,2025-09-30
943,114,437,60,1,154.69,2025-12-24
944,779,176,29,8,1765.98,2025-05-25
945,809,407,82,5,1548.73,2025-04-24
946,592,497,71,10,4546.77,2025-05-14
947,878,268,63,4,246.03,2024-08-13
948,858,237,36,4,1215.84,2025-07-12
949,754,447,32,1,370.41,2025-04-14
950,594,114,76,4,708.41,2026-05-14
951,920,3,54,3,1375.81,2025-04-25
952,482,376,99,1,39.23,2025-05-30
953,544,202,62,9,325.24,2024-10-09
954,247,43,72,2,474.34,2024-10-20
955,417,487,28,1,352.72,2025-09-07
956,245,332,12,3,576.1,2024-10-18
957,313,83,91,1,250.3,2025-10-14
958,766,299,4,8,3454.42,2024-07-23
959,142,448,91,8,1940.84,2025-09-30
960,893,190,81,7,761.42,2026-05-07
961,2,441,81,8,2862.98,2026-02-15
962,708,171,68,2,409.48,2025-10-02
963,771,139,90,1,162.36,2026-04-05
964,814,107,88,10,2803.69,2025-06-14
965,344,377,8,2,635.64,2026-04-20
966,691,187,7,9,4263.79,2024-09-30
967,477,317,6,2,407.64,2026-01-08
968,664,287,91,6,1175.33,2026-02-04
969,793,105,18,2,578.33,2025-04-20
970,117,333,62,6,807.26,2026-04-14
971,720,108,97,10,4381.43,2026-01-25
972,920,137,65,4,695.29,2025-06-02
973,65,191,45,7,1071.21,2026-02-09
974,540,425,16,8,2027.11,2025-02-01
975,695,423,69,8,2885.73,2024-11-11
976,377,410,87,5,1184.75,2025-10-18
977,906,235,12,2,220.82,2024-12-10
978,184,148,10,2,415.06,2026-06-19
979,115,357,19,2,198.18,2024-10-03
980,210,267,81,8,737.91,2026-03-30
981,993,350,70,1,160.72,2025-04-29
982,431,228,95,3,742.42,2026-04-09
983,65,12,30,1,159.93,2025-02-10
984,422,297,44,9,2964.98,2024-10-04
985,682,357,68,-5,1520.11,2025-07-15
986,312,291,17,9,2103.51,2025-06-05
987,267,117,62,5,512.17,2025-11-19
988,789,433,7,6,2915.69,2024-10-28
989,467,490,22,3,568.49,2025-03-17
990,729,275,37,10,4635.83,2025-11-06
991,860,363,89,3,1461.42,2025-02-02
992,120,22,41,3,292.21,2026-02-26
993,267,190,24,10,807.07,2026-05-19
994,36,341,41,4,1159.98,2025-05-21
995,460,277,21,6,546.08,2025-10-14
996,943,13,52,9,1482.74,2025-12-05
997,971,235,41,8,3111.11,2025-04-11
998,757,280,65,3,66.18,2025-05-02
999,303,243,38,6,1984.06,2026-01-28
1000,819,290,94,10,3401.06,2025-01-08
1001,116,375,62,8,1460.55,2025-05-07
1002,565,60,40,1,86.92,2026-04-25
1003,862,113,58,1,212.78,2025-10-27
1004,57,312,83,6,386.35,2025-02-20
1005,228,401,99,4,1200.19,2025-09-07
1006,86,276,58,5,569.72,2026-02-22
1007,404,100,63,2,976.81,2025-06-02
1008,524,484,8,6,1857.13,2025-02-22
1009,734,438,55,6,1264.97,2026-02-25
1010,13,146,45,6,1232.0,2024-11-20
1011,457,448,72,6,1007.29,2025-06-25
1012,910,228,95,2,247.07,2025-05-16
1013,296,84,94,7,2840.38,2024-12-14
1014,425,72,76,7,2588.11,2026-03-10
1015,213,156,61,10,613.17,2025-04-12
1016,68,478,76,9,4442.28,2026-05-03
1017,420,328,35,7,437.19,2026-02-27
1018,474,364,73,7,727.64,2025-03-15
1019,853,196,38,3,346.93,2024-08-29
1020,843,424,39,9,2299.33,2025-08-03
1021,573,379,60,10,1658.79,2024-08-08
1022,3,79,34,4,131.53,2025-04-27
1023,855,326,61,5,2394.46,2024-12-06
1024,915,148,54,2,667.66,2025-03-24
1025,705,331,32,3,768.32,2024-12-21
1026,284,253,9,1,77.29,2024-11-29
1027,596,247,73,10,3778.71,2025-12-25
1028,644,352,61,7,3057.64,2025-06-17
1029,751,295,3,2,398.27,2026-02-12
1030,60,75,41,5,490.83,2024-08-14
1031,139,183,21,8,3532.74,2025-01-23
1032,430,326,46,1,150.88,2026-01-17
1033,543,328,10,1,159.13,2025-06-21
1034,644,94,98,9,1017.28,2024-08-20
1035,172,279,42,2,614.81,2026-02-26
1036,702,410,39,6,2501.25,2024-11-29
1037,705,186,13,5,1745.06,2025-12-20
1038,844,74,2,9,2685.8,2025-12-13
1039,382,399,63,3,806.17,2025-03-10
1040,933,84,14,7,1283.45,2026-05-19
1041,227,426,25,4,376.75,2025-05-13
1042,852,488,68,9,2830.01,2025-07-14
1043,720,388,15,9,3258.2,2025-08-05
1044,79,60,17,7,1687.25,2025-01-07
1045,320,354,47,1,250.17,2026-02-02
1046,912,306,67,3,1236.54,2024-10-30
1047,312,15,96,6,615.96,2026-02-08
1048,878,356,19,2,253.46,2026-06-28
1049,215,67,11,4,670.26,2026-03-12
1050,803,58,10,7,2461.15,2025-06-22
1051,776,221,6,1,391.85,2024-10-03
1052,813,338,66,4,287.01,2025-09-21
1053,122,466,33,10,484.47,2026-06-22
1054,684,6,97,1,51.8,2026-05-27
1055,943,309,27,2,791.08,2024-11-22
1056,190,344,45,10,4525.64,2024-11-11
1057,867,383,36,1,63.57,2024-11-03
1058,165,438,65,10,1869.62,2024-08-16
1059,584,35,13,10,1360.75,2025-04-15
1060,542,112,92,10,3863.57,2024-11-07
1061,176,462,97,4,1931.39,2026-06-26
1062,743,51,28,9,198.7,2025-08-06
1063,487,188,90,9,3857.6,2024-10-24
1064,690,491,14,10,1088.6,2024-11-27
1065,389,218,28,3,1262.03,2026-05-15
1066,116,390,41,9,1163.03,2026-03-30
1067,533,70,64,2,487.27,2025-08-28
1068,571,370,6,6,2149.63,2026-07-06
1069,119,198,37,2,354.99,2024-08-24
1070,320,352,57,8,2465.5,2026-02-28
1071,298,438,55,4,1143.52,2026-05-20
1072,917,431,61,4,1725.01,2025-09-02
1073,691,252,87,6,636.38,2024-10-07
1074,536,338,87,2,420.51,2025-04-06
1075,405,206,89,2,154.45,2025-10-15
1076,760,474,22,10,4892.34,2025-09-11
1077,204,174,26,2,389.16,2024-09-20
1078,414,63,30,10,4251.34,2025-10-02
1079,286,392,92,7,2576.67,2024-09-24
1080,775,405,83,10,3049.52,2025-03-31
1081,683,309,52,7,1336.49,2025-02-23
1082,151,394,59,8,2123.83,2024-12-25
1083,502,255,30,2,157.3,2025-02-02
1084,756,28,9,3,102.8,2025-09-05
1085,996,92,49,8,2763.93,2026-01-21
1086,157,156,80,10,3460.18,2024-10-10
1087,79,339,97,10,662.4,2024-07-31
1088,812,239,26,9,3495.91,2025-08-18
1089,503,259,34,5,1689.02,2025-09-01
1090,881,277,70,9,1664.42,2026-02-27
1091,33,221,16,1,477.24,2025-03-29
1092,874,193,57,7,1652.39,2025-08-03
1093,182,286,85,8,298.17,2025-07-25
1094,169,252,56,5,2223.28,2025-10-07
1095,399,250,98,3,509.94,2025-02-27
1096,503,338,71,2,586.1,2026-03-06
1097,488,288,21,9,2651.95,2024-07-17
1098,270,254,76,9,420.78,2024-12-13
1099,362,393,37,7,2212.92,2025-01-24
1100,605,24,17,6,296.9,2026-02-02
1101,760,299,4,6,1124.77,2024-10-27
1102,439,177,46,6,1216.05,2025-08-10
1103,678,126,32,7,1320.26,2026-01-12
1104,607,44,89,4,1324.32,2026-03-02
1105,118,173,22,2,874.18,2025-03-24
1106,39,236,85,1,278.44,2025-05-23
1107,924,216,35,7,2048.65,2024-12-08
1108,603,12,41,1,354.06,2024-07-15
1109,331,294,13,7,2056.39,2024-08-11
1110,692,106,44,8,544.22,2026-04-22
1111,784,342,44,8,2090.63,2024-12-27
1112,373,497,56,3,945.35,2025-12-20
1113,868,499,10,4,1034.15,2026-05-22
1114,272,25,39,9,1104.83,2024-10-30
1115,232,320,96,10,2129.73,2026-03-22
1116,593,49,76,2,729.0,2024-08-15
1117,581,411,68,6,907.29,2025-09-29
1118,356,408,10,8,1800.09,2024-09-21
1119,308,222,85,5,1311.13,2026-07-06
1120,425,206,33,9,1533.68,2026-07-03
1121,688,391,71,10,2673.77,2026-02-05
1122,643,361,67,3,1328.49,2025-09-02
1123,219,339,96,3,890.65,2024-09-11
1124,654,273,79,8,1188.87,2025-12-27
1125,745,321,8,7,3280.38,2026-04-02
1126,474,76,31,9,1046.8,2025-07-29
1127,784,154,56,3,1134.86,2025-07-15
1128,851,467,9,7,1210.67,2024-10-14
1129,274,422,37,4,1704.26,2026-04-19
1130,616,121,52,3,429.28,2025-02-18
1131,197,15,32,4,298.03,2026-05-05
1132,574,224,55,5,1213.98,2025-12-24
1133,280,70,4,1,116.96,2025-07-07
1134,285,338,71,5,1995.21,2024-08-28
1135,44,494,93,3,987.78,2026-02-15
1136,57,441,11,8,3163.78,2024-07-16
1137,888,33,53,6,1852.61,2026-06-24
1138,907,47,51,6,2054.42,2025-06-17
1139,585,377,65,3,399.9,2024-08-26
1140,849,298,100,2,541.08,2025-06-27
1141,906,47,31,9,1267.81,2025-06-28
1142,827,161,43,10,786.93,2024-09-15
1143,826,384,96,10,3738.73,2024-08-08
1144,224,74,14,4,1876.16,2024-11-07
1145,282,226,53,3,368.32,2026-07-08
1146,58,252,69,5,2170.96,2026-01-01
1147,116,163,70,6,2134.9,2024-08-29
1148,253,494,36,7,1735.51,2025-11-08
1149,733,189,40,3,582.72,2025-09-19
1150,927,311,5,1,329.79,2025-01-03
1151,808,344,31,1,351.53,2025-10-20
1152,317,328,90,5,1426.55,2026-06-12
1153,702,63,69,6,2721.09,2024-10-21
1154,398,5,51,4,1726.68,2024-09-14
1155,959,422,97,5,822.13,2025-03-10
1156,881,456,21,4,651.05,2025-03-10
1157,901,416,99,8,2584.39,2024-08-18
1158,281,444,11,7,2792.11,2024-10-29
1159,423,475,43,8,1968.99,2026-03-08
1160,840,52,21,7,3085.92,2025-02-01
1161,361,216,78,5,1315.2,2024-08-09
1162,465,356,4,9,3367.23,2025-10-23
1163,189,323,57,1,327.86,2024-08-01
1164,205,322,40,3,64.43,2025-09-16
1165,114,81,32,6,1778.33,2026-05-24
1166,787,426,84,9,3262.6,2026-01-31
1167,703,211,41,3,1279.62,2025-07-02
1168,753,69,34,8,1996.92,2026-01-13
1169,847,168,37,3,1049.95,2025-08-13
1170,377,94,51,4,242.05,2026-05-03
1171,906,293,29,7,3314.38,2025-01-01
1172,946,286,83,1,475.09,2026-04-10
1173,929,46,60,10,3207.81,2024-08-25
1174,873,87,7,4,582.62,2025-07-03
1175,615,134,20,7,2216.49,2025-09-07
1176,175,485,73,2,959.71,2024-09-30
1177,539,223,99,2,53.55,2025-03-24
1178,507,61,29,8,3336.67,2026-06-09
1179,883,417,35,4,445.84,2025-04-24
1180,392,67,56,5,1891.46,2025-04-25
1181,844,145,94,4,1232.16,2024-07-24
1182,419,406,19,4,883.2,2026-01-02
1183,269,121,80,1,159.29,2025-06-14
1184,379,299,88,8,3644.14,2025-08-12
1185,481,69,42,8,489.24,2026-05-10
1186,731,197,91,7,2447.82,2025-12-25
1187,263,38,13,7,2613.31,2025-05-12
1188,341,477,31,9,433.81,2026-06-04
1189,621,481,86,8,3647.59,2024-12-31
1190,830,24,1,10,3605.92,2024-08-30
1191,391,155,51,5,1310.9,2026-05-02
1192,914,287,6,6,500.85,2026-01-03
1193,174,258,64,10,1060.99,2026-01-18
1194,136,46,41,6,2648.34,2025-09-05
1195,267,60,41,9,2050.26,2025-10-16
1196,512,447,36,1,489.69,2026-03-25
1197,290,463,34,6,2787.56,2025-10-12
1198,949,136,67,10,4182.03,2025-02-18
1199,169,162,95,6,1375.03,2025-10-09
1200,155,285,85,8,3092.51,2025-10-19
1201,153,28,30,8,364.37,2025-01-06
1202,267,84,91,3,111.64,2025-09-26
1203,917,475,64,8,1835.89,2025-02-13
1204,727,288,63,1,231.93,2025-04-25
1205,867,369,19,8,2053.08,2025-08-26
1206,209,445,37,2,375.62,2025-02-27
1207,768,261,35,3,1262.33,2025-02-09
1208,600,109,75,10,4476.29,2025-02-12
1209,585,93,54,1,272.49,2026-02-11
1210,511,347,13,2,276.31,2025-07-29
1211,698,349,16,6,194.77,2026-01-19
1212,952,488,14,7,1395.16,2025-07-15
1213,84,236,91,6,562.87,2024-07-20
1214,979,138,77,8,1903.57,2024-07-21
1215,45,336,80,1,178.12,2026-01-08
1216,750,376,73,8,1407.68,2025-09-30
1217,50,411,83,3,364.37,2025-08-12
1218,57,381,10,5,875.61,2024-07-31
1219,391,48,52,9,4292.21,2025-09-09
1220,989,395,52,5,527.23,2025-02-06
1221,214,84,50,2,59.69,2025-06-03
1222,771,489,84,7,1097.38,2025-08-10
1223,503,411,56,3,233.67,2026-04-05
1224,618,68,46,5,2268.96,2024-07-22
1225,525,103,63,2,838.77,2025-03-14
1226,488,138,73,8,3559.99,2025-09-03
1227,775,217,48,10,2230.74,2025-05-13
1228,646,219,12,10,1094.51,2025-08-18
1229,997,238,87,1,266.4,2025-05-24
1230,731,80,64,4,1323.41,2024-11-06
1231,538,43,38,9,2899.7,2025-12-17
1232,929,411,62,8,1839.45,2026-05-09
1233,131,351,39,5,456.66,2025-10-26
1234,303,292,7,4,1084.34,2026-06-04
1235,47,263,14,9,510.62,2024-11-09
1236,97,238,85,9,2015.63,2024-12-05
1237,364,131,75,10,4101.56,2026-06-03
1238,17,59,95,2,777.9,2026-06-05
1239,187,432,51,8,849.48,2025-04-04
1240,898,361,39,1,59.98,2025-10-03
1241,466,388,86,6,1811.16,2025-09-26
1242,272,175,24,8,2555.43,2025-09-27
1243,765,310,34,4,435.37,2025-09-24
1244,19,3,51,2,456.45,2024-08-08
1245,672,245,59,2,52.77,2026-01-06
1246,989,382,78,7,3059.1,2025-10-14
1247,833,499,79,8,1322.75,2024-12-26
1248,987,354,87,6,2109.11,2026-04-28
1249,90,65,18,7,2843.59,2025-09-29
1250,836,9,90,1,111.58,2025-01-07
1251,215,247,84,4,1729.3,2026-05-10
1252,447,432,81,3,995.63,2025-03-12
1253,309,395,60,9,1004.75,2024-10-03
1254,23,60,22,3,742.54,2026-01-31
1255,456,494,63,3,1123.84,2024-12-07
1256,461,300,32,8,235.37,2025-12-25
1257,850,427,51,4,646.08,2026-03-17
1258,106,323,92,1,180.25,2025-07-16
1259,869,254,95,7,3431.08,2025-11-22
1260,568,149,5,10,3060.03,2025-09-26
1261,526,303,93,8,1694.77,2025-05-20
1262,927,419,63,10,4689.35,2025-10-07
1263,541,10,55,4,1451.44,2025-07-23
1264,66,138,83,10,1716.08,2025-07-18
1265,120,254,80,7,3127.51,2026-03-09
1266,447,11,21,6,1411.18,2025-05-04
1267,481,177,57,5,1842.9,2026-04-04
1268,602,466,88,4,1054.66,2024-11-27
1269,874,432,92,6,2774.6,2025-06-14
1270,301,371,92,8,663.65,2025-03-16
1271,854,482,87,7,3364.94,2026-06-24
1272,819,498,21,6,2412.4,2026-02-01
1273,708,384,12,10,1194.6,2025-02-13
1274,205,81,78,8,655.73,2025-03-18
1275,426,483,64,8,547.47,2026-02-09
1276,571,25,3,5,663.33,2025-11-20
1277,366,347,21,6,2657.01,2025-03-03
1278,916,258,5,3,1252.25,2024-12-04
1279,117,317,30,2,364.23,2024-12-22
1280,499,133,44,2,579.5,2025-02-22
1281,789,450,72,6,2335.8,2025-10-28
1282,874,354,66,5,2251.16,2024-11-28
1283,724,26,57,10,3413.53,2024-12-07
1284,774,57,14,8,3856.56,2024-11-14
1285,879,486,14,10,3126.35,2026-01-25
1286,108,86,81,9,361.31,2026-05-14
1287,933,186,21,2,876.03,2025-04-02
1288,781,260,64,5,1799.59,2025-10-25
1289,373,172,18,2,188.12,2024-12-12
1290,450,497,54,2,854.65,2026-06-22
1291,829,243,44,1,137.75,2025-04-02
1292,88,137,48,5,1312.05,2024-12-21
1293,681,126,20,7,1351.76,2024-08-30
1294,234,71,55,9,2001.84,2026-03-02
1295,920,235,67,7,3224.55,2024-10-13
1296,454,75,99,6,2837.97,2025-05-12
1297,530,484,9,1,364.46,2026-01-03
1298,412,396,22,2,364.77,2024-10-07
1299,778,19,85,7,346.53,2025-09-07
1300,60,324,92,3,1359.62,2026-02-22
1301,430,206,88,9,4381.9,2026-05-11
1302,739,381,41,9,3953.72,2025-05-08
1303,287,461,68,6,142.76,2025-12-27
1304,718,207,58,10,4618.16,2024-10-15
1305,640,404,80,4,1784.15,2025-05-13
1306,909,416,84,8,2838.29,2025-07-11
1307,903,155,11,7,2745.35,2024-09-08
1308,400,372,93,1,277.97,2025-10-30
1309,554,146,28,3,809.48,2026-04-18
1310,320,267,44,2,531.2,2024-09-09
1311,912,408,70,3,93.73,2026-02-10
1312,853,397,39,10,1441.71,2025-06-10
1313,114,375,8,7,3456.17,2024-07-23
1314,520,182,16,6,868.1,2025-02-23
1315,964,64,58,1,383.15,2026-04-27
1316,6,233,44,5,1473.84,2025-03-02
1317,596,290,92,4,1626.34,2025-05-24
1318,240,180,39,9,3828.22,2026-05-18
1319,835,367,74,5,1700.61,2024-07-22
1320,533,378,32,3,1088.67,2026-01-13
1321,597,99,100,2,354.73,2025-02-14
1322,151,365,55,6,1428.41,2024-08-12
1323,64,218,17,7,415.34,2025-07-20
1324,80,190,87,8,984.77,2026-04-01
1325,573,266,100,9,1919.9,2025-07-16
1326,599,256,82,7,3069.97,2026-05-18
1327,706,477,63,7,3488.28,2026-05-12
1328,148,259,17,7,2908.01,2024-10-22
1329,133,496,91,8,2890.82,2025-03-05
1330,121,356,28,9,3909.33,2025-05-28
1331,765,81,72,8,1977.69,2025-03-03
1332,122,309,53,6,2774.49,2025-09-01
1333,586,149,6,2,156.03,2025-11-27
1334,381,157,48,9,842.28,2024-09-21
1335,29,406,19,5,805.56,2026-02-03
1336,432,25,40,3,1188.66,2026-05-22
1337,839,379,63,5,617.4,2025-03-28
1338,358,35,6,1,78.72,2026-01-21
1339,318,290,58,7,1756.75,2025-01-18
1340,487,428,93,6,2370.29,2024-08-28
1341,142,259,82,10,837.49,2026-02-09
1342,684,230,20,8,3084.85,2025-11-15
1343,640,341,80,6,377.23,2024-09-28
1344,922,203,44,7,1441.11,2025-04-08
1345,687,456,57,9,377.94,2026-01-02
1346,887,85,91,5,1650.2,2025-03-10
1347,816,396,91,1,294.56,2025-12-27
1348,127,330,72,5,1446.51,2026-01-04
1349,634,278,74,2,224.73,2025-11-09
1350,535,97,97,1,479.5,2026-05-31
1351,20,62,85,8,2090.13,2025-04-14
1352,20,141,27,9,956.49,2026-06-17
1353,860,455,75,4,1673.01,2025-12-23
1354,547,311,42,8,485.05,2024-10-17
1355,504,442,3,7,2118.68,2025-09-28
1356,425,13,68,6,1378.61,2025-03-08
1357,94,59,13,6,1220.19,2025-01-24
1358,148,94,33,9,906.43,2025-08-23
1359,976,209,87,2,188.06,2025-07-09
1360,985,167,24,3,144.84,2026-01-15
1361,306,200,13,1,362.38,2026-06-12
1362,915,166,34,6,530.29,2025-07-01
1363,922,62,7,7,3303.7,2026-03-25
1364,612,301,31,4,540.08,2025-08-21
1365,517,198,15,8,2113.11,2026-06-18
1366,476,284,53,5,245.52,2024-07-12
1367,418,325,30,2,504.8,2025-03-03
1368,987,301,87,1,149.2,2025-12-11
1369,569,334,17,2,276.46,2024-10-18
1370,457,43,82,5,1463.79,2026-01-15
1371,992,73,48,9,1058.93,2025-08-02
1372,801,126,69,9,4436.53,2026-03-25
1373,569,232,6,7,3370.14,2026-05-22
1374,985,425,80,1,410.07,2025-03-01
1375,172,1,8,5,1667.34,2026-03-05
1376,257,430,88,8,1209.48,2025-12-26
1377,863,324,28,7,3497.45,2025-08-08
1378,289,24,21,10,4235.28,2026-03-09
1379,308,46,51,9,2612.51,2026-01-31
1380,743,285,36,2,837.28,2024-10-25
1381,517,491,41,7,848.46,2025-08-23
1382,771,363,58,6,1949.29,2025-10-15
1383,330,175,27,5,690.23,2025-08-24
1384,337,9,89,8,3842.53,2026-03-11
1385,3,312,61,3,990.88,2025-09-19
1386,689,89,53,1,452.69,2026-07-01
1387,721,251,98,9,4047.56,2025-02-06
1388,807,449,84,7,1948.12,2024-09-29
1389,914,427,86,2,557.1,2025-04-23
1390,362,498,49,8,2741.42,2025-10-21
1391,182,430,99,10,1918.24,2025-09-30
1392,380,480,25,1,79.89,2026-02-18
1393,761,11,98,8,195.96,2026-01-08
1394,727,184,25,5,1733.33,2025-04-19
1395,641,156,92,2,823.63,2025-01-08
1396,506,496,47,4,529.78,2025-08-23
1397,927,361,91,1,154.76,2025-09-27
1398,201,421,82,10,1203.61,2024-08-24
1399,285,292,65,7,512.78,2025-04-22
1400,199,338,95,8,814.63,2025-01-27
1401,618,290,23,10,3426.44,2024-08-02
1402,764,34,17,2,604.64,2024-11-02
1403,877,117,67,5,2340.55,2026-04-21
1404,695,12,89,5,560.44,2025-03-19
1405,698,287,59,9,2834.45,2026-03-06
1406,657,345,84,1,,2025-01-30
1407,331,222,53,1,429.85,2025-01-14
1408,531,239,64,5,392.12,2026-04-02
1409,45,453,93,6,1609.7,2025-09-26
1410,941,216,69,4,170.17,2025-05-20
1411,402,100,43,8,1374.37,2025-01-12
1412,828,13,95,2,884.89,2024-12-24
1413,434,491,10,4,1957.94,2024-11-06
1414,338,160,9,4,458.0,2026-03-05
1415,443,414,4,2,66.76,2024-08-31
1416,958,172,33,10,4026.66,2024-10-05
1417,245,491,44,4,287.05,2025-04-16
1418,533,407,31,1,414.38,2025-01-26
1419,635,225,98,2,784.72,2026-01-12
1420,593,64,11,2,640.33,2026-05-31
1421,387,161,89,1,460.02,2025-08-11
1422,64,471,57,2,791.34,2025-03-16
1423,642,222,9,1,164.71,2026-06-25
1424,573,27,38,2,690.46,2025-12-28
1425,633,386,53,7,1489.66,2024-09-06
1426,807,338,80,4,1740.0,2025-04-19
1427,476,408,55,1,237.64,2025-10-07
1428,348,334,87,10,3172.31,2025-11-20
1429,337,301,25,1,237.96,2025-07-11
1430,610,366,9,2,138.58,2024-08-25
1431,199,464,74,10,3989.2,2025-04-14
1432,263,182,54,3,977.8,2025-12-03
1433,456,96,32,8,2942.55,2024-11-06
1434,62,66,40,3,1207.72,2024-11-11
1435,983,334,97,10,2292.07,2025-03-24
1436,907,278,100,6,1016.22,2025-01-06
1437,317,309,44,3,272.27,2024-08-01
1438,9,266,76,5,985.19,2024-07-08
1439,520,420,72,3,142.54,2025-03-15
1440,201,500,26,1,222.59,2024-09-10
1441,350,97,86,4,1587.71,2025-12-05
1442,479,308,89,8,2827.96,2024-08-11
1443,580,494,43,6,2573.79,2026-02-24
1444,337,84,14,10,1638.23,2024-09-20
1445,933,22,64,8,3524.25,2024-09-02
1446,655,115,89,4,1846.31,2025-08-31
1447,219,123,62,4,975.75,2026-05-25
1448,385,106,52,6,2444.94,2026-03-01
1449,7,186,2,3,1249.56,2025-03-28
1450,569,59,19,2,383.57,2024-11-17
1451,647,300,98,5,1156.98,2026-05-25
1452,31,102,26,6,246.45,2026-02-10
1453,907,135,93,5,517.95,2025-06-16
1454,568,126,23,3,549.34,2025-05-13
1455,864,135,13,4,121.26,2026-04-22
1456,141,195,84,1,419.09,2025-11-06
1457,216,157,59,2,364.85,2026-01-18
1458,382,339,22,4,789.71,2025-05-03
1459,639,452,56,9,4401.08,2025-04-02
1460,904,474,17,2,153.75,2025-09-25
1461,388,356,48,4,448.03,2025-05-04
1462,652,126,6,-5,1846.7,2026-05-25
1463,875,275,38,10,3019.16,2025-03-21
1464,55,323,36,3,531.86,2026-02-08
1465,992,300,63,3,1286.16,2026-05-09
1466,804,241,85,4,1476.41,2026-02-20
1467,521,199,97,10,511.39,2026-05-22
1468,532,238,23,9,1796.83,2025-01-29
1469,539,356,62,6,2171.96,2025-02-01
1470,596,206,82,8,1979.23,2024-11-20
1471,213,113,26,10,3318.74,2024-07-24
1472,406,112,40,8,3474.57,2025-10-07
1473,586,81,48,7,3126.06,2025-02-09
1474,138,385,11,5,1421.32,2024-11-05
1475,361,118,75,5,1166.81,2025-09-24
1476,637,173,55,1,243.32,2025-08-18
1477,419,189,64,8,1955.4,2024-07-10
1478,26,92,57,6,906.3,2026-04-24
1479,78,184,11,4,590.0,2025-12-30
1480,526,280,83,5,2122.25,2024-08-02
1481,949,117,13,2,794.44,2026-05-29
1482,40,280,26,2,108.49,2025-08-06
1483,338,129,39,6,686.34,2026-07-02
1484,619,71,97,5,557.54,2024-12-17
1485,9,395,39,9,4121.49,2025-04-20
1486,802,207,52,5,2073.54,2025-12-10
1487,13,242,84,10,3837.47,2025-12-20
1488,975,77,51,9,4453.67,2026-05-07
1489,768,108,61,4,515.7,2025-08-15
1490,805,283,97,4,1070.38,2026-01-12
1491,473,175,11,8,2934.44,2025-11-02
1492,440,395,90,6,2555.91,2024-09-12
1493,461,437,72,7,844.2,2025-11-07
1494,592,448,17,1,199.86,2025-03-28
1495,10,256,85,5,2364.05,2024-10-27
1496,430,218,88,6,1098.69,2026-07-03
1497,708,276,39,7,2703.15,2024-12-23
1498,582,403,5,6,1810.43,2024-10-21
1499,976,170,73,3,281.32,2025-07-01
1500,588,444,51,10,4586.01,2025-04-14
1501,401,33,69,7,826.13,2026-01-12
1502,112,169,73,7,772.82,2026-05-28
1503,312,48,22,8,2613.77,2026-06-12
1504,182,17,89,2,687.89,2024-08-19
1505,192,102,9,10,2545.34,2025-08-31
1506,239,150,85,7,1093.63,2025-12-05
1507,59,189,67,9,482.31,2025-11-05
1508,881,466,53,1,102.48,2025-09-14
1509,114,67,69,7,667.64,2025-10-16
1510,71,200,27,7,1746.92,2025-10-03
1511,318,222,91,3,1313.45,2026-05-01
1512,589,481,40,8,769.72,2026-04-12
1513,734,351,59,10,1174.27,2024-08-06
1514,147,229,9,5,584.09,2025-08-09
1515,253,270,43,7,2172.29,2025-03-12
1516,472,237,74,10,4420.35,2024-12-31
1517,295,331,59,1,373.9,2026-05-08
1518,729,406,39,6,2136.91,2024-07-08
1519,830,436,23,7,2199.77,2024-07-25
1520,922,317,94,7,977.09,2026-02-16
1521,933,338,24,7,1678.3,2025-09-12
1522,716,485,6,10,658.56,2024-12-20
1523,162,141,81,4,1780.24,2026-02-13
1524,939,35,90,9,1440.96,2026-01-25
1525,422,391,71,4,1824.77,2024-11-03
1526,79,387,14,2,995.5,2025-03-20
1527,334,210,58,9,3491.45,2026-06-22
1528,519,23,60,3,423.98,2025-03-20
1529,712,346,96,1,55.13,2025-04-06
1530,764,205,25,8,1623.64,2026-02-26
1531,257,59,91,7,266.92,2025-01-02
1532,767,238,63,3,531.04,2024-08-13
1533,562,337,32,8,422.03,2024-07-13
1534,841,143,21,8,698.58,2025-04-28
1535,622,52,23,3,1267.43,2026-04-29
1536,760,201,22,5,397.96,2025-02-11
1537,12,347,35,2,684.54,2025-10-05
1538,183,111,92,3,694.55,2024-08-31
1539,546,111,57,1,448.49,2025-10-05
1540,831,268,83,1,421.52,2025-09-22
1541,316,228,7,2,414.99,2024-08-24
1542,791,194,99,10,222.4,2025-01-08
1543,384,466,31,4,1863.34,2025-03-01
1544,432,15,2,4,255.46,2025-09-04
1545,697,343,9,6,2483.12,2025-12-02
1546,99,409,86,4,1920.79,2026-02-18
1547,46,213,66,3,1102.58,2025-10-04
1548,331,288,81,2,823.0,2025-06-02
1549,957,278,51,4,1279.37,2026-06-14
1550,219,55,46,7,545.9,2024-11-03
1551,412,335,41,6,620.03,2025-08-03
1552,470,113,9,1,206.81,2026-06-14
1553,378,23,9,5,1659.87,2025-04-12
1554,786,307,64,4,869.31,2024-07-12
1555,811,473,73,2,724.03,2024-07-20
1556,98,308,42,3,422.79,2026-05-20
1557,996,395,89,7,2417.75,2026-03-10
1558,651,390,89,3,538.15,2026-05-18
1559,683,247,9,6,2936.7,2026-06-25
1560,934,300,58,6,170.83,2024-12-10
1561,760,120,65,7,1857.05,2026-06-09
1562,14,120,3,10,3582.22,2025-08-22
1563,128,159,31,10,3842.92,2024-10-01
1564,635,41,8,7,2684.35,2025-09-01
1565,304,104,20,3,599.31,2026-05-31
1566,39,122,93,7,826.73,2024-08-05
1567,455,379,43,10,4945.05,2025-05-12
1568,660,403,98,3,460.5,2024-09-03
1569,425,332,37,1,270.02,2025-09-18
1570,751,170,44,1,129.92,2024-10-11
1571,56,465,86,4,475.17,2026-05-12
1572,713,369,29,4,1618.79,2026-05-28
1573,534,165,24,10,4388.99,2026-07-07
1574,67,446,63,8,2578.36,2025-05-10
1575,54,325,19,2,955.51,2025-02-22
1576,178,304,71,4,321.08,2025-08-19
1577,81,219,93,4,533.72,2026-04-01
1578,739,102,32,8,1356.02,2026-06-17
1579,255,156,37,7,732.82,2026-05-16
1580,651,104,35,10,2351.7,2026-01-01
1581,996,185,51,8,467.26,2024-07-19
1582,452,217,65,7,703.69,2026-05-22
1583,779,80,62,10,3727.65,2026-01-16
1584,438,438,11,1,385.73,2025-07-02
1585,157,284,94,5,1528.44,2025-05-14
1586,475,157,59,3,430.5,2025-10-09
1587,621,247,10,5,1000.35,2026-01-13
1588,481,101,20,6,513.57,2025-11-15
1589,883,257,94,4,88.03,2025-01-10
1590,948,213,51,6,1535.39,2025-09-13
1591,316,329,76,6,1226.03,2024-08-28
1592,40,472,16,2,432.44,2024-11-01
1593,167,100,98,7,3271.96,2026-03-03
1594,790,468,97,7,3355.85,2026-06-28
1595,501,326,89,6,1587.67,2026-04-26
1596,667,198,55,6,2125.79,2026-03-20
1597,36,472,47,4,545.32,2025-10-01
1598,661,76,34,1,354.79,2026-03-27
1599,698,76,33,10,2386.26,2025-11-14
1600,975,340,21,4,1236.13,2025-06-18
1601,95,330,92,1,76.03,2025-07-08
1602,601,499,11,7,1476.16,2025-10-23
1603,898,217,22,9,4110.98,2024-12-30
1604,310,257,69,7,989.65,2025-09-28
1605,752,211,97,7,2109.23,2026-04-30
1606,587,398,45,2,144.9,2025-11-27
1607,215,477,96,3,447.39,2024-10-11
1608,7,87,63,7,2488.67,2026-01-28
1609,793,357,54,1,66.5,2026-03-23
1610,296,376,56,9,1980.76,2025-06-27
1611,191,361,18,3,314.02,2025-07-07
1612,515,486,15,4,1014.02,2025-08-24
1613,218,96,26,8,2337.63,2025-09-05
1614,829,389,25,1,379.96,2025-09-24
1615,893,210,57,5,2459.07,2024-11-22
1616,652,86,11,10,724.14,2025-02-16
1617,128,142,9,5,305.7,2025-12-17
1618,241,245,63,6,205.44,2025-02-01
1619,273,385,1,2,49.13,2026-06-21
1620,43,50,28,10,3988.19,2026-05-02
1621,385,309,67,9,3600.52,2026-01-31
1622,485,388,44,5,2337.11,2025-07-30
1623,380,350,44,10,2261.38,2025-08-28
1624,964,185,86,6,2472.52,2025-10-07
1625,59,500,46,7,1411.54,2024-09-10
1626,4,234,90,6,2442.06,2026-06-12
1627,910,474,18,7,2576.74,2024-07-15
1628,890,272,36,1,308.92,2025-03-29
1629,634,352,85,4,787.39,2025-03-27
1630,677,97,1,8,2137.27,2025-01-07
1631,369,448,6,6,167.9,2025-06-28
1632,240,311,63,6,2072.44,2026-04-02
1633,814,42,45,7,2623.73,2024-10-14
1634,965,477,61,7,3295.32,2024-08-23
1635,301,311,25,2,744.91,2025-07-31
1636,898,293,92,3,1312.6,2024-10-05
1637,510,408,12,9,317.14,2025-07-27
1638,562,448,60,5,2097.65,2024-10-28
1639,978,60,62,3,1350.83,2024-10-04
1640,217,88,97,9,1220.69,2025-04-15
1641,733,15,21,2,141.25,2025-07-01
1642,785,144,29,6,2719.63,2025-05-21
1643,975,460,86,5,1698.24,2025-03-13
1644,945,274,82,2,678.86,2026-03-11
1645,709,171,29,8,507.3,2024-08-17
1646,616,34,83,10,3878.42,2026-02-06
1647,735,381,95,6,1205.79,2025-08-25
1648,804,288,56,7,2337.17,2026-01-18
1649,119,149,12,4,509.22,2025-08-28
1650,759,304,25,2,125.57,2025-01-24
1651,131,437,41,2,589.93,2026-06-08
1652,2,160,8,7,2078.44,2025-04-02
1653,868,199,55,10,2770.89,2025-10-25
1654,817,348,17,6,2341.29,2025-05-24
1655,605,114,14,9,3047.37,2026-06-12
1656,873,236,41,7,170.87,2026-06-07
1657,304,429,29,3,1235.25,2025-12-27
1658,151,308,37,8,2771.13,2025-08-30
1659,870,411,90,3,1135.77,2024-09-14
1660,317,258,89,1,307.46,2025-09-04
1661,869,362,74,2,302.51,2025-07-28
1662,221,254,38,8,2583.34,2024-09-27
1663,830,171,20,7,337.61,2025-02-14
1664,957,415,29,4,1708.29,2025-02-24
1665,795,92,63,1,463.12,2026-05-08
1666,835,338,21,7,1144.98,2024-08-30
1667,346,217,87,1,283.01,2025-05-06
1668,776,201,51,8,3962.81,2025-12-30
1669,290,145,90,2,546.73,2024-11-06
1670,562,202,13,4,1426.13,2026-01-20
1671,811,298,7,3,525.72,2025-05-02
1672,168,296,18,5,1198.08,2025-01-09
1673,299,460,19,8,2832.47,2024-07-23
1674,767,101,95,4,498.82,2024-11-15
1675,877,295,14,1,193.87,2025-06-21
1676,438,348,22,3,602.24,2025-08-18
1677,998,243,23,1,66.1,2026-05-16
1678,528,333,44,1,76.33,2025-08-16
1679,153,322,93,10,2282.34,2025-03-30
1680,122,124,51,7,963.2,2025-08-12
1681,611,489,23,8,1322.33,2025-10-16
1682,815,344,85,7,2746.86,2025-02-18
1683,886,419,84,2,786.62,2026-04-28
1684,669,228,48,7,1064.73,2025-05-09
1685,85,63,63,1,77.6,2026-03-17
1686,601,294,74,9,1151.72,2025-10-28
1687,764,49,76,8,1211.1,2024-08-23
1688,661,360,56,3,,2026-03-12
1689,102,167,9,5,1471.42,2024-08-31
1690,833,359,3,9,978.72,2024-12-08
1691,550,402,68,7,2008.36,2025-08-11
1692,858,300,69,8,405.5,2025-12-14
1693,213,495,85,2,763.37,2025-04-04
1694,614,356,24,2,213.44,2024-11-06
1695,820,161,16,1,286.27,2025-12-09
1696,212,335,21,1,81.83,2024-12-22
1697,872,386,5,2,580.0,2026-04-02
1698,519,153,47,2,980.73,2025-01-17
1699,968,337,1,9,921.33,2024-08-30
1700,969,485,67,4,657.15,2025-07-15
1701,456,72,74,5,1681.98,2026-04-09
1702,536,467,46,8,2829.19,2025-03-20
1703,215,353,13,10,2783.41,2025-07-27
1704,193,73,39,1,133.81,2025-04-24
1705,617,283,28,4,1918.25,2025-06-28
1706,132,374,80,10,1923.51,2025-04-12
1707,262,134,49,7,389.85,2025-06-23
1708,86,484,33,3,636.09,2024-07-20
1709,147,275,27,7,3299.07,2024-08-15
1710,276,325,90,2,644.39,2025-08-11
1711,578,337,83,4,1451.73,2025-02-19
1712,430,421,20,9,2793.36,2024-11-08
1713,445,195,4,6,2978.25,2024-08-22
1714,277,64,69,10,1387.99,2024-08-10
1715,417,34,43,2,696.62,2025-08-05
1716,342,399,35,2,388.31,2025-02-01
1717,232,141,2,3,1311.15,2026-02-09
1718,993,114,49,2,402.07,2026-06-14
1719,127,90,68,2,791.42,2024-09-03
1720,827,251,13,5,1513.18,2025-10-11
1721,586,444,37,9,1687.25,2025-08-06
1722,102,460,7,9,1350.95,2025-04-25
1723,770,200,24,3,517.91,2024-11-05
1724,695,496,69,6,2441.52,2025-11-07
1725,871,207,62,9,2748.75,2026-04-16
1726,10,352,66,10,812.35,2025-04-25
1727,147,194,73,3,1006.89,2025-01-09
1728,743,328,48,5,226.88,2025-02-09
1729,429,362,59,4,1382.17,2026-01-04
1730,363,409,60,3,692.1,2026-01-05
1731,976,220,67,9,1419.06,2025-12-27
1732,879,45,40,4,665.96,2024-09-12
1733,866,47,82,7,2729.14,2025-03-15
1734,246,484,12,2,113.63,2025-10-14
1735,87,381,37,3,888.46,2025-09-10
1736,828,448,2,9,4195.82,2025-08-14
1737,955,375,18,7,2414.83,2025-04-26
1738,702,347,69,8,2071.57,2026-06-10
1739,632,98,96,2,429.25,2025-12-11
1740,720,274,96,1,362.8,2025-07-30
1741,757,339,68,6,823.37,2025-08-23
1742,460,494,22,10,403.31,2024-09-13
1743,180,39,47,9,4084.41,2024-11-04
1744,976,27,55,3,799.71,2025-10-17
1745,383,497,15,8,1615.72,2024-10-08
1746,256,426,70,6,2752.45,2024-07-21
1747,495,151,34,2,318.46,2025-11-26
1748,647,292,51,4,84.29,2025-06-22
1749,952,478,83,4,1852.27,2024-08-18
1750,37,479,60,9,3747.14,2026-02-01
1751,59,183,1,10,4272.09,2024-08-10
1752,306,182,14,10,2409.7,2025-05-21
1753,740,96,52,1,187.87,2025-11-04
1754,442,252,26,6,145.53,2025-07-24
1755,921,79,53,2,547.93,2025-03-28
1756,8,80,99,2,916.58,2024-10-27
1757,405,192,39,5,642.63,2026-06-20
1758,187,275,35,6,1353.62,2026-03-15
1759,673,430,57,2,989.79,2024-12-05
1760,766,223,1,3,261.42,2025-06-16
1761,727,102,15,6,2664.7,2024-12-30
1762,137,203,54,4,627.01,2026-06-02
1763,165,342,26,6,2714.87,2026-02-07
1764,273,61,54,8,3845.24,2024-10-14
1765,820,350,92,8,2272.47,2025-06-28
1766,783,400,52,3,527.84,2026-04-12
1767,760,432,50,9,3316.3,2024-10-12
1768,111,406,3,3,218.02,2025-07-25
1769,513,7,99,3,283.98,2024-10-21
1770,850,176,55,4,179.92,2025-04-27
1771,445,246,38,10,3739.67,2025-11-16
1772,780,220,32,5,1266.23,2024-09-22
1773,524,96,32,10,931.98,2024-09-13
1774,885,135,90,5,1940.15,2025-08-15
1775,440,102,61,4,1359.35,2024-12-03
1776,515,313,24,2,713.1,2025-08-16
1777,606,323,82,4,1985.7,2025-06-06
1778,136,206,5,3,390.31,2026-03-07
1779,952,75,55,5,2476.96,2025-02-16
1780,94,443,7,1,315.9,2025-12-17
1781,314,359,82,7,1508.52,2025-03-29
1782,437,246,8,4,505.81,2025-04-30
1783,53,156,15,9,2024.95,2025-06-17
1784,966,180,92,5,972.58,2024-08-28
1785,917,25,24,7,969.81,2026-01-29
1786,677,382,42,1,20.26,2025-06-09
1787,287,466,78,4,627.81,2024-11-15
1788,259,486,63,2,453.67,2024-11-10
1789,115,50,86,6,1082.73,2026-03-13
1790,789,442,17,1,347.82,2025-02-05
1791,830,186,96,6,1158.44,2026-06-13
1792,381,122,84,10,2738.54,2024-08-29
1793,394,45,14,5,604.08,2025-03-06
1794,617,62,6,3,966.56,2024-08-07
1795,906,336,25,10,4847.98,2025-09-03
1796,948,51,10,4,1432.95,2024-11-03
1797,309,372,61,9,2854.12,2024-10-05
1798,158,23,17,4,1104.43,2025-06-05
1799,729,130,98,4,882.97,2024-09-18
1800,917,188,58,9,4392.54,2025-01-10
1801,70,248,54,2,914.42,2026-01-09
1802,516,405,3,9,4203.36,2024-07-09
1803,714,496,17,3,922.78,2025-11-04
1804,580,32,89,5,209.07,2026-02-10
1805,408,254,88,4,1502.17,2025-11-12
1806,995,39,22,9,3939.5,2026-01-01
1807,394,288,100,8,3042.79,2024-09-21
1808,279,106,24,7,1486.85,2025-10-05
1809,224,304,90,1,96.8,2024-10-03
1810,810,263,59,1,441.99,2025-05-27
1811,538,133,39,9,3237.5,2025-02-08
1812,275,283,16,4,649.02,2026-06-13
1813,547,122,38,3,382.46,2024-07-17
1814,965,453,36,1,327.02,2024-11-07
1815,810,27,83,3,449.43,2024-08-18
1816,216,274,15,4,1979.91,2025-07-16
1817,648,310,48,1,331.35,2024-12-13
1818,723,453,71,6,359.75,2025-10-14
1819,419,460,79,5,1832.99,2024-11-22
1820,59,321,2,5,879.12,2025-09-23
1821,989,144,23,6,751.53,2024-11-21
1822,551,337,100,5,2431.85,2026-05-08
1823,764,353,49,10,710.93,2025-08-10
1824,650,310,71,5,2188.06,2026-07-04
1825,226,167,35,4,1648.35,2025-01-15
1826,828,440,97,4,1196.79,2025-12-08
1827,238,374,93,7,662.96,2025-10-24
1828,924,246,12,7,1378.63,2024-12-13
1829,190,418,23,8,857.01,2026-03-20
1830,966,374,24,4,1173.74,2025-08-06
1831,167,454,23,5,150.51,2025-10-25
1832,193,36,19,7,2449.55,2025-02-05
1833,466,466,83,2,449.34,2026-02-04
1834,540,71,94,7,476.79,2025-10-06
1835,387,197,3,1,309.58,2024-11-10
1836,782,426,83,2,833.5,2026-02-12
1837,789,43,35,1,83.45,2026-05-19
1838,615,7,2,3,1411.58,2024-09-19
1839,838,174,91,2,560.68,2025-07-30
1840,492,389,73,2,234.23,2024-09-24
1841,315,170,62,8,3291.39,2025-02-22
1842,557,355,35,3,411.08,2025-03-10
1843,845,23,14,9,711.69,2025-12-16
1844,524,454,54,9,1461.91,2026-03-22
1845,230,13,30,3,61.74,2025-11-25
1846,362,336,37,7,1434.89,2025-03-13
1847,701,197,88,4,1849.65,2025-07-27
1848,113,115,14,2,512.15,2025-06-19
1849,631,171,16,5,957.54,2026-02-13
1850,942,44,6,6,2779.16,2026-01-12
1851,439,272,43,10,925.29,2025-06-27
1852,436,77,86,10,1070.55,2026-02-21
1853,294,179,14,5,1599.42,2026-06-29
1854,678,189,34,5,2298.96,2024-08-25
1855,883,478,20,2,797.3,2024-07-18
1856,400,229,93,3,521.17,2025-05-15
1857,116,296,55,8,3288.26,2025-07-07
1858,331,66,24,5,447.2,2026-06-23
1859,507,218,62,7,1324.77,2025-10-15
1860,652,171,18,7,2161.86,2025-11-26
1861,563,255,69,4,815.72,2025-05-08
1862,550,421,30,9,2308.04,2025-08-23
1863,733,216,68,7,420.96,2025-04-23
1864,831,384,29,10,3927.64,2024-08-13
1865,3,105,3,2,265.79,2024-08-14
1866,981,69,15,-5,1728.12,2025-02-28
1867,370,435,100,1,457.45,2026-04-23
1868,148,428,71,3,484.36,2026-03-31
1869,848,115,8,7,954.79,2025-04-01
1870,713,361,19,3,228.82,2026-03-01
1871,713,495,55,7,2603.15,2026-06-25
1872,109,340,75,6,275.76,2025-03-13
1873,609,446,21,2,497.75,2026-02-25
1874,145,41,32,1,90.51,2025-04-25
1875,852,417,54,2,51.98,2025-05-03
1876,482,381,18,3,1162.2,2025-07-19
1877,307,241,53,9,3197.8,2025-10-14
1878,661,356,2,6,1398.64,2025-12-20
1879,62,452,83,5,367.04,2025-06-28
1880,178,258,21,1,310.0,2025-07-17
1881,434,349,59,1,210.27,2025-07-31
1882,265,471,74,9,3253.28,2024-09-10
1883,233,217,21,9,1502.07,2025-11-25
1884,535,194,17,5,2435.49,2025-07-26
1885,58,113,51,4,848.77,2025-06-10
1886,1000,287,78,3,1244.41,2025-01-03
1887,480,245,41,2,823.9,2026-04-13
1888,169,28,48,7,2919.57,2025-08-23
1889,112,54,10,7,794.29,2024-07-30
1890,867,172,4,6,1857.19,2024-11-26
1891,555,55,9,4,621.84,2026-03-23
1892,775,466,40,4,1226.45,2024-09-19
1893,654,476,5,4,1139.25,2026-01-24
1894,584,290,6,4,596.8,2025-02-06
1895,496,24,7,10,4935.17,2025-09-21
1896,317,5,46,6,388.45,2025-06-02
1897,513,100,41,5,2400.97,2025-04-09
1898,998,67,90,7,2578.31,2025-09-25
1899,919,380,65,2,358.07,2026-02-02
1900,794,77,4,2,522.09,2026-06-14
1901,489,301,5,10,4021.13,2026-01-07
1902,699,238,11,5,486.94,2024-11-19
1903,238,453,28,2,954.71,2026-03-13
1904,165,494,65,3,1167.11,2026-01-26
1905,624,334,67,9,4466.64,2025-03-28
1906,135,174,38,6,1408.74,2025-07-05
1907,963,221,6,6,1915.6,2026-03-17
1908,626,311,10,7,943.41,2025-02-01
1909,510,50,2,3,876.34,2024-12-21
1910,317,281,12,3,1163.5,2026-03-29
1911,322,87,38,8,521.4,2025-08-16
1912,591,187,46,3,158.15,2025-03-08
1913,728,396,59,2,108.29,2026-06-11
1914,263,391,57,5,2466.74,2025-02-07
1915,996,292,63,3,1413.35,2026-01-16
1916,294,206,53,1,194.47,2025-02-17
1917,133,226,47,10,4602.27,2026-02-01
1918,975,161,48,9,3829.69,2025-08-27
1919,519,231,34,2,694.91,2026-04-30
1920,660,30,95,1,317.89,2024-08-27
1921,575,5,20,4,1423.51,2026-04-17
1922,163,292,52,2,319.03,2026-01-22
1923,896,237,86,2,254.13,2026-05-23
1924,480,329,69,2,374.98,2025-09-10
1925,185,375,14,8,579.02,2024-12-29
1926,205,206,43,7,2721.21,2024-10-24
1927,619,249,28,2,344.59,2025-11-11
1928,466,20,70,8,599.01,2024-09-20
1929,150,328,28,3,1425.89,2024-09-20
1930,616,397,49,6,1756.43,2026-03-13
1931,371,405,56,1,469.5,2025-10-09
1932,217,445,3,8,979.54,2024-08-10
1933,651,91,11,7,1046.69,2024-07-15
1934,415,42,39,3,159.73,2025-04-19
1935,538,110,86,8,3505.75,2025-04-08
1936,56,48,55,5,541.79,2024-10-07
1937,305,85,26,6,2894.49,2026-02-02
1938,494,244,69,6,2832.79,2024-10-12
1939,448,182,89,3,1450.45,2024-11-19
1940,11,288,77,10,2067.86,2025-01-13
1941,684,297,79,4,229.39,2025-08-23
1942,844,481,94,3,526.17,2026-06-30
1943,919,235,19,6,160.86,2025-07-14
1944,117,406,87,8,3478.92,2025-04-24
1945,740,2,58,7,1023.02,2024-10-12
1946,655,497,75,3,973.38,2024-10-02
1947,764,97,54,2,75.03,2025-08-11
1948,616,194,28,9,3525.34,2025-11-06
1949,196,498,87,6,724.12,2025-06-19
1950,380,417,47,10,4784.5,2026-02-19
1951,315,258,16,1,164.93,2026-04-04
1952,467,212,53,8,2651.82,2026-01-03
1953,556,219,67,6,1134.37,2026-02-23
1954,181,235,55,6,446.53,2024-11-02
1955,610,84,70,6,629.46,2026-05-03
1956,866,338,89,7,1422.05,2024-07-15
1957,719,318,13,7,2270.6,2024-07-16
1958,107,46,84,2,813.7,2025-01-28
1959,422,54,64,1,315.8,2025-02-16
1960,103,325,57,10,4650.7,2025-08-05
1961,34,342,38,9,2690.93,2025-04-04
1962,796,233,71,7,851.89,2026-02-16
1963,877,241,16,7,524.72,2026-03-05
1964,936,238,53,6,2906.73,2025-10-08
1965,384,401,29,7,165.55,2025-10-18
1966,901,338,34,9,1405.17,2024-07-24
1967,815,466,54,5,2112.36,2024-08-24
1968,931,213,5,4,87.98,2025-02-28
1969,810,192,67,1,32.6,2026-06-12
1970,175,492,74,10,1723.86,2026-05-25
1971,997,201,25,7,952.55,2026-02-19
1972,849,27,74,10,3293.28,2024-12-03
1973,652,200,94,7,573.0,2025-02-17
1974,326,265,21,3,640.49,2025-02-04
1975,728,411,17,7,916.06,2025-11-13
1976,591,402,51,9,691.37,2025-08-10
1977,163,486,42,5,2109.61,2026-06-07
1978,27,224,2,4,259.05,2026-02-03
1979,633,363,70,10,934.63,2026-01-13
1980,26,381,94,2,588.92,2024-11-24
1981,650,324,100,3,1476.12,2024-07-23
1982,669,460,29,6,657.28,2026-02-08
1983,861,126,93,5,565.19,2026-03-15
1984,676,27,36,7,2728.52,2025-07-07
1985,643,12,82,2,937.58,2025-05-12
1986,114,236,77,10,4361.31,2025-12-18
1987,290,135,24,2,142.79,2025-04-20
1988,865,186,27,2,114.29,2026-03-30
1989,815,12,53,7,478.26,2025-08-09
1990,641,40,27,2,507.06,2025-08-03
1991,322,325,58,7,1400.85,2026-03-26
1992,11,463,23,3,318.92,2024-12-20
1993,876,17,16,10,3229.82,2024-08-23
1994,496,315,77,6,2981.97,2025-12-09
1995,535,380,33,9,201.66,2024-11-10
1996,31,275,3,2,225.13,2025-01-05
1997,157,111,47,9,2390.74,2025-11-20
1998,31,168,18,2,902.63,2025-01-20
1999,709,482,17,4,240.21,2025-09-25
2000,205,489,12,5,756.8,2025-12-11
2001,668,151,60,6,2159.28,2025-06-11
2002,970,205,25,8,1834.48,2026-03-13
2003,704,434,92,5,515.1,2025-11-30
2004,106,299,99,5,2408.49,2025-11-27
2005,814,106,93,10,1695.61,2026-03-08
2006,457,217,77,8,1824.53,2024-08-27
2007,638,56,78,5,2058.14,2025-12-16
2008,581,181,48,7,1582.49,2024-12-18
2009,911,18,66,2,471.43,2025-12-09
2010,301,310,83,5,1508.49,2025-11-28
2011,31,59,24,9,1701.73,2024-08-09
2012,191,184,32,6,1356.63,2024-10-23
2013,381,191,19,2,246.58,2026-03-13
2014,327,353,2,6,472.23,2026-06-26
2015,582,408,42,6,735.66,2024-07-08
2016,395,146,78,4,1158.35,2025-03-30
2017,106,288,36,4,1092.34,2024-12-08
2018,827,441,86,10,4742.1,2025-09-01
2019,662,216,88,2,590.99,2024-07-10
2020,328,102,26,7,1207.75,2025-04-23
2021,511,24,36,1,405.31,2024-08-28
2022,464,88,77,7,540.71,2024-09-15
2023,243,296,3,6,1822.57,2026-03-25
2024,803,439,74,5,142.81,2025-02-19
2025,292,68,52,1,457.59,2024-07-21
2026,941,271,6,1,450.0,2024-12-01
2027,72,241,13,6,1976.95,2026-05-23
2028,282,163,97,7,2570.13,2025-02-13
2029,570,397,41,6,1272.99,2025-11-28
2030,403,153,90,8,2511.31,2025-12-18
2031,657,496,16,8,2054.41,2024-11-12
2032,106,15,29,6,2820.59,2025-04-12
2033,143,54,42,1,416.22,2025-03-24
2034,91,98,93,7,900.51,2026-05-13
2035,551,3,89,6,2470.51,2025-08-23
2036,804,23,15,1,144.65,2024-11-20
2037,77,136,43,1,474.63,2025-11-03
2038,389,139,90,10,3999.81,2025-10-27
2039,598,236,16,3,1391.8,2025-04-30
2040,152,386,75,3,519.84,2025-03-03
2041,685,63,67,7,2280.0,2025-01-06
2042,490,339,63,9,1219.06,2024-07-25
2043,749,248,29,5,872.59,2026-04-22
2044,304,365,11,2,293.26,2026-03-13
2045,894,125,85,6,1728.52,2026-05-17
2046,77,498,64,4,1414.33,2024-11-18
2047,687,111,60,1,121.99,2026-01-17
2048,108,175,27,7,771.4,2025-01-08
2049,527,440,41,10,3855.69,2026-06-20
2050,672,79,65,5,1800.43,2025-10-25
2051,225,470,47,2,917.56,2026-01-03
2052,889,318,66,7,3416.22,2026-05-24
2053,193,36,36,4,1577.64,2024-12-18
2054,315,488,74,7,691.7,2025-07-19
2055,898,55,96,2,181.4,2025-01-29
2056,916,236,24,2,270.94,2025-03-02
2057,678,272,58,5,168.61,2025-04-12
2058,950,282,11,6,884.87,2026-03-22
2059,155,204,65,6,1362.64,2024-07-16
2060,55,226,35,7,1846.63,2025-11-10
2061,665,196,94,6,401.7,2024-12-25
2062,194,207,23,7,791.61,2025-04-11
2063,623,253,67,10,1524.44,2026-05-07
2064,52,331,32,7,506.86,2024-11-30
2065,55,459,5,2,250.8,2025-12-19
2066,68,273,13,10,1477.66,2025-02-18
2067,636,359,92,5,643.52,2025-07-07
2068,104,113,94,7,1456.81,2024-10-15
2069,176,403,27,5,1288.41,2024-09-02
2070,723,306,37,6,1954.27,2025-04-09
2071,516,465,90,1,65.24,2026-05-06
2072,313,437,89,10,2488.44,2025-11-01
2073,698,36,22,4,406.85,2024-09-03
2074,467,73,2,3,538.3,2025-01-26
2075,22,91,34,8,1803.22,2025-07-27
2076,779,437,2,2,203.9,2026-05-24
2077,486,299,1,10,1890.29,2026-02-18
2078,484,57,6,8,3513.16,2024-07-17
2079,298,428,30,1,292.29,2025-11-26
2080,774,76,100,9,2353.59,2025-10-27
2081,824,377,43,2,135.99,2025-05-24
2082,360,280,33,8,2044.14,2024-11-22
2083,470,7,46,8,1133.58,2025-06-06
2084,913,266,100,5,1804.38,2025-01-17
2085,277,352,67,10,2524.9,2026-04-20
2086,421,439,29,1,90.99,2025-01-20
2087,32,126,74,3,574.36,2025-04-21
2088,763,46,25,7,1347.65,2025-02-06
2089,989,141,81,7,2286.15,2026-01-19
2090,461,491,68,9,4064.64,2025-05-09
2091,696,179,43,3,442.05,2025-05-07
2092,968,142,40,7,2119.54,2026-04-09
2093,533,360,44,4,158.91,2026-04-10
2094,815,233,73,10,790.21,2024-09-21
2095,993,5,64,6,950.62,2024-11-27
2096,154,268,38,3,731.5,2026-03-31
2097,167,156,63,10,2879.08,2025-05-10
2098,302,8,59,5,255.08,2026-03-08
2099,846,304,16,1,124.32,2024-10-05
2100,6,221,46,1,254.42,2024-10-12
2101,142,180,37,1,43.95,2024-10-18
2102,788,288,20,9,3054.21,2025-05-22
2103,147,376,26,2,724.67,2025-05-15
2104,83,149,29,7,2106.36,2025-04-10
2105,364,128,87,1,247.13,2026-04-05
2106,991,463,13,7,1559.81,2025-11-18
2107,612,160,23,5,2308.47,2026-02-14
2108,897,166,75,10,2291.92,2025-03-10
2109,205,129,18,3,1043.98,2025-09-13
2110,309,157,11,7,2002.39,2024-07-15
2111,644,237,70,5,1460.0,2025-09-12
2112,897,427,56,3,601.39,2025-01-07
2113,453,356,41,2,173.07,2025-07-11
2114,730,184,60,9,4218.68,2024-10-13
2115,431,493,53,6,1351.69,2025-03-01
2116,573,14,99,8,266.26,2024-11-13
2117,144,315,39,7,,2025-02-03
2118,383,66,80,4,1194.22,2025-07-04
2119,899,151,7,9,4067.62,2026-03-09
2120,687,4,60,7,563.14,2024-07-16
2121,56,44,8,9,2168.15,2024-11-14
2122,666,55,43,5,2091.75,2026-06-27
2123,298,290,62,10,667.52,2024-11-19
2124,125,380,75,6,2609.22,2025-07-11
2125,55,360,27,9,3374.05,2024-11-30
2126,759,496,64,9,802.74,2025-01-04
2127,692,328,20,3,381.9,2025-08-10
2128,737,480,1,5,1607.77,2025-05-24
2129,206,59,9,8,2554.87,2024-11-04
2130,902,62,67,1,93.45,2025-03-25
2131,107,243,4,2,277.32,2026-01-12
2132,57,475,16,9,2097.28,2024-12-20
2133,189,420,31,5,1070.94,2026-04-28
2134,628,349,57,9,1304.37,2025-04-15
2135,150,326,3,10,791.34,2025-12-07
2136,763,337,31,3,264.03,2026-07-03
2137,717,280,26,3,796.58,2026-03-07
2138,297,342,13,8,2004.99,2025-02-03
2139,684,141,51,10,2566.23,2025-08-28
2140,110,238,54,7,2484.11,2026-04-30
2141,291,235,16,7,637.84,2025-09-10
2142,595,156,5,10,2069.26,2024-08-19
2143,930,465,46,10,2333.5,2025-03-01
2144,741,235,36,3,733.79,2025-09-06
2145,367,257,65,1,491.24,2025-01-16
2146,724,269,50,4,749.76,2025-03-27
2147,672,78,46,9,451.15,2025-11-02
2148,733,440,18,10,1828.6,2025-11-08
2149,675,156,51,5,1983.91,2025-11-04
2150,661,248,49,2,919.51,2026-06-16
2151,185,295,91,8,2486.43,2026-03-28
2152,539,133,17,9,3529.72,2025-03-07
2153,595,179,75,6,1815.89,2025-08-23
2154,70,24,4,10,4183.45,2025-09-04
2155,682,55,64,3,393.65,2026-01-06
2156,238,396,94,8,1402.85,2025-11-24
2157,902,90,94,4,282.43,2024-12-10
2158,431,473,9,7,2679.53,2025-08-11
2159,118,20,96,1,313.71,2025-12-14
2160,384,311,81,2,463.87,2024-09-15
2161,329,56,90,1,463.3,2025-12-14
2162,653,294,72,8,1610.1,2025-04-16
2163,503,225,87,4,455.78,2026-01-29
2164,760,83,56,5,641.19,2024-12-23
2165,197,45,75,9,3673.46,2024-12-09
2166,685,50,27,1,321.98,2024-08-12
2167,915,3,47,1,408.8,2026-04-30
2168,886,37,44,7,2049.47,2025-08-02
2169,981,467,94,3,1042.6,2025-09-01
2170,853,107,74,9,2323.48,2025-12-03
2171,366,317,72,8,2083.27,2025-04-15
2172,450,219,81,3,1214.3,2025-02-21
2173,583,41,17,7,3076.56,2025-09-10
2174,121,256,30,9,1468.34,2024-08-27
2175,339,12,29,1,308.72,2025-08-09
2176,258,200,91,5,2313.46,2025-05-21
2177,893,81,37,6,315.7,2025-08-16
2178,248,437,67,2,553.05,2024-10-12
2179,409,317,8,10,2600.23,2026-05-31
2180,114,299,61,9,3193.28,2024-10-01
2181,34,174,54,5,1667.76,2025-11-04
2182,910,392,8,5,581.23,2025-01-06
2183,837,376,43,3,354.1,2025-09-01
2184,75,413,73,1,133.1,2025-09-18
2185,784,414,5,10,3574.84,2024-10-08
2186,973,214,77,6,2945.44,2025-07-08
2187,909,283,62,10,4660.95,2024-11-25
2188,43,54,5,3,449.53,2026-02-28
2189,666,180,56,8,2109.2,2026-06-28
2190,871,449,30,8,1325.13,2024-07-09
2191,27,397,26,1,467.0,2025-12-10
2192,389,350,88,9,2807.16,2026-05-11
2193,54,199,99,1,285.2,2024-07-22
2194,441,360,55,7,2476.68,2024-12-24
2195,449,61,79,9,775.17,2025-08-26
2196,352,224,8,6,1133.15,2025-02-27
2197,603,6,30,4,525.5,2025-03-02
2198,910,414,69,7,2651.52,2025-06-14
2199,822,8,93,10,419.74,2025-02-11
2200,79,30,17,4,1640.23,2026-02-22
2201,45,161,45,8,853.48,2025-03-11
2202,251,150,17,10,3345.0,2025-06-13
2203,674,63,85,10,2109.53,2026-04-27
2204,961,279,27,2,113.32,2025-07-04
2205,833,183,29,8,2868.18,2024-10-21
2206,965,188,100,8,2898.43,2025-08-30
2207,670,126,68,9,1444.39,2025-10-21
2208,555,258,14,5,865.26,2025-04-27
2209,421,362,80,1,186.39,2025-12-10
2210,209,467,18,8,1234.37,2025-10-13
2211,760,284,27,9,1175.92,2025-09-30
2212,836,404,19,2,397.49,2024-08-16
2213,716,226,84,1,489.4,2025-04-21
2214,22,256,5,8,3819.69,2025-02-19
2215,394,154,11,5,767.12,2026-02-13
2216,625,197,64,1,153.96,2026-02-18
2217,394,228,6,1,434.13,2025-06-02
2218,189,338,56,4,475.0,2026-04-16
2219,313,17,70,9,405.76,2026-03-11
2220,932,312,97,6,2819.2,2026-06-30
2221,930,135,97,6,2777.37,2026-05-07
2222,29,175,93,10,1239.41,2025-06-02
2223,438,401,94,10,2283.56,2025-09-28
2224,567,199,93,1,407.55,2025-10-31
2225,961,274,60,5,2160.43,2024-10-23
2226,582,394,67,7,2063.94,2026-01-01
2227,391,240,96,5,490.12,2025-05-01
2228,16,144,88,4,333.2,2025-07-16
2229,256,395,70,5,305.29,2026-06-04
2230,405,20,79,5,910.08,2026-04-22
2231,676,129,84,5,968.07,2025-11-22
2232,315,292,85,10,259.23,2025-09-01
2233,868,92,57,6,2527.68,2026-04-11
2234,10,239,5,8,226.3,2025-04-19
2235,865,285,28,6,1503.0,2025-04-23
2236,962,41,36,7,336.85,2024-11-07
2237,977,33,57,10,2846.95,2026-02-20
2238,806,142,34,3,431.53,2026-04-11
2239,646,90,19,8,648.53,2025-04-11
2240,239,59,84,10,3348.7,2026-05-24
2241,519,441,57,1,108.44,2025-08-26
2242,567,368,30,10,1723.21,2025-01-01
2243,266,500,33,1,476.82,2026-06-30
2244,879,435,46,1,345.63,2025-06-06
2245,615,121,45,9,3283.14,2026-07-06
2246,455,58,66,2,114.38,2024-10-15
2247,334,293,48,2,267.5,2024-12-23
2248,437,449,37,7,379.88,2025-12-24
2249,622,404,47,3,95.56,2024-08-17
2250,919,334,48,6,2928.28,2025-09-28
2251,302,319,4,8,3779.12,2025-09-25
2252,298,477,20,3,590.35,2024-09-26
2253,624,109,41,10,322.57,2025-09-24
2254,760,261,75,9,3272.12,2025-04-05
2255,388,426,75,6,2827.03,2024-11-04
2256,154,196,98,1,335.39,2025-08-15
2257,982,479,29,2,956.97,2026-05-07
2258,589,323,71,10,2616.78,2025-09-10
2259,125,434,68,7,1950.93,2024-11-16
2260,676,269,67,1,311.41,2024-11-04
2261,200,429,74,8,1377.05,2026-07-02
2262,337,125,99,5,2286.57,2024-10-16
2263,323,384,15,6,784.97,2026-06-19
2264,981,451,53,4,934.41,2025-05-02
2265,574,259,10,6,349.51,2025-03-31
2266,620,118,58,6,2001.59,2026-06-04
2267,848,424,17,7,912.0,2025-12-14
2268,932,209,87,9,1238.16,2024-11-23
2269,621,134,37,10,3396.33,2025-06-24
2270,84,210,54,6,1023.87,2025-02-20
2271,590,254,81,9,4427.63,2024-11-26
2272,898,233,2,4,1807.76,2026-06-15
2273,270,392,71,3,233.94,2025-12-20
2274,130,446,5,8,3012.56,2026-03-15
2275,171,38,17,7,220.41,2025-09-18
2276,941,199,55,9,3924.92,2025-01-11
2277,714,286,31,6,487.06,2024-09-26
2278,919,423,44,5,385.67,2025-08-28
2279,111,370,6,10,3122.04,2024-12-28
2280,364,487,58,2,749.2,2025-07-16
2281,759,428,56,7,2259.6,2026-01-13
2282,717,69,94,5,1918.38,2025-12-15
2283,604,470,66,3,1102.14,2025-10-27
2284,8,304,76,2,186.17,2024-07-20
2285,465,195,42,6,2060.85,2025-04-19
2286,740,302,36,8,838.61,2025-04-06
2287,506,175,7,2,262.97,2025-11-19
2288,538,297,66,10,2684.85,2024-10-22
2289,394,164,97,7,1098.46,2025-01-28
2290,43,417,95,3,1433.06,2025-09-03
2291,285,295,79,4,906.63,2025-02-13
2292,292,85,16,6,406.46,2025-07-24
2293,450,115,22,5,757.24,2026-04-15
2294,266,311,97,-5,2354.09,2025-08-29
2295,683,143,19,2,927.54,2024-11-21
2296,859,261,97,2,238.57,2024-10-09
2297,925,21,70,3,99.38,2025-02-12
2298,7,251,4,9,3631.65,2024-11-20
2299,965,486,74,6,705.05,2025-04-16
2300,534,65,59,7,2599.82,2026-06-22
2301,734,362,16,5,2303.19,2026-01-12
2302,506,135,12,8,3573.3,2025-09-17
2303,750,343,15,3,1490.03,2025-10-03
2304,763,407,29,6,2434.49,2025-08-29
2305,520,172,36,2,354.03,2025-05-31
2306,526,345,100,8,2581.6,2025-10-13
2307,323,457,5,2,718.54,2026-06-23
2308,723,407,67,7,477.47,2025-07-01
2309,572,339,81,6,668.35,2026-04-10
2310,643,5,32,1,475.61,2024-08-12
2311,894,483,29,3,904.33,2025-08-26
2312,156,249,24,4,589.35,2025-09-19
2313,204,326,12,8,1245.18,2025-04-03
2314,768,110,1,9,3882.92,2026-05-22
2315,572,313,27,7,366.0,2025-09-21
2316,705,135,79,3,115.89,2025-05-25
2317,241,327,45,7,2260.25,2025-02-12
2318,978,93,39,8,2196.97,2026-07-06
2319,685,249,63,4,1760.08,2024-11-08
2320,557,247,38,7,2148.75,2024-09-27
2321,987,452,97,2,250.17,2026-05-29
2322,458,167,32,5,1107.03,2026-04-04
2323,476,490,41,7,529.15,2025-05-27
2324,408,361,17,2,373.68,2025-10-19
2325,885,251,77,8,3386.06,2026-05-27
2326,30,149,35,7,2449.07,2026-01-12
2327,872,401,53,9,1109.26,2025-10-26
2328,331,134,87,1,289.88,2026-05-06
2329,829,227,55,6,1304.34,2024-11-10
2330,56,138,63,7,1015.95,2026-02-20
2331,839,24,40,4,732.5,2025-10-21
2332,587,449,22,8,1733.68,2025-04-23
2333,641,57,79,9,1070.79,2025-10-21
2334,620,277,3,10,1782.48,2025-05-18
2335,93,400,91,1,405.16,2025-09-09
2336,786,393,71,6,2747.22,2025-03-10
2337,532,108,47,2,668.73,2025-10-11
2338,161,430,69,9,1037.26,2026-01-26
2339,235,149,21,7,3028.67,2025-07-25
2340,221,284,94,6,1074.73,2024-11-19
2341,37,433,3,4,1884.83,2024-10-30
2342,408,406,63,9,622.89,2025-02-27
2343,309,13,30,1,95.33,2025-09-04
2344,768,64,49,4,144.85,2025-09-14
2345,759,449,35,7,580.81,2025-04-10
2346,517,370,91,2,113.47,2024-10-08
2347,761,426,70,7,207.72,2025-04-20
2348,98,377,76,10,4611.08,2024-09-21
2349,621,440,40,7,792.79,2025-08-10
2350,762,12,39,6,1344.44,2025-06-29
2351,103,136,84,5,1201.37,2025-11-02
2352,299,220,12,10,2462.72,2026-06-18
2353,575,143,62,4,1936.42,2024-10-19
2354,547,260,32,5,2278.4,2025-06-26
2355,509,373,51,7,197.83,2026-02-04
2356,732,56,58,6,2316.58,2025-02-18
2357,26,204,99,4,1189.53,2025-08-23
2358,489,289,14,4,938.4,2025-12-16
2359,830,323,11,5,897.85,2026-06-20
2360,213,443,63,2,578.45,2025-05-01
2361,145,207,79,10,1399.85,2026-04-07
2362,860,291,98,8,2169.88,2024-07-25
2363,506,130,53,4,193.15,2025-03-08
2364,855,78,5,5,1877.23,2025-12-06
2365,614,209,1,6,2104.31,2024-09-28
2366,774,288,63,5,1756.95,2025-08-29
2367,983,334,31,9,2339.2,2025-02-12
2368,495,264,72,6,1448.75,2026-02-09
2369,436,359,10,2,924.38,2026-02-21
2370,14,83,67,7,567.67,2025-08-02
2371,449,446,15,2,199.55,2025-03-29
2372,508,88,81,1,445.04,2025-04-27
2373,767,448,71,9,2284.68,2025-04-16
2374,304,61,56,7,1482.0,2026-02-03
2375,902,347,35,5,1827.86,2025-05-06
2376,911,191,73,9,1572.71,2025-01-23
2377,536,351,27,3,263.79,2024-12-30
2378,381,266,78,10,4769.58,2024-10-06
2379,216,480,43,5,1233.06,2024-08-07
2380,733,425,61,3,296.5,2025-08-08
2381,184,77,61,1,172.49,2024-09-26
2382,6,160,90,2,993.58,2026-04-13
2383,97,276,59,4,462.59,2026-06-09
2384,640,240,77,6,392.78,2025-09-28
2385,652,287,29,3,156.15,2026-02-08
2386,951,99,36,6,1931.01,2026-04-13
2387,889,219,75,5,2069.81,2025-11-15
2388,786,207,33,5,981.46,2025-04-03
2389,676,104,10,9,2517.19,2025-08-02
2390,749,111,36,10,931.62,2026-07-06
2391,105,65,67,3,438.63,2026-01-11
2392,393,170,74,10,3295.18,2024-08-25
2393,990,414,95,10,3102.92,2026-07-01
2394,485,108,22,10,3408.79,2024-10-09
2395,222,47,79,1,396.02,2025-09-24
2396,487,448,1,3,266.4,2025-02-15
2397,994,27,18,6,344.03,2026-05-29
2398,436,341,61,9,3667.25,2024-09-13
2399,779,61,31,6,991.37,2025-05-21
2400,793,198,91,9,1878.83,2024-09-17
2401,859,268,41,8,1523.17,2026-04-22
2402,620,432,28,9,517.82,2025-11-01
2403,854,143,92,3,1421.51,2025-12-25
2404,574,227,63,3,1269.42,2025-11-20
2405,572,461,56,5,1744.88,2025-08-16
2406,887,188,60,6,632.68,2026-07-03
2407,219,316,72,6,2218.06,2024-08-22
2408,184,478,96,4,814.32,2025-10-06
2409,370,270,25,1,114.0,2026-05-23
2410,337,49,48,1,301.37,2025-10-02
2411,14,311,35,5,1306.7,2025-12-19
2412,658,246,51,1,330.66,2025-07-25
2413,722,130,36,1,497.95,2025-09-02
2414,844,16,92,1,486.15,2025-10-22
2415,648,233,63,8,3989.37,2025-01-08
2416,896,332,97,3,741.77,2024-11-26
2417,40,190,4,9,3668.1,2024-09-26
2418,157,362,95,10,4492.47,2026-06-14
2419,135,43,54,3,1314.12,2025-10-21
2420,653,364,8,2,93.81,2024-07-19
2421,558,143,25,6,400.73,2025-12-23
2422,341,429,87,10,3739.78,2025-11-13
2423,174,464,76,6,2705.48,2026-04-11
2424,964,341,52,6,1607.06,2025-10-10
2425,686,32,9,7,2954.73,2025-03-18
2426,514,76,94,4,1664.09,2025-02-01
2427,455,23,36,5,301.52,2025-01-28
2428,518,210,23,10,1153.68,2025-11-22
2429,575,180,16,1,169.36,2025-05-22
2430,857,357,12,6,1462.81,2026-05-21
2431,91,60,12,10,4665.31,2026-04-15
2432,191,163,76,3,1110.55,2025-01-24
2433,808,6,28,1,388.03,2024-07-16
2434,899,371,32,6,1445.81,2025-07-29
2435,658,483,25,5,2109.54,2025-03-06
2436,389,362,37,3,507.1,2025-04-04
2437,579,162,53,3,461.71,2026-01-28
2438,280,453,26,4,1683.73,2026-03-02
2439,266,358,57,3,1470.16,2025-08-05
2440,364,297,47,5,321.79,2025-02-21
2441,536,231,81,6,2344.43,2025-12-08
2442,855,300,50,3,112.89,2026-06-02
2443,216,360,56,3,834.65,2024-09-16
2444,699,408,37,6,1980.5,2024-12-06
2445,992,258,71,4,736.99,2026-04-01
2446,792,108,34,5,317.82,2025-05-23
2447,33,473,15,4,977.96,2025-07-27
2448,191,244,18,9,3024.0,2024-09-07
2449,382,289,49,8,2413.39,2026-04-22
2450,331,360,14,10,4526.12,2025-11-07
2451,9,82,54,6,2623.67,2025-10-01
2452,664,463,13,8,1445.3,2025-09-26
2453,314,84,60,3,1374.93,2026-01-05
2454,23,225,79,9,984.21,2025-03-29
2455,712,223,94,8,2439.33,2025-12-16
2456,250,130,93,7,1731.2,2026-03-10
2457,495,348,52,6,1850.71,2025-09-26
2458,952,450,30,5,196.31,2024-11-26
2459,437,397,35,9,645.93,2024-10-31
2460,30,84,66,10,2123.6,2025-06-13
2461,908,306,90,3,1388.19,2025-03-26
2462,996,291,97,9,1037.36,2025-08-15
2463,342,404,7,3,247.04,2024-09-04
2464,785,73,45,2,336.9,2024-08-26
2465,472,1,85,8,1680.62,2025-12-03
2466,177,155,40,3,348.59,2026-01-03
2467,879,105,56,2,217.21,2024-11-03
2468,158,351,72,2,735.17,2024-12-12
2469,164,177,13,6,134.24,2025-05-16
2470,404,358,28,8,2271.34,2026-05-17
2471,852,238,91,8,2726.8,2025-10-14
2472,99,199,17,4,1545.07,2024-11-24
2473,137,205,99,6,2317.57,2026-03-29
2474,840,346,94,6,2706.3,2026-01-29
2475,547,37,45,7,2145.71,2026-02-24
2476,994,301,4,8,2732.33,2025-09-23
2477,183,394,31,4,1780.33,2026-03-15
2478,514,422,1,6,1163.37,2026-02-10
2479,408,469,10,10,3076.02,2025-12-03
2480,193,23,28,4,345.11,2025-06-24
2481,348,197,84,5,1144.96,2025-11-27
2482,292,160,50,-5,673.02,2025-02-26
2483,982,489,54,8,293.73,2024-12-11
2484,699,265,14,3,295.5,2026-06-01
2485,355,352,94,8,3255.92,2024-07-18
2486,415,412,2,2,669.63,2026-04-05
2487,589,260,50,3,519.4,2025-03-26
2488,670,492,86,8,204.5,2026-01-01
2489,56,156,55,7,1559.46,2026-04-30
2490,119,310,58,5,1880.96,2024-12-06
2491,485,365,43,9,1790.61,2025-11-06
2492,115,403,23,9,4378.05,2025-05-07
2493,393,446,87,7,1926.55,2025-06-03
2494,346,486,91,2,184.37,2026-06-28
2495,528,417,79,10,1437.62,2025-05-21
2496,476,145,6,8,1829.97,2024-08-13
2497,472,188,7,2,873.18,2025-01-27
2498,259,218,44,10,3494.66,2025-07-24
2499,25,278,35,5,1940.4,2026-02-27
2500,428,9,58,3,482.27,2024-08-14
2501,37,306,15,6,977.33,2026-04-16
2502,545,379,51,6,2227.88,2024-10-19
2503,548,49,17,4,416.45,2025-10-14
2504,442,458,36,3,971.4,2024-11-07
2505,706,317,32,6,2918.94,2025-03-29
2506,42,40,42,9,2638.37,2026-03-31
2507,624,371,82,6,230.27,2025-01-07
2508,743,41,44,2,406.64,2025-04-15
2509,23,95,96,5,1114.07,2025-12-28
2510,761,453,11,5,1831.83,2026-05-06
2511,813,99,74,7,3382.94,2025-04-10
2512,631,264,70,5,2487.8,2026-01-24
2513,51,192,74,4,1412.97,2025-08-20
2514,958,224,36,8,986.4,2024-08-10
2515,688,24,78,3,458.67,2025-01-03
2516,695,146,35,7,3196.75,2025-09-24
2517,20,401,54,1,215.45,2025-07-27
2518,474,307,82,3,455.67,2025-12-14
2519,231,10,91,6,399.79,2024-09-30
2520,627,148,94,6,756.65,2025-08-04
2521,603,216,82,10,4169.48,2026-06-28
2522,399,244,72,10,1778.01,2026-02-19
2523,328,178,57,1,184.62,2025-02-25
2524,761,256,27,3,725.2,2025-08-19
2525,690,200,33,9,3194.17,2025-12-31
2526,873,293,11,7,248.42,2025-12-02
2527,354,43,27,8,2315.49,2025-04-18
2528,299,385,41,9,1774.91,2025-08-14
2529,31,80,80,8,2750.09,2026-07-03
2530,361,290,56,10,1000.32,2025-02-20
2531,24,385,37,7,3485.97,2025-06-21
2532,241,193,69,9,3394.3,2026-04-02
2533,972,436,16,3,604.94,2026-05-23
2534,217,57,74,2,419.92,2025-01-23
2535,163,393,100,5,528.69,2025-01-16
2536,361,385,28,7,1988.24,2026-03-11
2537,286,164,99,7,3165.54,2025-11-24
2538,681,453,88,6,1935.19,2024-10-23
2539,546,201,29,6,1566.64,2025-07-17
2540,476,147,58,7,1802.64,2025-05-31
2541,182,205,37,3,1390.43,2025-06-12
2542,343,391,60,1,275.68,2025-11-25
2543,101,197,75,3,1044.03,2024-10-01
2544,421,97,82,7,3413.47,2024-10-26
2545,142,313,80,1,317.06,2025-07-25
2546,614,293,94,9,4495.29,2025-05-21
2547,333,313,32,7,3316.84,2026-02-28
2548,484,351,12,3,879.8,2026-07-03
2549,616,453,84,6,185.43,2025-11-10
2550,885,99,21,7,1994.91,2026-06-22
2551,896,123,23,8,1577.21,2025-05-26
2552,944,103,42,8,3758.62,2025-07-12
2553,916,16,27,3,481.89,2025-10-26
2554,251,351,78,10,2413.66,2025-11-22
2555,816,91,60,8,3960.5,2025-11-30
2556,823,310,43,9,2950.76,2025-04-02
2557,740,493,9,3,412.6,2025-10-17
2558,699,347,53,1,379.33,2025-01-25
2559,883,198,10,9,4480.71,2025-12-20
2560,905,367,69,7,3357.45,2025-10-23
2561,622,332,69,2,727.16,2024-10-07
2562,848,372,8,1,230.49,2026-01-30
2563,849,422,93,5,2047.99,2024-12-24
2564,734,475,66,1,194.42,2026-05-24
2565,128,54,19,8,1805.78,2025-01-11
2566,594,386,15,5,1919.06,2024-09-22
2567,673,174,19,3,587.71,2025-10-09
2568,216,136,13,4,1607.46,2025-02-10
2569,76,235,91,6,1969.06,2025-11-16
2570,776,134,44,8,3049.61,2025-04-29
2571,339,404,58,5,1754.07,2026-01-08
2572,609,19,98,5,1463.75,2026-03-07
2573,296,14,29,3,273.15,2026-02-05
2574,731,150,40,6,1742.99,2024-09-12
2575,313,244,92,3,877.4,2025-06-14
2576,159,381,89,8,2745.39,2025-07-18
2577,300,440,50,3,271.0,2025-06-24
2578,29,436,28,5,1628.23,2026-02-15
2579,599,7,34,10,1654.19,2025-03-03
2580,764,446,67,6,2196.88,2026-06-18
2581,922,88,45,7,1742.63,2026-05-27
2582,514,161,67,3,905.48,2026-03-27
2583,949,249,83,6,1208.58,2024-09-10
2584,494,90,62,3,1313.93,2026-05-04
2585,970,34,44,7,187.82,2026-05-19
2586,230,77,36,4,673.87,2024-08-11
2587,809,62,84,10,3934.47,2025-01-16
2588,471,292,82,4,764.48,2025-02-18
2589,867,420,68,1,423.19,2025-09-09
2590,373,341,5,4,1503.45,2025-04-09
2591,975,169,65,7,2244.71,2026-05-23
2592,985,274,95,2,300.61,2025-08-07
2593,994,409,8,9,3949.7,2025-04-19
2594,254,126,33,8,2336.14,2026-04-16
2595,667,440,32,3,1053.17,2025-01-12
2596,468,91,6,4,1404.1,2025-02-21
2597,285,47,96,10,1475.66,2025-12-07
2598,940,33,17,4,1488.01,2025-01-20
2599,213,117,32,9,1487.93,2026-04-25
2600,489,238,13,10,3856.07,2024-07-15
2601,53,164,82,9,3988.69,2026-02-01
2602,120,227,11,2,228.57,2026-03-05
2603,556,302,28,8,918.0,2025-06-20
2604,583,5,75,10,2538.71,2024-07-18
2605,115,369,57,7,3033.43,2024-08-07
2606,651,315,97,4,1210.76,2025-10-06
2607,258,387,53,8,3970.19,2024-07-14
2608,647,91,43,10,1499.57,2025-03-16
2609,291,488,83,9,2267.77,2026-03-15
2610,545,128,44,5,734.08,2025-12-21
2611,516,159,81,5,1726.82,2025-05-20
2612,775,485,24,8,588.05,2025-12-13
2613,915,499,66,8,185.03,2025-02-23
2614,184,34,98,8,2063.83,2025-07-21
2615,97,474,57,7,2401.2,2025-09-03
2616,552,422,24,6,1957.1,2026-05-25
2617,782,119,28,4,1575.28,2025-03-17
2618,328,393,68,5,1304.27,2024-07-28
2619,308,475,79,8,555.2,2025-10-17
2620,159,166,21,4,1176.34,2026-01-27
2621,805,88,21,4,1551.48,2026-04-30
2622,334,490,67,10,3380.44,2024-09-06
2623,808,214,100,8,2669.4,2025-10-10
2624,270,242,39,5,648.94,2025-04-14
2625,342,373,46,6,537.56,2025-10-24
2626,436,289,51,6,1415.16,2025-11-15
2627,963,207,8,7,159.06,2026-03-02
2628,825,72,59,7,1328.14,2025-11-27
2629,722,104,27,5,146.75,2024-07-19
2630,383,13,42,5,807.51,2024-09-21
2631,334,286,72,7,2797.49,2025-05-29
2632,633,258,57,4,1611.15,2024-07-30
2633,249,83,42,5,356.4,2026-06-06
2634,608,241,6,8,3775.34,2025-06-23
2635,931,362,63,7,2451.01,2024-08-24
2636,622,301,49,4,617.87,2026-03-27
2637,655,176,36,1,68.69,2025-03-20
2638,946,146,15,9,1776.02,2024-10-21
2639,768,38,42,8,675.65,2025-12-05
2640,895,78,76,7,2909.68,2024-10-23
2641,576,46,57,5,1477.81,2025-03-10
2642,560,391,85,4,709.46,2026-01-22
2643,837,150,89,5,1436.02,2024-12-24
2644,789,35,90,1,87.42,2025-03-02
2645,370,464,99,6,2876.74,2024-08-09
2646,220,95,42,8,3029.53,2025-05-05
2647,371,171,26,8,1034.3,2024-07-09
2648,766,478,3,5,712.86,2025-01-24
2649,421,219,51,3,231.63,2025-11-11
2650,852,271,8,8,3224.69,2025-01-11
2651,580,224,5,9,1793.41,2025-02-14
2652,335,405,69,9,3951.71,2025-12-21
2653,342,325,9,8,1245.36,2024-07-18
2654,998,286,100,2,582.69,2025-02-03
2655,818,263,12,2,550.49,2025-01-27
2656,625,333,25,10,4627.99,2025-11-13
2657,442,419,36,2,776.43,2025-09-15
2658,902,379,20,8,1892.95,2026-02-19
2659,664,295,44,6,330.31,2025-01-25
2660,710,379,56,8,2186.42,2026-01-11
2661,301,4,80,1,212.7,2025-02-08
2662,231,166,55,7,203.41,2026-01-30
2663,229,300,87,3,432.75,2025-04-22
2664,670,341,26,6,1653.21,2026-02-12
2665,915,451,92,10,4641.71,2024-09-05
2666,792,76,27,10,932.5,2026-06-24
2667,27,274,78,5,535.81,2024-10-14
2668,554,179,9,1,394.14,2024-09-26
2669,951,118,85,6,2627.2,2026-06-20
2670,168,218,35,4,467.27,2025-06-02
2671,223,396,46,4,1877.7,2024-12-30
2672,921,484,57,1,85.91,2025-04-09
2673,385,14,57,2,840.79,2024-09-11
2674,458,225,52,4,810.4,2026-06-07
2675,390,303,16,4,474.81,2024-08-25
2676,519,468,75,2,970.47,2024-12-23
2677,775,108,16,9,705.76,2026-04-25
2678,367,384,41,8,3004.07,2024-11-06
2679,93,410,65,7,781.7,2025-10-13
2680,521,58,59,6,1496.58,2026-01-07
2681,823,216,52,1,23.48,2025-10-18
2682,969,159,9,2,380.49,2026-01-26
2683,668,154,30,7,3318.36,2025-10-23
2684,830,200,61,2,664.42,2026-03-10
2685,282,374,83,1,476.63,2026-03-06
2686,868,128,23,6,250.66,2025-09-30
2687,532,80,18,10,244.51,2026-05-23
2688,63,306,27,8,3087.19,2025-12-16
2689,425,422,21,5,992.09,2024-08-28
2690,959,266,20,7,719.33,2025-09-18
2691,948,57,21,3,585.7,2025-06-12
2692,314,207,81,1,258.83,2026-02-03
2693,272,319,42,6,2737.86,2026-02-27
2694,340,15,61,1,395.97,2024-12-08
2695,148,468,53,1,372.78,2025-08-15
2696,781,307,93,1,278.95,2024-08-16
2697,103,8,45,9,913.28,2024-10-02
2698,68,58,61,4,256.88,2025-09-08
2699,877,460,69,8,3936.14,2025-03-16
2700,618,415,82,8,676.12,2025-01-29
2701,481,461,33,1,169.49,2025-07-11
2702,553,188,79,3,524.94,2025-12-30
2703,767,426,74,2,498.68,2024-10-07
2704,528,67,19,4,321.6,2025-05-02
2705,762,49,92,4,1345.68,2026-06-01
2706,630,54,32,7,1088.53,2026-05-24
2707,748,338,39,4,561.29,2025-05-12
2708,474,343,76,6,2166.13,2024-11-24
2709,905,137,98,9,2413.03,2025-02-02
2710,384,339,19,3,532.24,2025-06-19
2711,872,18,96,10,3734.77,2025-11-05
2712,814,102,24,7,2263.12,2026-02-03
2713,35,428,31,1,88.62,2024-10-28
2714,12,293,62,3,631.34,2024-08-27
2715,193,322,74,8,3453.49,2026-05-24
2716,220,233,80,7,1659.07,2025-10-23
2717,121,382,36,5,1410.11,2024-12-09
2718,346,457,24,9,4171.19,2026-02-10
2719,893,250,99,5,918.36,2025-07-19
2720,99,343,44,9,2151.29,2026-02-25
2721,801,188,55,9,1315.57,2026-04-23
2722,130,49,30,1,483.08,2025-05-07
2723,124,282,92,8,3347.5,2026-03-29
2724,356,158,58,5,403.12,2025-05-20
2725,963,43,65,7,1999.08,2024-11-25
2726,964,454,66,3,632.48,2024-08-08
2727,697,114,100,4,352.08,2026-05-28
2728,763,182,68,1,115.37,2025-10-20
2729,577,441,68,10,3943.7,2025-08-15
2730,546,186,70,9,383.02,2024-07-18
2731,544,86,48,4,1411.89,2026-04-29
2732,170,326,82,3,204.2,2025-08-07
2733,953,385,92,10,1286.04,2025-02-18
2734,979,313,55,3,838.78,2024-08-13
2735,983,497,52,4,614.57,2026-01-27
2736,535,498,54,5,1035.45,2025-07-06
2737,140,370,39,8,1957.14,2025-10-09
2738,726,285,86,1,55.94,2025-04-10
2739,752,314,77,5,601.01,2025-01-30
2740,421,72,19,2,96.85,2024-07-26
2741,783,498,32,8,3318.17,2025-04-21
2742,662,215,51,7,2782.01,2026-01-11
2743,855,180,10,10,1128.18,2026-05-24
2744,283,72,52,4,1929.65,2024-12-10
2745,600,484,87,2,736.94,2026-03-20
2746,146,345,36,3,356.4,2026-06-24
2747,121,267,40,6,151.01,2025-05-28
2748,644,307,61,9,623.28,2026-06-14
2749,306,421,16,4,1348.01,2025-05-02
2750,466,79,10,9,3389.38,2025-11-19
2751,973,21,49,6,2640.68,2025-04-27
2752,478,219,75,5,370.81,2025-09-25
2753,709,444,63,3,1321.79,2025-08-18
2754,106,46,94,5,639.12,2024-11-27
2755,886,186,31,10,4806.73,2024-07-26
2756,987,222,54,8,3372.96,2025-12-19
2757,886,395,36,1,326.27,2025-09-20
2758,656,261,43,5,2271.36,2025-05-18
2759,258,183,11,7,2381.05,2025-09-11
2760,826,249,32,1,68.54,2025-07-16
2761,606,223,86,10,2575.89,2024-09-30
2762,800,424,91,5,349.52,2025-02-14
2763,858,290,49,8,2312.98,2026-03-03
2764,948,342,49,10,2691.04,2024-10-06
2765,605,430,83,1,308.8,2026-02-27
2766,121,495,98,2,592.6,2025-11-24
2767,689,364,78,4,772.55,2024-12-19
2768,736,382,6,7,2879.35,2025-09-16
2769,451,437,59,6,1983.61,2026-04-14
2770,39,482,52,10,4344.37,2024-12-31
2771,27,111,73,7,2388.07,2025-06-24
2772,969,169,13,3,94.77,2025-08-24
2773,822,15,94,5,2309.61,2026-05-26
2774,260,184,88,8,3421.81,2025-07-23
2775,989,128,36,6,1134.85,2025-03-16
2776,333,235,90,8,3169.45,2026-01-03
2777,165,108,72,5,1944.67,2025-07-20
2778,759,206,97,9,2980.6,2025-12-15
2779,177,433,64,6,2369.19,2025-07-26
2780,632,276,95,2,360.41,2025-07-27
2781,314,52,93,4,,2025-05-19
2782,321,319,64,2,653.87,2025-04-19
2783,208,136,91,3,1149.45,2024-12-12
2784,826,225,47,8,1506.28,2025-10-02
2785,331,9,15,3,1441.4,2024-08-28
2786,931,260,90,4,1197.15,2026-02-14
2787,574,276,23,9,1459.6,2026-01-09
2788,78,102,12,7,2218.06,2024-11-04
2789,937,449,85,2,723.2,2026-04-04
2790,150,367,44,7,3003.42,2025-10-19
2791,137,472,50,9,1708.41,2026-03-24
2792,754,418,38,2,851.21,2025-11-19
2793,85,166,29,10,2936.51,2025-11-25
2794,252,281,20,8,3332.35,2024-10-26
2795,230,427,89,5,163.26,2026-01-10
2796,232,226,83,4,551.08,2025-08-10
2797,304,125,3,4,359.12,2025-10-29
2798,450,213,72,10,2519.71,2024-09-13
2799,197,212,24,9,4492.97,2026-05-13
2800,643,295,50,9,2689.47,2025-12-13
2801,373,412,34,5,1796.19,2025-04-28
2802,922,474,31,7,1383.97,2024-11-29
2803,79,491,89,6,1676.26,2025-07-29
2804,848,360,32,3,523.19,2024-12-16
2805,99,470,65,9,2681.1,2024-09-06
2806,108,414,78,8,2215.78,2024-08-27
2807,735,360,83,4,1462.6,2025-01-03
2808,230,239,35,9,3727.05,2024-12-21
2809,472,317,57,10,4215.74,2025-04-16
2810,67,489,22,8,2429.68,2025-08-21
2811,573,333,8,1,288.78,2025-07-12
2812,724,76,9,6,1492.68,2026-01-03
2813,737,142,73,6,308.39,2025-10-02
2814,746,15,92,5,2373.64,2025-12-17
2815,722,392,18,10,2555.89,2026-03-20
2816,463,159,69,7,863.09,2025-05-17
2817,584,409,66,5,893.28,2024-10-31
2818,553,349,76,7,624.62,2025-02-27
2819,995,313,7,6,2604.67,2024-08-05
2820,794,37,79,6,1811.85,2025-04-09
2821,748,83,94,2,548.58,2024-10-19
2822,616,397,98,4,557.7,2025-04-25
2823,31,333,64,3,1263.46,2026-02-14
2824,97,485,52,2,358.52,2026-03-27
2825,702,199,53,10,3564.46,2024-08-24
2826,142,434,44,7,2479.95,2025-04-10
2827,364,91,91,3,198.04,2024-11-22
2828,512,47,24,7,3093.66,2025-11-07
2829,233,180,83,5,1063.43,2026-04-27
2830,770,49,68,2,366.13,2025-06-18
2831,621,32,72,5,148.96,2025-08-16
2832,98,87,1,1,347.7,2025-06-28
2833,335,197,40,9,234.34,2025-06-05
2834,582,289,48,1,404.02,2024-12-23
2835,194,326,80,2,957.48,2025-04-25
2836,224,500,45,8,858.06,2026-06-22
2837,935,80,77,2,877.21,2025-05-29
2838,913,226,91,6,1773.08,2025-03-20
2839,834,420,57,3,790.55,2024-12-03
2840,958,276,16,1,318.6,2025-06-13
2841,111,179,88,5,2344.08,2025-11-05
2842,172,461,13,3,909.75,2026-03-11
2843,159,314,44,8,901.73,2025-05-23
2844,562,426,50,8,3725.85,2025-10-06
2845,685,284,9,8,3785.0,2025-05-21
2846,145,123,63,6,829.12,2026-05-11
2847,43,184,8,4,1604.58,2025-08-29
2848,932,338,91,8,3273.88,2024-12-13
2849,533,47,85,10,674.15,2026-06-20
2850,577,295,90,6,2746.18,2024-12-01
2851,776,280,83,9,2433.63,2025-08-25
2852,139,230,98,4,622.52,2025-06-03
2853,642,219,52,4,642.48,2026-01-04
2854,503,13,63,7,1406.94,2025-01-01
2855,496,313,50,2,348.65,2025-08-18
2856,806,395,37,5,1294.28,2026-05-13
2857,43,97,12,1,273.22,2025-01-22
2858,766,461,74,5,2241.02,2025-05-19
2859,322,379,7,9,928.91,2025-12-10
2860,990,156,50,9,300.8,2025-12-19
2861,551,27,88,4,755.39,2025-04-24
2862,537,435,23,7,2621.49,2026-02-01
2863,716,23,28,9,1781.96,2025-04-13
2864,191,457,29,2,478.94,2026-03-21
2865,209,254,27,6,330.13,2025-07-03
2866,16,24,49,10,3274.02,2026-06-08
2867,120,474,38,4,1808.62,2025-12-31
2868,676,417,43,1,454.11,2024-10-12
2869,847,117,48,3,1481.4,2024-10-21
2870,146,307,32,7,290.38,2024-10-04
2871,904,473,55,10,3408.96,2025-08-08
2872,924,321,40,10,3608.83,2025-04-15
2873,670,378,35,4,1885.32,2025-12-06
2874,426,422,53,7,2459.35,2025-09-15
2875,923,98,100,7,1074.37,2024-11-28
2876,11,321,89,8,1133.15,2025-08-17
2877,786,230,17,7,280.45,2026-02-22
2878,118,60,21,4,215.41,2026-03-07
2879,550,168,22,8,415.36,2026-01-21
2880,733,477,89,5,2392.76,2025-12-17
2881,294,146,73,7,1096.95,2024-09-02
2882,123,203,26,5,360.38,2025-02-08
2883,510,103,17,2,572.56,2025-02-13
2884,481,246,14,9,4480.81,2025-07-03
2885,854,199,24,2,259.5,2025-10-10
2886,826,35,31,2,772.04,2025-08-23
2887,449,379,19,7,2207.48,2025-07-21
2888,43,340,65,8,2452.49,2025-06-05
2889,743,163,6,4,1555.61,2026-06-14
2890,157,175,33,10,268.21,2026-02-07
2891,206,462,83,3,564.17,2025-05-15
2892,157,485,38,1,207.83,2026-06-23
2893,189,322,25,9,454.97,2025-04-25
2894,450,13,57,6,2015.08,2024-10-10
2895,617,271,37,2,849.69,2025-11-11
2896,561,494,41,9,875.94,2025-02-19
2897,67,210,67,1,73.46,2025-03-21
2898,738,87,93,9,255.44,2025-06-19
2899,147,462,14,6,1186.67,2025-11-18
2900,4,289,8,4,91.33,2025-03-06
2901,123,439,29,7,2722.82,2024-10-26
2902,76,11,84,1,290.55,2025-06-17
2903,661,198,37,8,3758.89,2026-07-07
2904,933,384,31,10,2056.48,2025-02-25
2905,354,326,59,8,2512.42,2024-07-14
2906,157,233,69,8,3690.6,2025-05-21
2907,294,327,94,6,764.66,2024-11-05
2908,398,132,21,3,1446.78,2025-07-28
2909,443,413,39,6,2251.22,2025-04-30
2910,421,364,70,3,121.28,2026-07-06
2911,129,431,81,4,1975.98,2025-09-26
2912,416,216,54,6,719.33,2024-11-02
2913,455,488,50,8,2976.45,2025-05-21
2914,334,341,52,8,1556.07,2025-05-28
2915,211,126,28,3,1101.56,2025-02-06
2916,971,448,94,4,1171.3,2025-01-16
2917,475,281,98,10,1944.39,2025-02-13
2918,315,110,51,7,1399.38,2026-06-01
2919,556,334,58,3,737.13,2025-01-08
2920,979,397,80,5,2271.22,2025-11-06
2921,223,173,71,7,310.98,2024-10-22
2922,960,265,56,3,1009.9,2025-07-19
2923,25,356,27,3,1418.21,2025-05-02
2924,177,140,96,7,2046.44,2026-03-02
2925,657,206,74,10,3892.35,2024-11-03
2926,325,240,32,4,369.31,2026-02-03
2927,499,162,79,3,1158.17,2024-11-28
2928,644,449,5,10,2746.82,2025-06-09
2929,88,11,2,2,795.48,2026-04-28
2930,93,161,46,1,179.12,2026-04-16
2931,981,110,40,4,1507.68,2026-04-04
2932,932,162,75,2,388.42,2026-01-31
2933,721,90,38,8,1984.34,2025-12-24
2934,576,82,20,-5,343.6,2026-03-18
2935,546,467,80,3,657.87,2024-08-30
2936,566,322,61,7,671.82,2025-03-11
2937,926,128,15,5,1755.91,2025-08-13
2938,100,387,6,3,1369.23,2026-01-28
2939,485,195,62,3,1327.53,2024-07-30
2940,601,353,47,3,1164.68,2024-10-20
2941,187,230,3,8,2405.98,2025-12-25
2942,581,177,44,8,3794.96,2026-05-30
2943,71,91,18,2,891.03,2025-12-09
2944,404,470,20,10,1640.5,2026-02-20
2945,810,492,86,2,993.18,2024-07-15
2946,329,150,92,4,1926.22,2025-06-11
2947,819,254,3,2,380.52,2025-04-23
2948,428,87,47,10,4477.03,2025-05-30
2949,287,267,4,5,560.86,2026-06-14
2950,171,27,84,8,1383.3,2026-02-28
2951,270,230,56,4,1424.99,2025-06-03
2952,768,389,85,6,236.51,2026-03-26
2953,341,283,5,8,2692.14,2025-04-23
2954,949,320,2,3,1315.74,2025-04-14
2955,390,103,61,10,292.22,2025-03-17
2956,712,345,35,7,1445.01,2026-02-15
2957,823,263,55,7,1267.73,2024-12-02
2958,136,483,45,7,2516.46,2026-02-22
2959,501,145,35,5,1425.72,2026-05-10
2960,941,344,11,2,916.82,2026-02-06
2961,918,59,3,6,2601.06,2025-11-03
2962,110,125,10,3,1220.97,2024-11-30
2963,158,293,31,3,597.68,2025-07-04
2964,10,371,2,2,869.14,2025-07-18
2965,633,37,20,6,2626.06,2025-09-24
2966,893,497,59,10,3205.41,2025-10-17
2967,109,314,16,6,2384.06,2025-10-18
2968,205,471,96,1,357.99,2025-10-10
2969,736,488,12,2,218.15,2025-03-02
2970,703,120,27,1,227.83,2025-01-05
2971,397,165,81,1,364.15,2025-09-20
2972,838,102,91,9,1012.2,2025-07-21
2973,191,241,37,8,2484.96,2025-05-20
2974,63,227,24,10,4352.04,2026-01-21
2975,181,499,26,9,207.27,2026-01-02
2976,556,295,25,5,445.34,2025-07-23
2977,78,97,24,2,714.75,2025-02-18
2978,234,84,51,6,2298.1,2024-07-14
2979,423,260,82,10,1624.25,2026-05-21
2980,257,423,45,5,623.82,2025-01-26
2981,671,456,88,4,1098.66,2025-11-13
2982,166,34,8,5,775.48,2026-01-16
2983,925,376,8,2,514.17,2024-09-01
2984,441,41,87,10,3827.12,2024-10-12
2985,763,346,12,8,206.08,2025-07-19
2986,939,469,47,6,1813.84,2026-03-05
2987,68,292,34,10,3455.34,2026-06-16
2988,761,416,62,6,1418.27,2025-03-25
2989,782,251,41,6,1559.12,2025-07-11
2990,195,117,76,9,4496.1,2025-07-28
2991,362,210,60,3,121.49,2024-11-23
2992,816,434,52,8,1405.57,2025-03-08
2993,476,232,20,8,3495.74,2024-09-01
2994,395,215,4,3,1122.52,2024-08-18
2995,391,446,81,3,1195.1,2024-11-09
2996,15,223,85,3,635.16,2025-01-20
2997,969,95,28,3,277.5,2025-06-04
2998,484,77,35,2,55.73,2026-03-20
2999,510,201,21,6,689.54,2025-02-15
3000,875,282,36,5,2091.47,2024-09-01
3001,622,371,64,4,444.7,2026-06-17
3002,873,82,63,7,1601.96,2026-05-06
3003,109,35,42,1,189.62,2024-07-08
3004,145,121,67,8,2494.02,2025-08-12
3005,427,252,2,8,3245.91,2026-06-04
3006,347,323,40,5,1615.62,2026-01-02
3007,125,307,17,10,2259.19,2025-02-21
3008,743,192,89,9,1397.8,2024-08-27
3009,994,243,9,3,592.18,2025-10-04
3010,428,127,27,1,234.6,2025-03-19
3011,932,447,41,6,2102.25,2025-02-22
3012,569,175,74,8,3181.34,2025-04-18
3013,924,66,42,6,2131.19,2024-10-11
3014,235,363,76,10,4861.45,2025-10-11
3015,840,128,63,10,1337.69,2026-07-08
3016,20,161,66,10,2454.81,2026-02-11
3017,152,320,42,2,408.78,2024-09-25
3018,474,309,94,2,548.07,2025-09-14
3019,399,399,25,5,260.62,2025-04-28
3020,373,435,100,5,1808.58,2026-06-09
3021,229,325,1,1,247.4,2025-12-27
3022,636,248,72,6,1145.77,2024-08-13
3023,980,164,63,3,1188.51,2024-10-09
3024,550,103,83,6,1861.74,2024-11-14
3025,612,310,16,4,1918.83,2026-04-19
3026,754,454,25,5,1860.21,2026-05-31
3027,290,128,49,9,3631.03,2024-10-05
3028,874,6,39,7,2494.17,2025-05-14
3029,304,13,4,5,590.18,2025-07-13
3030,477,398,19,7,404.46,2025-05-27
3031,569,81,77,8,2563.42,2025-02-22
3032,111,480,36,8,3072.49,2026-06-01
3033,724,311,59,8,1219.65,2026-03-17
3034,132,166,3,5,490.96,2026-03-27
3035,335,283,62,2,90.33,2025-05-20
3036,852,369,49,6,528.25,2024-08-31
3037,445,331,42,9,290.01,2025-07-05
3038,628,429,98,7,738.07,2024-07-11
3039,332,290,97,1,328.94,2024-07-18
3040,524,29,93,10,389.03,2025-12-12
3041,950,35,18,3,775.21,2025-04-03
3042,168,482,92,3,207.24,2025-05-19
3043,369,498,46,4,256.37,2025-02-20
3044,352,385,9,6,353.74,2026-01-27
3045,64,269,54,8,1698.15,2024-10-02
3046,562,422,12,7,2473.81,2025-02-03
3047,119,391,34,4,941.12,2024-10-01
3048,661,350,72,4,539.39,2026-02-05
3049,864,358,29,1,45.19,2026-01-27
3050,225,389,30,8,322.8,2024-12-17
3051,141,257,41,3,1434.37,2025-02-27
3052,650,344,51,6,1236.07,2025-01-05
3053,297,253,4,1,264.92,2024-12-17
3054,42,103,76,7,1988.1,2025-12-31
3055,597,252,1,1,120.24,2025-05-23
3056,596,452,48,6,2141.25,2025-07-09
3057,169,204,28,9,4061.86,2024-09-22
3058,938,322,96,3,832.17,2025-02-05
3059,570,192,66,10,1550.8,2025-04-12
3060,207,387,78,7,677.14,2025-12-17
3061,335,460,34,5,902.77,2025-07-10
3062,293,232,4,7,540.4,2025-09-20
3063,668,344,66,8,2476.93,2025-03-11
3064,116,22,50,7,827.42,2024-10-07
3065,896,106,26,2,753.1,2024-08-14
3066,306,427,89,10,3731.37,2024-07-28
3067,838,156,47,4,1782.37,2024-09-30
3068,642,118,73,8,368.77,2025-12-07
3069,25,159,2,5,620.33,2026-07-05
3070,882,171,27,4,1672.81,2026-02-22
3071,398,369,42,8,3795.69,2024-07-31
3072,617,386,22,8,3939.44,2026-05-10
3073,612,147,86,8,2003.87,2025-02-02
3074,110,453,1,4,229.13,2025-08-19
3075,878,6,36,1,317.25,2025-01-17
3076,391,374,73,1,165.65,2025-07-06
3077,377,111,83,3,200.02,2025-07-10
3078,760,449,48,4,1944.21,2026-05-06
3079,670,12,39,2,308.78,2025-04-10
3080,310,73,34,1,451.29,2024-10-26
3081,909,410,27,8,3731.68,2024-08-22
3082,763,488,88,2,922.63,2024-08-06
3083,955,244,23,1,442.54,2025-07-26
3084,743,121,59,1,74.04,2024-08-16
3085,280,139,3,10,3535.61,2024-07-09
3086,749,355,20,10,2502.68,2025-10-28
3087,695,194,4,4,205.1,2025-10-27
3088,851,239,53,1,258.76,2026-05-09
3089,591,460,6,3,1460.99,2026-02-07
3090,898,144,91,2,961.05,2026-04-14
3091,208,411,35,5,1825.29,2025-03-12
3092,987,447,25,1,342.2,2026-06-16
3093,830,1,84,4,1404.18,2026-04-13
3094,856,439,56,1,439.29,2025-08-19
3095,501,406,30,9,4293.27,2024-07-14
3096,91,307,48,1,157.53,2026-01-14
3097,558,84,48,8,3311.54,2025-07-28
3098,554,75,42,6,2211.45,2026-05-06
3099,595,206,48,6,1292.16,2026-03-03
3100,786,150,19,8,3936.69,2025-11-17
3101,418,185,56,8,2754.73,2024-10-23
3102,907,71,43,2,618.07,2025-06-18
3103,462,386,70,6,1978.94,2025-12-07
3104,352,260,81,3,1341.23,2024-10-21
3105,554,324,96,3,922.26,2025-05-29
3106,588,72,27,3,1285.58,2025-06-15
3107,430,451,15,7,414.66,2026-02-13
3108,533,54,74,9,2530.07,2026-06-08
3109,564,341,22,1,142.26,2025-06-14
3110,807,172,63,4,1393.3,2024-07-15
3111,857,409,48,2,352.47,2024-12-26
3112,536,337,51,9,4227.53,2025-01-08
3113,768,209,89,4,1187.88,2025-08-08
3114,660,233,20,2,256.78,2026-07-06
3115,915,407,65,4,1455.11,2024-08-16
3116,938,37,89,2,515.39,2025-05-10
3117,416,156,27,5,680.4,2026-06-15
3118,975,418,25,9,2937.23,2024-10-12
3119,303,62,27,1,27.79,2025-12-10
3120,697,37,9,3,1251.83,2025-07-26
3121,122,217,46,5,1186.24,2025-10-05
3122,612,154,44,7,175.51,2024-12-28
3123,312,220,80,7,1399.72,2025-08-27
3124,651,315,76,10,4613.87,2024-09-09
3125,33,256,41,1,345.98,2025-02-05
3126,718,243,50,6,209.4,2026-05-29
3127,433,353,76,9,3505.48,2025-08-11
3128,972,498,88,10,4427.05,2024-08-14
3129,390,20,63,8,3979.41,2024-12-01
3130,557,48,11,2,495.88,2024-08-21
3131,733,324,13,4,1470.61,2024-09-24
3132,346,124,78,8,1618.63,2025-10-14
3133,318,283,100,8,291.87,2024-07-27
3134,421,49,2,8,991.57,2025-07-19
3135,692,400,4,3,914.54,2025-06-13
3136,515,93,60,9,2099.94,2025-08-19
3137,398,411,69,5,1773.11,2024-07-15
3138,121,358,67,1,141.54,2026-02-20
3139,463,151,21,8,827.85,2025-09-15
3140,340,219,15,1,159.34,2025-02-04
3141,79,102,62,3,1454.73,2026-05-18
3142,397,398,96,8,1116.32,2024-07-09
3143,45,155,24,3,1172.35,2025-10-13
3144,700,299,64,4,732.94,2026-03-17
3145,828,359,15,4,1450.55,2025-05-31
3146,136,380,78,2,197.86,2024-07-15
3147,509,188,90,10,313.66,2025-05-27
3148,538,460,89,7,209.01,2025-03-18
3149,109,215,61,6,1948.32,2025-10-28
3150,571,360,55,1,153.87,2024-10-12
3151,270,450,86,2,102.57,2024-09-25
3152,520,471,32,6,1486.92,2026-04-08
3153,166,45,74,3,234.26,2024-12-01
3154,457,338,70,3,1017.08,2025-04-18
3155,490,35,85,6,1725.22,2026-05-02
3156,119,287,6,3,898.25,2024-12-31
3157,308,69,96,4,468.7,2026-02-13
3158,62,262,2,7,177.61,2025-10-18
3159,273,300,68,2,543.58,2026-05-22
3160,831,71,41,1,165.61,2026-05-01
3161,821,110,25,4,1732.32,2026-05-25
3162,220,51,23,8,1996.58,2026-05-15
3163,643,278,10,7,1998.19,2026-07-03
3164,879,262,19,3,1020.6,2024-08-16
3165,75,290,22,2,498.58,2025-11-03
3166,424,430,81,4,1283.73,2025-09-20
3167,848,135,53,6,2820.31,2025-02-03
3168,44,446,42,1,381.14,2025-01-30
3169,688,372,48,7,232.96,2025-04-12
3170,857,444,29,7,1651.42,2026-03-19
3171,973,405,66,3,750.29,2026-03-15
3172,774,326,21,7,2310.7,2024-12-04
3173,295,255,99,4,1230.04,2024-10-14
3174,32,214,9,2,455.43,2025-02-19
3175,914,398,19,9,546.52,2026-05-27
3176,403,144,60,1,197.37,2025-12-24
3177,549,310,42,6,994.07,2026-01-09
3178,482,262,63,5,2152.91,2024-08-08
3179,860,353,76,7,2684.92,2024-09-12
3180,620,307,85,9,4169.32,2025-08-22
3181,346,47,89,10,858.88,2026-05-01
3182,546,265,79,8,3904.87,2025-03-04
3183,275,479,35,2,281.53,2025-04-26
3184,234,161,42,5,1526.64,2025-01-26
3185,357,498,40,4,,2024-09-07
3186,531,347,53,4,1665.41,2025-08-23
3187,435,343,85,5,733.38,2024-10-16
3188,912,403,18,4,1555.16,2024-07-22
3189,703,186,92,5,555.92,2025-01-05
3190,210,409,60,9,2568.54,2024-10-24
3191,121,371,93,10,2696.54,2025-06-21
3192,211,307,82,5,1632.63,2024-09-09
3193,664,415,64,6,647.26,2026-05-08
3194,496,368,35,6,827.43,2025-12-19
3195,350,75,33,10,2403.58,2024-09-30
3196,128,495,49,10,545.84,2024-10-22
3197,4,35,25,9,4430.31,2025-05-19
3198,466,479,71,5,2326.73,2026-01-12
3199,524,291,54,10,4141.56,2026-04-19
3200,438,322,63,4,590.15,2026-07-07
3201,448,199,41,10,718.78,2025-10-14
3202,126,186,98,2,174.14,2025-06-03
3203,72,143,14,1,39.7,2024-07-21
3204,131,402,13,9,2492.16,2024-08-27
3205,913,339,73,7,828.44,2024-08-07
3206,346,320,93,1,24.73,2025-03-18
3207,247,119,29,5,782.05,2024-12-10
3208,770,137,71,10,3097.57,2025-03-25
3209,156,12,71,6,2541.41,2025-07-05
3210,226,88,50,10,1720.25,2025-08-26
3211,18,489,21,4,1120.09,2024-10-02
3212,629,499,35,2,588.39,2025-11-22
3213,253,433,53,8,638.32,2025-09-05
3214,625,85,23,4,544.69,2024-09-16
3215,4,123,86,4,616.58,2026-06-11
3216,882,308,50,5,1144.46,2025-02-11
3217,103,434,11,8,979.41,2026-03-02
3218,454,77,95,7,2533.75,2025-10-05
3219,769,195,3,7,2997.97,2025-12-07
3220,211,452,87,9,3485.04,2025-03-30
3221,897,269,44,8,1836.74,2024-08-25
3222,520,316,50,6,179.66,2024-11-28
3223,382,74,91,8,2489.17,2026-02-18
3224,716,350,49,2,616.92,2025-05-09
3225,213,112,41,3,1194.82,2026-03-08
3226,255,367,38,6,1286.69,2025-12-22
3227,899,241,4,4,808.53,2025-01-16
3228,715,34,58,10,1371.55,2026-03-11
3229,354,185,49,1,206.66,2025-09-10
3230,742,229,55,1,255.66,2026-02-03
3231,357,118,35,2,459.87,2024-11-29
3232,267,246,21,6,2745.4,2024-09-04
3233,600,331,67,3,375.56,2025-12-14
3234,201,434,5,10,2748.5,2025-07-25
3235,779,118,12,7,1364.96,2024-12-30
3236,713,284,7,3,193.02,2025-08-24
3237,955,131,58,5,290.21,2025-02-02
3238,880,224,36,3,482.14,2025-12-19
3239,320,86,67,3,389.89,2024-11-12
3240,95,318,7,2,262.54,2024-11-15
3241,804,447,95,10,3342.19,2025-10-02
3242,482,483,55,3,475.07,2025-12-26
3243,828,493,26,3,400.19,2026-03-06
3244,69,396,13,10,3620.14,2026-02-04
3245,184,274,16,5,2061.5,2024-07-31
3246,378,371,23,8,2285.2,2024-08-28
3247,192,126,2,3,828.47,2025-12-30
3248,785,140,66,6,2583.57,2025-08-16
3249,917,30,51,1,260.44,2026-03-16
3250,481,80,17,3,300.48,2025-08-05
3251,855,189,74,4,1734.44,2026-03-20
3252,466,90,91,5,1209.77,2024-09-23
3253,166,328,78,2,724.89,2026-01-09
3254,387,70,1,1,52.2,2024-12-26
3255,819,251,87,5,1205.85,2026-05-30
3256,744,207,68,7,1989.06,2024-09-07
3257,966,267,46,8,3854.48,2025-11-26
3258,858,384,52,10,2971.87,2026-02-18
3259,418,86,65,5,1356.33,2024-12-23
3260,38,106,10,8,644.76,2025-08-26
3261,863,153,15,10,4974.63,2026-03-31
3262,392,193,39,10,4539.99,2026-04-20
3263,499,102,97,6,188.76,2024-11-14
3264,794,327,97,1,123.47,2024-10-04
3265,605,405,98,3,707.91,2025-02-17
3266,310,203,32,3,994.66,2026-04-28
3267,233,463,57,3,83.58,2026-02-07
3268,478,365,60,5,1268.26,2026-03-04
3269,475,67,54,6,2661.26,2025-08-14
3270,150,460,82,1,137.78,2025-01-11
3271,55,180,60,2,323.6,2025-07-29
3272,894,222,10,7,3120.48,2024-12-21
3273,841,263,71,10,1610.96,2026-05-20
3274,890,434,62,8,315.61,2025-01-20
3275,199,159,65,2,378.38,2025-12-12
3276,104,75,96,3,75.92,2025-05-24
3277,26,261,28,9,1344.71,2025-07-07
3278,460,207,43,9,1783.87,2026-04-17
3279,637,168,37,10,2409.4,2026-06-18
3280,530,300,16,6,266.64,2025-11-15
3281,444,391,66,8,3072.61,2025-04-15
3282,562,374,96,1,339.83,2025-12-10
3283,992,79,49,10,2628.55,2024-09-21
3284,451,375,93,6,2022.57,2024-08-16
3285,781,469,26,5,445.48,2024-10-09
3286,283,202,29,2,632.2,2024-08-18
3287,13,489,18,1,41.13,2025-09-03
3288,199,214,20,4,883.28,2024-12-02
3289,262,470,27,7,1978.11,2024-12-03
3290,168,440,5,1,495.69,2025-08-19
3291,806,34,29,5,1845.37,2025-12-18
3292,170,474,87,8,3674.11,2025-08-20
3293,686,236,44,8,598.67,2025-12-22
3294,382,436,61,10,3694.03,2025-08-18
3295,562,456,95,5,1484.9,2025-04-29
3296,335,270,20,6,1938.79,2026-01-12
3297,286,413,77,10,2696.23,2025-02-06
3298,23,223,62,4,514.3,2026-07-03
3299,522,154,64,5,887.57,2025-03-31
3300,606,154,33,7,312.32,2025-03-17
3301,569,115,29,2,831.11,2026-07-08
3302,157,475,13,4,971.55,2024-08-18
3303,423,381,52,9,2365.24,2025-11-15
3304,307,42,32,7,2043.68,2026-04-17
3305,972,476,85,3,957.2,2026-03-04
3306,949,456,8,2,783.97,2026-05-26
3307,443,79,54,7,1503.91,2025-06-13
3308,342,481,48,8,3916.9,2026-01-11
3309,499,451,63,2,335.69,2024-11-14
3310,416,221,31,7,,2024-12-21
3311,824,85,44,5,683.77,2026-07-08
3312,608,193,11,3,921.09,2025-01-27
3313,816,378,2,2,118.81,2026-04-04
3314,505,460,12,3,838.13,2025-06-20
3315,3,242,23,3,1488.25,2024-08-24
3316,864,188,87,1,84.07,2024-10-26
3317,90,21,22,6,2038.25,2026-02-16
3318,40,299,11,5,892.34,2026-07-06
3319,842,473,25,1,314.89,2024-07-30
3320,844,252,14,3,1351.76,2025-08-10
3321,631,429,68,5,1524.09,2025-05-31
3322,292,71,9,2,838.53,2026-03-30
3323,267,81,83,8,2487.68,2024-07-26
3324,622,115,89,9,595.24,2025-11-12
3325,873,174,86,5,176.88,2026-05-27
3326,830,232,46,3,1060.67,2026-01-19
3327,670,362,52,9,1503.64,2026-02-18
3328,241,407,40,7,2851.41,2025-06-24
3329,473,77,91,6,726.38,2025-05-14
3330,61,301,16,3,112.99,2026-01-15
3331,460,65,20,3,215.05,2025-01-27
3332,341,353,41,2,311.18,2026-04-11
3333,494,223,53,10,1348.42,2026-05-20
3334,685,483,86,2,932.68,2026-01-27
3335,310,480,91,9,3330.92,2024-10-06
3336,672,18,47,4,1799.53,2025-08-19
3337,354,34,7,3,622.74,2025-02-11
3338,823,130,50,1,423.74,2025-04-16
3339,475,338,51,3,1230.03,2025-10-10
3340,836,168,96,6,1414.88,2026-01-03
3341,982,469,97,7,2352.24,2026-06-28
3342,189,4,22,10,4367.04,2026-03-24
3343,499,449,43,5,1097.92,2024-08-04
3344,144,123,66,3,120.52,2025-01-21
3345,285,465,26,10,2577.72,2025-04-23
3346,790,5,81,3,661.73,2024-08-28
3347,820,315,48,6,2168.73,2024-12-30
3348,495,396,65,6,127.88,2025-10-10
3349,341,349,85,4,485.24,2024-09-30
3350,401,456,68,9,1361.29,2024-10-05
3351,627,101,56,10,3139.83,2024-12-16
3352,737,303,71,1,238.38,2024-11-30
3353,774,234,6,5,1393.1,2026-01-29
3354,418,302,81,5,898.25,2024-12-23
3355,900,214,60,2,495.54,2025-07-16
3356,946,162,76,10,2945.11,2024-08-24
3357,308,457,84,4,,2025-09-10
3358,685,464,75,1,412.03,2024-11-01
3359,5,272,30,5,1047.55,2026-01-14
3360,842,231,31,1,126.46,2024-12-17
3361,49,491,10,7,147.56,2024-09-29
3362,922,280,54,5,1384.62,2026-05-18
3363,976,376,99,1,260.84,2026-02-07
3364,680,27,64,5,1945.36,2025-10-23
3365,678,283,37,10,1224.39,2026-05-12
3366,948,200,72,2,861.02,2025-09-18
3367,672,103,2,6,630.44,2026-04-29
3368,663,126,62,7,407.71,2024-07-25
3369,954,384,94,1,67.74,2025-04-17
3370,300,344,33,5,505.65,2024-07-11
3371,437,105,94,7,683.85,2026-06-20
3372,784,478,37,3,580.46,2025-01-19
3373,709,281,82,5,2494.92,2025-06-03
3374,160,448,16,2,113.18,2025-06-14
3375,68,399,99,1,477.72,2024-11-07
3376,117,392,58,5,2416.34,2026-01-08
3377,785,428,100,6,469.74,2026-05-19
3378,126,247,86,9,2190.08,2024-12-23
3379,86,183,12,10,1535.84,2025-03-22
3380,826,97,70,6,628.03,2026-02-02
3381,933,468,80,5,1840.76,2025-03-06
3382,167,75,44,2,992.44,2025-07-02
3383,707,274,25,3,811.8,2025-05-29
3384,776,324,45,8,3965.88,2025-08-02
3385,399,406,97,1,183.29,2026-01-01
3386,525,398,52,7,487.99,2024-09-03
3387,636,327,62,4,401.64,2026-03-15
3388,69,500,96,10,3789.12,2026-05-05
3389,957,468,100,4,1682.26,2024-08-28
3390,469,199,42,8,2300.64,2025-06-19
3391,43,19,58,6,693.45,2025-08-19
3392,364,9,86,4,87.15,2024-09-14
3393,426,384,1,6,1988.3,2025-09-06
3394,88,69,13,6,2602.58,2025-11-25
3395,785,60,76,10,2698.47,2025-01-28
3396,567,283,93,3,741.74,2026-05-30
3397,831,17,82,6,464.89,2025-11-24
3398,550,421,55,6,828.59,2025-02-05
3399,110,29,39,5,193.45,2026-04-12
3400,836,195,20,3,1062.11,2025-04-22
3401,422,39,68,5,915.86,2025-05-26
3402,316,379,39,6,336.32,2025-04-23
3403,292,168,24,7,216.38,2025-06-01
3404,954,269,78,2,874.72,2024-11-29
3405,372,59,13,10,4287.54,2026-01-10
3406,326,455,16,5,1943.2,2024-08-16
3407,597,410,11,3,890.03,2025-01-28
3408,319,431,98,4,174.23,2025-08-13
3409,935,440,11,9,3440.91,2025-09-14
3410,892,354,70,9,4220.1,2025-08-27
3411,674,153,13,5,2275.17,2025-04-10
3412,42,160,54,7,2667.73,2024-09-07
3413,276,380,7,2,671.58,2025-02-24
3414,972,484,76,3,159.0,2026-05-12
3415,489,22,61,1,71.28,2025-11-08
3416,110,136,21,6,1289.25,2024-11-30
3417,917,407,32,10,4710.35,2026-01-25
3418,190,333,73,2,360.7,2026-03-26
3419,18,241,28,2,645.61,2024-09-11
3420,981,421,88,3,303.89,2024-10-24
3421,418,3,88,9,1210.69,2025-07-13
3422,591,407,94,9,3960.31,2025-01-05
3423,244,31,56,4,1025.89,2025-03-22
3424,398,99,68,4,1257.46,2025-11-02
3425,415,499,76,5,926.24,2025-11-20
3426,295,138,32,7,3200.11,2025-03-25
3427,128,362,54,10,4309.47,2025-08-14
3428,510,1,15,5,1656.01,2024-09-26
3429,765,130,89,7,2124.88,2025-07-19
3430,834,329,75,3,890.33,2024-07-28
3431,255,68,92,2,968.49,2025-10-20
3432,256,382,6,1,130.81,2024-10-16
3433,137,495,28,2,696.71,2024-09-02
3434,589,2,84,5,2402.56,2026-07-04
3435,850,357,2,4,1457.09,2026-03-17
3436,212,229,19,7,499.36,2025-03-07
3437,805,64,48,3,1103.01,2026-05-13
3438,388,338,67,6,2934.48,2026-04-08
3439,207,440,82,5,1164.19,2024-08-15
3440,362,97,86,3,357.77,2025-04-05
3441,972,141,56,4,1020.63,2026-02-14
3442,444,238,21,1,141.01,2025-10-24
3443,854,31,96,1,395.07,2025-09-11
3444,209,212,15,8,2173.24,2026-06-10
3445,287,91,55,5,437.67,2025-08-07
3446,781,272,9,1,247.15,2025-11-15
3447,311,330,29,10,2381.26,2024-08-31
3448,885,142,62,8,931.55,2025-05-30
3449,492,113,57,7,1045.99,2026-07-03
3450,241,331,63,-5,84.69,2025-10-02
3451,972,283,66,7,875.41,2026-06-03
3452,739,190,67,3,218.15,2025-07-06
3453,279,442,85,5,1755.78,2024-11-17
3454,765,207,3,9,3633.67,2025-04-06
3455,907,55,31,2,584.47,2025-07-27
3456,251,388,86,5,705.04,2024-08-09
3457,589,410,68,9,3877.27,2024-07-25
3458,542,2,20,3,963.63,2024-09-09
3459,707,395,71,1,177.14,2026-03-22
3460,2,247,25,7,2048.32,2025-05-07
3461,314,370,98,3,216.19,2025-05-06
3462,824,140,76,7,983.92,2025-06-23
3463,686,432,78,4,1287.39,2025-06-15
3464,99,195,61,10,2907.31,2026-03-29
3465,251,167,6,10,1142.09,2026-07-03
3466,778,124,69,6,1147.82,2024-07-25
3467,442,491,72,6,1540.27,2025-09-29
3468,106,290,18,1,351.07,2026-01-08
3469,45,105,60,4,868.61,2024-08-31
3470,757,38,14,7,1937.54,2025-11-30
3471,139,114,95,9,2086.33,2025-12-08
3472,100,19,33,4,499.46,2025-08-28
3473,419,62,36,1,460.74,2025-11-22
3474,915,108,12,10,4471.05,2024-07-14
3475,627,61,12,6,2779.87,2026-03-12
3476,550,383,81,5,1998.64,2026-04-07
3477,706,142,70,4,164.81,2025-10-14
3478,713,374,1,3,1006.51,2025-06-28
3479,222,408,53,8,3297.53,2026-04-20
3480,516,299,30,6,408.27,2025-06-16
3481,438,357,45,10,1532.82,2025-06-25
3482,570,357,22,6,2289.58,2024-12-27
3483,643,293,3,1,374.67,2025-07-05
3484,843,81,30,5,562.11,2024-12-17
3485,201,424,27,1,371.57,2025-12-27
3486,472,32,85,4,334.65,2025-04-24
3487,138,17,16,8,1026.4,2025-06-18
3488,775,451,98,4,783.95,2026-02-25
3489,443,79,89,5,2103.39,2025-11-19
3490,163,243,49,2,840.27,2024-08-24
3491,36,273,23,1,102.26,2025-02-08
3492,783,81,28,7,504.64,2024-08-16
3493,112,223,30,2,187.59,2025-10-30
3494,533,366,72,3,443.24,2025-09-21
3495,955,303,75,9,4283.86,2025-05-24
3496,162,425,77,6,2672.8,2026-02-05
3497,221,489,58,9,3033.43,2025-03-03
3498,857,407,57,7,718.37,2024-11-15
3499,621,110,94,5,857.75,2024-08-18
3500,303,193,99,1,114.21,2025-01-29
3501,94,448,75,9,2188.23,2025-06-20
3502,130,462,7,2,804.74,2026-03-06
3503,547,487,15,4,1495.05,2026-05-11
3504,932,333,75,9,2250.67,2025-09-24
3505,185,276,30,3,136.08,2026-03-20
3506,52,261,78,3,406.3,2026-06-02
3507,248,276,71,9,4000.7,2024-07-15
3508,551,48,34,2,365.55,2024-10-08
3509,140,424,23,5,896.98,2025-07-08
3510,871,430,27,1,225.31,2026-01-08
3511,226,358,82,3,1216.13,2025-03-02
3512,640,227,10,2,537.24,2026-02-25
3513,560,42,95,7,2562.29,2025-06-05
3514,698,142,44,6,1447.39,2025-10-10
3515,12,400,4,1,35.89,2024-08-14
3516,741,16,11,1,434.19,2025-05-15
3517,761,414,82,6,594.98,2025-10-10
3518,705,98,62,10,589.1,2025-12-01
3519,916,276,83,2,461.42,2026-02-18
3520,646,384,78,-5,284.87,2026-03-12
3521,362,161,49,1,365.23,2024-07-25
3522,517,331,38,2,802.9,2025-07-21
3523,88,280,19,5,725.93,2025-06-20
3524,553,245,37,10,3407.09,2025-10-16
3525,787,40,20,8,2165.33,2026-04-03
3526,296,257,80,3,1247.07,2025-01-01
3527,481,21,65,1,170.77,2025-06-17
3528,46,307,7,7,1710.17,2024-10-21
3529,908,126,49,1,337.78,2025-05-30
3530,91,186,93,6,1953.6,2025-05-22
3531,154,208,49,9,1368.34,2024-10-28
3532,423,77,35,10,790.12,2024-07-13
3533,330,190,85,9,1164.29,2025-12-31
3534,842,88,74,1,195.78,2025-09-26
3535,566,366,6,7,2591.45,2025-01-29
3536,213,124,53,8,363.66,2024-08-16
3537,572,236,80,10,4308.92,2025-06-19
3538,18,396,80,6,2385.19,2025-10-06
3539,67,32,35,9,978.19,2026-03-23
3540,887,201,33,1,465.51,2025-01-22
3541,570,469,68,9,716.82,2025-02-07
3542,751,133,83,1,145.57,2025-01-23
3543,486,256,32,3,848.37,2026-01-20
3544,736,392,25,9,1017.46,2025-03-15
3545,410,138,32,9,2978.25,2026-01-12
3546,145,357,52,3,1029.12,2026-03-28
3547,744,88,67,10,3453.93,2026-01-03
3548,683,375,40,10,3296.89,2024-11-03
3549,22,125,54,7,1139.89,2025-12-07
3550,743,433,68,3,590.29,2025-08-29
3551,318,492,100,7,858.62,2026-02-24
3552,895,21,50,5,297.2,2025-05-21
3553,647,200,21,5,2369.09,2025-11-13
3554,383,388,38,6,2844.89,2025-01-09
3555,808,118,93,1,109.56,2025-12-28
3556,700,96,38,6,1099.0,2025-01-08
3557,934,374,3,4,1921.7,2025-10-10
3558,316,211,36,2,491.04,2025-01-12
3559,984,418,68,5,1331.15,2025-12-26
3560,24,396,29,9,4138.31,2026-06-24
3561,570,358,65,2,393.64,2025-05-19
3562,283,170,93,9,950.92,2024-12-25
3563,852,357,8,3,730.58,2025-02-10
3564,704,328,8,6,228.12,2026-01-09
3565,939,111,27,5,673.16,2025-06-08
3566,539,132,76,6,679.67,2025-07-02
3567,126,203,94,6,2664.42,2024-09-06
3568,826,53,12,4,1628.87,2025-10-01
3569,466,270,60,2,722.85,2024-11-18
3570,622,500,26,2,562.6,2024-07-20
3571,647,348,26,4,1219.17,2025-10-06
3572,415,330,42,8,992.44,2025-08-25
3573,417,438,5,4,155.29,2025-08-17
3574,941,385,79,2,957.96,2025-07-08
3575,985,168,50,9,2325.6,2026-01-19
3576,513,440,53,2,483.24,2025-12-12
3577,538,457,2,9,3291.64,2024-12-01
3578,214,421,4,1,457.53,2025-11-26
3579,343,399,54,1,301.32,2024-09-21
3580,858,306,68,2,567.75,2026-06-03
3581,387,171,61,1,137.31,2026-06-11
3582,291,422,77,8,1173.33,2026-05-26
3583,930,213,1,2,961.95,2025-08-04
3584,402,189,79,10,3464.58,2025-03-21
3585,60,40,40,6,505.71,2024-11-19
3586,127,446,68,10,540.38,2025-01-31
3587,553,150,29,10,1576.81,2026-02-26
3588,489,176,4,4,842.24,2026-01-04
3589,418,100,22,10,868.61,2026-05-23
3590,622,309,65,3,1415.9,2026-07-02
3591,463,141,43,3,165.84,2025-08-15
3592,95,131,5,6,1324.61,2025-12-15
3593,549,209,96,5,412.13,2024-08-29
3594,646,11,100,1,418.2,2025-10-20
3595,959,203,55,6,804.43,2024-10-17
3596,762,24,67,7,3386.73,2024-11-17
3597,132,219,100,2,151.85,2025-08-22
3598,967,99,8,1,470.65,2024-07-27
3599,370,200,51,9,4002.93,2026-05-28
3600,893,391,4,10,624.22,2026-02-02
3601,467,38,42,7,657.41,2025-07-05
3602,180,394,28,4,271.9,2024-11-27
3603,365,27,56,5,2253.98,2026-03-20
3604,447,293,14,9,2557.26,2024-10-26
3605,497,218,98,8,2565.29,2025-07-09
3606,147,319,27,9,2962.73,2026-03-09
3607,298,384,6,9,3771.61,2024-10-06
3608,918,284,1,2,272.42,2025-07-29
3609,799,100,44,9,4435.83,2026-03-17
3610,884,342,71,5,669.82,2025-02-02
3611,48,109,30,9,769.66,2025-10-02
3612,128,28,14,6,1889.78,2025-03-03
3613,711,10,78,6,1420.42,2026-06-23
3614,579,298,91,1,263.55,2025-04-05
3615,293,294,24,2,811.16,2025-02-09
3616,464,131,75,1,363.03,2025-04-07
3617,613,362,74,3,640.11,2026-07-06
3618,431,393,80,10,4724.44,2025-08-25
3619,891,400,85,10,4078.74,2024-07-21
3620,658,310,98,5,2092.68,2024-09-24
3621,693,348,98,10,3780.89,2026-03-27
3622,535,152,19,8,504.27,2024-08-13
3623,594,197,82,9,3564.85,2025-08-21
3624,339,290,14,10,1391.36,2025-05-20
3625,513,455,40,5,151.06,2026-04-17
3626,999,439,25,10,3170.16,2024-08-15
3627,111,95,100,3,1342.38,2026-02-21
3628,145,398,56,4,645.31,2025-04-04
3629,984,481,8,7,2034.75,2025-05-19
3630,24,286,61,7,2230.65,2024-08-27
3631,121,235,98,3,633.11,2025-08-10
3632,32,329,57,7,3407.07,2024-11-22
3633,317,288,93,3,1138.96,2025-09-02
3634,226,167,86,4,1078.39,2026-01-17
3635,666,125,67,10,4557.73,2024-08-02
3636,575,388,3,3,1006.45,2024-11-08
3637,919,177,53,5,2087.23,2026-04-09
3638,924,356,73,2,982.33,2025-10-14
3639,31,282,19,10,2283.91,2024-11-30
3640,368,279,87,7,2124.12,2025-12-15
3641,273,48,71,3,685.17,2026-05-12
3642,353,209,81,7,2064.99,2024-12-04
3643,222,8,72,2,926.52,2025-10-17
3644,101,345,88,8,3265.57,2025-01-14
3645,827,271,41,3,1163.75,2025-08-09
3646,946,385,16,10,1816.89,2024-11-01
3647,796,137,52,5,2123.94,2026-06-09
3648,602,408,99,9,823.47,2026-06-23
3649,279,321,6,5,2139.43,2025-04-30
3650,169,245,97,1,419.61,2025-05-20
3651,684,437,66,4,81.88,2025-02-09
3652,930,454,50,7,2157.32,2026-05-21
3653,120,427,98,2,998.51,2026-02-03
3654,77,42,86,7,1833.1,2026-03-27
3655,343,422,4,4,1643.48,2026-05-27
3656,385,271,8,1,473.76,2025-06-22
3657,83,151,81,10,3311.77,2026-01-24
3658,756,165,7,10,551.18,2025-03-14
3659,182,442,81,8,1725.92,2025-10-05
3660,597,487,57,9,1026.29,2025-05-14
3661,52,374,48,7,2246.64,2024-07-30
3662,277,9,64,4,1304.01,2024-08-24
3663,289,201,21,8,1859.95,2025-01-11
3664,460,454,18,1,362.87,2026-01-18
3665,422,344,17,7,2703.57,2025-10-03
3666,20,285,12,10,858.53,2025-07-05
3667,846,243,50,8,2943.95,2025-04-20
3668,579,359,78,1,491.35,2024-08-05
3669,270,12,51,2,778.35,2024-11-27
3670,270,35,25,9,3094.41,2025-04-13
3671,238,46,17,4,469.12,2026-01-19
3672,953,88,26,6,1150.69,2024-08-06
3673,411,56,60,6,2757.56,2024-11-11
3674,476,6,27,9,4185.36,2026-06-22
3675,81,309,21,3,1036.37,2024-08-30
3676,225,385,55,1,202.32,2025-11-15
3677,686,163,17,4,1664.32,2025-11-01
3678,588,500,45,8,2063.67,2026-03-02
3679,224,230,10,7,547.45,2025-06-11
3680,271,304,7,9,1461.87,2026-04-10
3681,331,25,19,3,1304.96,2025-08-15
3682,45,499,13,7,1127.9,2025-12-26
3683,55,122,58,7,1065.32,2024-11-12
3684,852,53,51,4,1389.53,2026-02-28
3685,950,73,60,8,2211.26,2025-07-26
3686,175,469,24,8,2722.34,2025-08-07
3687,166,328,12,2,53.45,2025-06-12
3688,604,275,24,8,3593.98,2025-12-27
3689,268,266,54,2,643.14,2026-06-28
3690,349,377,63,3,884.43,2025-09-06
3691,777,219,30,10,2302.07,2024-09-16
3692,118,435,66,9,1229.89,2025-07-11
3693,327,210,4,3,842.66,2024-12-12
3694,769,231,95,6,779.26,2025-01-20
3695,720,302,70,1,256.56,2024-11-28
3696,950,61,59,7,1493.35,2025-02-03
3697,413,441,64,8,2848.43,2024-10-13
3698,531,400,19,4,1808.6,2026-05-26
3699,3,193,70,1,195.24,2025-06-26
3700,861,88,24,3,181.47,2026-07-02
3701,336,346,21,4,1288.02,2024-10-08
3702,696,448,85,2,992.46,2024-10-10
3703,344,277,58,6,162.72,2024-07-11
3704,415,292,20,2,699.28,2024-11-14
3705,789,480,23,2,541.92,2025-03-01
3706,143,168,73,2,982.43,2024-07-09
3707,774,305,6,7,3395.56,2026-02-18
3708,792,350,35,9,2731.53,2025-10-08
3709,624,278,37,4,905.53,2026-03-10
3710,976,82,17,9,3930.1,2026-01-20
3711,818,18,78,1,428.42,2026-04-29
3712,556,222,93,4,1351.64,2025-12-29
3713,257,260,38,10,3640.41,2024-07-23
3714,621,173,95,3,489.32,2025-12-13
3715,645,34,83,10,2658.59,2024-09-14
3716,463,321,70,2,312.22,2026-02-12
3717,830,385,5,9,2158.07,2024-10-20
3718,946,92,31,8,512.0,2026-04-20
3719,400,245,26,9,1915.14,2025-08-27
3720,673,96,4,9,3502.54,2025-08-31
3721,390,400,10,10,2369.63,2025-11-12
3722,643,340,60,10,504.71,2026-02-04
3723,505,197,70,8,2504.06,2025-09-16
3724,589,469,56,3,1294.11,2025-07-15
3725,866,79,17,9,2328.02,2024-08-30
3726,201,253,96,6,1606.42,2024-10-05
3727,545,163,88,1,399.45,2026-02-23
3728,659,96,88,9,182.83,2025-02-06
3729,713,138,4,4,787.87,2026-06-21
3730,400,196,94,6,2296.03,2024-11-09
3731,468,292,5,10,1793.01,2024-10-29
3732,172,144,70,1,343.05,2025-11-16
3733,351,437,48,3,1180.87,2025-02-24
3734,957,269,51,5,702.89,2026-02-21
3735,201,72,46,8,2439.4,2026-05-06
3736,654,127,82,10,1611.99,2025-05-03
3737,758,295,35,3,1044.28,2025-03-07
3738,228,444,25,7,2929.84,2025-10-15
3739,946,294,14,9,4329.25,2025-06-05
3740,267,41,88,6,1286.12,2024-12-23
3741,780,173,93,6,657.41,2025-08-12
3742,968,176,50,8,843.13,2026-05-10
3743,176,207,76,3,1454.82,2025-04-22
3744,228,176,68,4,1747.2,2026-06-22
3745,379,53,29,10,3952.08,2026-05-29
3746,728,201,48,9,638.83,2024-08-19
3747,662,251,67,6,193.9,2026-04-07
3748,973,436,72,5,2395.02,2025-02-16
3749,329,388,63,6,165.02,2025-11-10
3750,230,4,25,5,2079.67,2025-10-21
3751,123,450,87,5,1607.51,2024-10-16
3752,77,475,15,9,3741.1,2025-09-06
3753,169,25,26,8,2460.16,2025-10-24
3754,342,298,31,9,3778.67,2025-01-05
3755,89,430,47,5,2004.28,2026-05-11
3756,91,167,38,4,837.5,2026-04-09
3757,848,168,26,8,572.89,2026-06-04
3758,178,188,80,2,247.93,2025-05-14
3759,488,373,68,4,1649.67,2025-05-19
3760,437,230,41,2,268.62,2025-12-06
3761,636,137,20,1,27.71,2024-11-01
3762,789,406,12,2,312.14,2025-05-15
3763,182,234,50,1,392.64,2026-01-18
3764,125,357,76,10,2740.22,2025-07-06
3765,62,310,94,9,2222.87,2026-02-26
3766,7,140,47,3,1151.18,2025-01-29
3767,527,270,72,3,398.41,2025-11-08
3768,912,71,43,6,1278.32,2025-04-30
3769,829,398,55,9,3675.3,2026-03-08
3770,333,443,99,7,336.12,2026-02-10
3771,812,387,58,10,2630.91,2025-06-14
3772,306,442,22,9,2090.31,2025-03-16
3773,346,262,44,3,769.51,2025-04-14
3774,348,376,76,5,1399.24,2024-11-26
3775,816,444,41,7,3380.84,2026-01-25
3776,515,66,39,10,1582.56,2026-03-27
3777,991,43,89,10,4570.34,2024-10-29
3778,27,70,1,7,3450.9,2024-10-16
3779,821,158,48,1,40.58,2024-12-21
3780,900,119,10,4,1205.76,2025-07-13
3781,899,423,15,4,331.77,2026-05-31
3782,71,107,1,6,2621.24,2026-04-28
3783,35,268,27,6,1099.0,2026-06-24
3784,187,350,13,7,2006.63,2026-01-12
3785,872,267,68,5,827.83,2026-01-22
3786,601,318,92,10,2038.72,2025-05-29
3787,987,436,89,8,713.24,2024-07-25
3788,921,327,57,4,892.3,2024-10-08
3789,154,383,1,5,1643.55,2026-01-07
3790,528,379,91,3,587.46,2025-04-10
3791,295,108,9,3,1383.71,2026-05-27
3792,834,89,91,9,1123.65,2025-05-08
3793,109,378,18,9,3669.39,2024-09-19
3794,130,103,78,4,1685.77,2025-09-16
3795,661,4,81,3,1325.28,2026-05-24
3796,61,194,95,5,1597.76,2025-07-02
3797,533,126,54,1,445.03,2025-02-22
3798,209,368,71,5,1274.89,2025-09-22
3799,546,85,99,8,1484.83,2024-09-11
3800,724,45,86,8,1711.46,2025-05-19
3801,186,461,45,8,839.45,2026-03-18
3802,267,383,47,8,1942.76,2026-01-19
3803,496,70,49,9,2891.81,2026-01-15
3804,965,17,42,3,1302.34,2026-06-26
3805,524,419,100,3,950.8,2024-12-26
3806,674,284,31,8,1628.47,2025-05-07
3807,563,445,24,2,416.8,2025-05-14
3808,661,241,23,8,3847.75,2024-11-12
3809,221,102,57,2,478.88,2025-06-07
3810,672,299,24,4,1857.53,2024-11-22
3811,177,80,74,1,176.39,2024-10-21
3812,220,380,53,10,4566.28,2025-11-18
3813,751,219,42,3,1435.69,2025-06-20
3814,311,121,71,10,561.74,2025-01-07
3815,919,86,42,9,801.53,2025-07-05
3816,251,405,74,6,2143.11,2024-08-16
3817,570,482,40,9,1057.77,2026-07-01
3818,501,372,83,5,1102.9,2025-05-24
3819,904,253,29,8,2990.52,2025-02-15
3820,297,127,3,3,1223.87,2026-06-07
3821,887,130,74,10,1796.6,2026-03-04
3822,743,60,24,8,2507.06,2025-08-20
3823,869,441,75,8,2477.85,2025-11-12
3824,585,90,57,8,170.32,2025-03-30
3825,340,127,86,2,195.61,2026-04-14
3826,540,467,64,10,2448.85,2024-12-24
3827,725,459,42,2,245.67,2025-08-29
3828,572,485,67,3,894.59,2026-02-03
3829,29,416,87,4,330.88,2026-04-01
3830,374,204,94,2,169.33,2024-08-23
3831,178,20,6,1,283.03,2025-03-20
3832,501,311,88,5,1926.39,2025-05-31
3833,519,443,73,8,2151.52,2024-11-07
3834,216,355,95,8,1501.36,2024-12-12
3835,366,95,31,6,2041.96,2025-09-26
3836,63,409,97,9,1883.57,2025-10-20
3837,285,155,31,1,116.96,2025-05-06
3838,835,294,74,7,2308.57,2025-09-11
3839,69,178,21,6,435.3,2025-01-08
3840,585,461,12,4,1754.25,2025-03-03
3841,659,296,22,1,393.89,2025-06-06
3842,680,13,12,10,3796.54,2026-03-28
3843,284,335,95,5,577.21,2024-10-24
3844,627,422,26,9,1013.12,2025-06-10
3845,482,43,27,1,296.74,2025-10-20
3846,624,496,15,10,2599.35,2025-02-14
3847,649,78,94,3,632.86,2025-09-20
3848,162,61,88,3,226.41,2025-11-11
3849,771,339,18,8,1734.83,2024-10-16
3850,790,382,87,1,75.28,2024-07-18
3851,392,207,14,2,151.3,2026-01-02
3852,43,62,80,3,1375.13,2024-12-29
3853,741,176,85,1,234.32,2024-08-18
3854,955,128,26,9,3462.99,2025-06-26
3855,220,19,38,10,3784.51,2026-06-27
3856,390,173,27,10,1123.73,2024-08-27
3857,184,234,84,9,237.93,2025-10-25
3858,107,77,98,5,1963.96,2025-04-01
3859,93,146,3,5,522.73,2025-08-13
3860,641,269,18,9,3130.74,2024-11-10
3861,591,341,42,6,2596.35,2024-12-22
3862,294,193,17,3,276.18,2025-04-22
3863,606,100,90,1,423.2,2024-10-16
3864,359,370,49,6,2984.35,2025-12-31
3865,754,336,1,2,818.05,2025-09-08
3866,583,306,45,4,1454.09,2025-06-01
3867,598,255,3,3,1182.08,2026-06-17
3868,465,61,19,2,259.71,2025-10-24
3869,958,184,71,5,557.82,2026-05-07
3870,397,158,98,6,1674.16,2026-01-18
3871,28,133,10,3,365.3,2024-10-29
3872,494,477,7,3,96.93,2024-07-22
3873,629,83,62,7,553.66,2025-04-25
3874,285,31,22,4,1150.45,2025-12-14
3875,454,369,93,10,3173.24,2025-12-12
3876,883,303,3,2,453.97,2025-08-04
3877,130,441,37,7,906.76,2024-11-29
3878,923,55,44,9,2988.41,2025-03-22
3879,885,82,88,6,871.86,2025-08-15
3880,728,444,37,1,126.48,2025-12-09
3881,128,9,79,1,139.85,2025-08-06
3882,416,490,64,6,2734.98,2025-07-23
3883,656,232,48,10,4588.19,2024-08-28
3884,316,319,9,7,3140.62,2025-02-17
3885,694,399,45,6,1395.3,2025-01-02
3886,864,89,32,6,940.93,2026-02-18
3887,109,71,33,5,1250.97,2024-08-08
3888,114,23,72,8,1827.27,2026-01-06
3889,817,402,66,1,389.2,2026-03-25
3890,28,413,95,2,77.18,2026-06-13
3891,103,231,52,7,2000.91,2025-12-03
3892,93,251,21,5,1932.27,2025-09-02
3893,558,7,67,7,1874.7,2024-08-01
3894,687,188,58,2,819.84,2026-04-05
3895,32,445,93,2,182.21,2025-10-06
3896,722,32,60,2,975.23,2025-12-17
3897,44,210,58,2,227.67,2024-09-03
3898,474,365,30,2,276.64,2025-06-04
3899,49,417,37,6,349.56,2025-05-31
3900,977,142,63,6,2913.51,2026-05-16
3901,411,90,15,5,578.79,2024-07-18
3902,579,223,24,4,127.6,2024-10-14
3903,541,347,46,6,1651.27,2024-10-16
3904,440,306,33,8,1795.49,2026-04-24
3905,124,288,1,8,273.99,2026-05-16
3906,688,412,100,6,693.02,2026-05-21
3907,161,422,57,4,1245.37,2026-06-20
3908,911,202,56,5,2111.99,2025-05-25
3909,600,33,68,3,173.66,2026-04-10
3910,717,438,61,-5,1674.93,2025-02-03
3911,273,207,54,1,35.4,2026-04-17
3912,989,170,81,7,476.56,2025-03-28
3913,70,408,15,10,319.68,2026-01-31
3914,498,342,60,1,234.53,2025-02-18
3915,39,11,96,2,917.37,2024-07-22
3916,557,394,71,5,1505.36,2025-10-27
3917,577,388,90,2,827.73,2026-05-23
3918,323,128,86,5,1478.01,2025-01-10
3919,177,22,33,2,344.0,2025-04-22
3920,39,414,76,10,3122.48,2025-07-16
3921,613,421,64,5,1651.8,2025-09-24
3922,542,253,82,7,2771.97,2024-09-21
3923,204,238,76,4,1324.21,2025-03-17
3924,834,213,49,8,2791.0,2025-03-18
3925,300,53,53,10,2871.4,2025-04-10
3926,153,111,63,7,3350.32,2025-06-21
3927,497,246,74,5,2386.11,2025-07-12
3928,851,90,98,5,695.78,2026-06-17
3929,216,378,89,6,1378.25,2025-10-19
3930,610,149,75,9,3073.24,2026-05-21
3931,626,229,2,10,4577.45,2026-02-28
3932,933,136,22,2,723.03,2026-02-09
3933,979,339,18,7,2989.69,2025-07-05
3934,53,264,59,1,122.88,2026-05-10
3935,109,46,53,9,3827.16,2024-08-08
3936,677,341,85,1,423.69,2025-04-04
3937,677,322,34,1,322.8,2025-06-24
3938,924,480,70,2,855.63,2024-11-07
3939,701,360,97,2,265.8,2025-05-16
3940,610,259,100,10,2943.5,2026-04-11
3941,151,460,15,10,2353.19,2024-08-17
3942,986,12,94,2,976.97,2025-08-24
3943,602,494,38,9,2355.77,2026-06-13
3944,841,436,10,9,311.91,2025-04-03
3945,916,134,39,9,4189.29,2025-02-22
3946,777,62,58,9,777.2,2025-10-13
3947,756,475,30,6,1623.21,2026-01-30
3948,996,260,48,10,4917.71,2025-01-02
3949,553,89,8,8,3740.83,2025-06-14
3950,48,215,61,1,144.56,2024-12-23
3951,96,425,24,6,1483.03,2024-12-19
3952,88,154,77,4,810.08,2025-06-03
3953,664,343,11,7,447.45,2025-07-24
3954,512,346,76,3,795.69,2025-01-18
3955,615,344,55,5,1999.51,2024-09-20
3956,155,238,93,9,4084.47,2024-08-16
3957,687,477,62,7,2084.08,2025-12-14
3958,603,182,30,1,148.22,2025-03-06
3959,810,46,75,2,288.31,2024-08-24
3960,438,23,64,7,517.98,2025-09-25
3961,182,250,37,9,2954.85,2024-11-17
3962,342,371,49,9,2591.37,2025-04-05
3963,954,236,75,6,428.19,2025-01-12
3964,656,24,78,7,750.6,2025-12-01
3965,290,428,79,7,2498.76,2025-11-26
3966,255,369,34,7,1429.34,2025-12-11
3967,273,232,66,10,2260.68,2024-10-06
3968,455,6,20,5,464.05,2024-10-10
3969,396,73,21,9,1640.24,2024-07-24
3970,249,423,81,6,1790.39,2025-01-07
3971,560,65,1,7,1064.73,2025-03-13
3972,984,405,100,9,4360.3,2025-09-29
3973,410,273,90,4,590.56,2025-03-19
3974,43,451,56,9,1164.75,2026-05-02
3975,405,246,20,3,1478.42,2025-08-24
3976,590,35,55,9,2103.15,2024-11-05
3977,65,46,39,1,319.15,2025-05-20
3978,850,58,76,2,245.87,2025-12-19
3979,774,308,82,4,766.87,2025-02-26
3980,895,105,92,3,1497.95,2025-06-24
3981,219,244,93,7,502.75,2025-01-05
3982,350,96,32,7,3145.33,2025-10-31
3983,329,285,66,1,460.81,2026-02-17
3984,799,425,90,2,424.58,2025-02-20
3985,369,465,36,1,456.8,2026-02-10
3986,269,64,79,5,1289.42,2025-12-21
3987,666,17,25,2,451.76,2025-06-09
3988,807,291,54,5,756.64,2025-06-11
3989,482,387,95,7,2979.63,2024-11-14
3990,954,383,9,8,3602.85,2024-10-15
3991,265,305,69,9,727.68,2025-04-07
3992,646,22,70,10,3814.44,2025-04-15
3993,747,2,52,9,4311.76,2025-04-13
3994,149,50,35,8,3359.98,2025-10-03
3995,424,265,14,2,465.14,2024-09-22
3996,638,95,51,4,1692.29,2025-01-26
3997,560,217,79,7,3322.54,2025-11-01
3998,938,128,90,9,2847.2,2024-10-14
3999,634,282,57,10,2099.97,2024-10-20
4000,391,291,40,5,2332.74,2024-10-30
4001,603,134,41,2,354.23,2025-06-09
4002,629,70,93,1,73.11,2024-11-14
4003,60,433,88,10,3461.71,2025-05-15
4004,253,357,49,8,3979.59,2024-11-08
4005,73,243,11,1,188.61,2026-05-07
4006,64,117,77,7,2434.09,2025-10-09
4007,569,414,51,9,3431.69,2025-05-24
4008,255,211,91,4,888.8,2026-04-25
4009,594,134,42,3,204.01,2025-11-27
4010,389,249,1,6,1846.54,2024-08-24
4011,672,334,74,1,31.89,2025-06-05
4012,306,272,75,5,2036.78,2026-04-07
4013,301,472,49,5,529.43,2025-07-21
4014,281,403,95,7,2432.89,2025-03-01
4015,442,255,53,9,2829.85,2024-10-08
4016,447,135,21,1,176.9,2026-06-10
4017,954,160,41,1,413.69,2025-01-23
4018,502,388,57,7,3047.0,2025-01-10
4019,30,293,58,6,1668.05,2024-09-02
4020,988,114,25,5,1943.21,2024-09-28
4021,30,218,17,9,3658.74,2025-01-12
4022,379,133,52,4,1725.51,2025-07-19
4023,875,325,24,7,2771.82,2025-10-09
4024,297,28,14,7,1270.66,2025-05-23
4025,619,312,45,7,2265.62,2026-02-18
4026,10,356,87,4,1856.68,2025-07-10
4027,192,61,23,7,678.49,2025-09-20
4028,987,391,58,3,483.52,2026-01-12
4029,490,356,85,7,3380.16,2024-10-02
4030,138,392,41,8,1352.77,2025-01-09
4031,29,54,11,10,523.19,2025-07-01
4032,103,48,48,3,464.54,2025-03-14
4033,258,274,67,9,3702.03,2026-02-04
4034,7,390,69,7,3477.73,2024-07-19
4035,603,265,51,1,72.01,2024-09-07
4036,573,66,26,8,2890.11,2025-05-08
4037,610,452,46,2,205.97,2025-06-16
4038,919,7,35,8,3733.98,2025-07-15
4039,736,210,34,8,678.05,2025-02-25
4040,436,39,19,3,979.58,2025-01-31
4041,55,105,68,2,922.74,2024-08-06
4042,778,453,62,5,649.14,2025-12-05
4043,355,357,76,6,776.57,2024-10-03
4044,546,25,60,7,3051.1,2025-08-08
4045,839,326,22,9,1693.53,2025-06-23
4046,971,264,23,6,2952.2,2026-03-11
4047,688,286,89,5,407.0,2025-12-19
4048,900,130,47,4,1046.65,2024-08-22
4049,693,484,55,5,213.16,2026-04-12
4050,377,147,84,5,833.21,2025-06-05
4051,150,446,26,8,1459.99,2026-01-18
4052,968,100,20,2,146.95,2025-05-04
4053,551,315,98,8,1256.19,2024-10-25
4054,636,376,11,8,2779.54,2024-10-23
4055,793,204,98,8,1843.41,2026-05-25
4056,301,331,83,4,546.36,2025-01-06
4057,32,99,72,3,764.57,2025-11-13
4058,174,420,10,9,1819.47,2024-10-14
4059,13,336,70,8,1517.94,2024-07-10
4060,69,311,50,1,404.57,2025-08-03
4061,262,169,92,4,1667.27,2025-03-24
4062,624,406,30,4,143.74,2025-03-09
4063,516,425,19,6,2191.26,2025-06-16
4064,235,170,30,5,1597.91,2025-11-05
4065,879,472,90,5,128.36,2025-12-18
4066,733,447,51,2,534.11,2025-05-19
4067,294,264,9,8,1980.82,2026-01-29
4068,177,143,33,7,1300.34,2026-06-05
4069,979,185,34,5,2300.3,2026-06-17
4070,846,273,27,5,1125.99,2026-06-16
4071,705,34,61,9,3977.32,2025-11-06
4072,462,361,71,10,3173.8,2025-01-27
4073,703,334,97,2,54.95,2025-02-23
4074,611,64,19,6,813.86,2024-10-17
4075,515,263,85,9,2152.05,2024-10-18
4076,753,198,80,5,2197.92,2024-08-11
4077,601,271,66,10,2980.54,2025-01-08
4078,783,354,77,3,1334.11,2026-01-03
4079,323,247,75,1,166.92,2024-09-01
4080,108,141,58,3,1266.02,2026-06-06
4081,239,19,12,3,425.46,2024-11-29
4082,987,196,91,10,2794.15,2025-05-10
4083,136,464,27,5,520.07,2024-10-30
4084,607,231,21,9,2982.37,2026-02-04
4085,582,406,14,9,1197.21,2025-08-09
4086,662,338,71,3,1465.13,2026-02-02
4087,943,419,21,8,275.52,2024-12-31
4088,177,265,66,10,1208.43,2025-01-17
4089,571,474,28,1,361.61,2026-03-12
4090,46,418,15,3,269.82,2024-08-26
4091,180,456,1,1,108.85,2025-03-05
4092,535,198,60,1,50.25,2026-02-18
4093,47,466,4,7,1414.79,2026-06-05
4094,612,344,72,9,3814.31,2026-06-25
4095,125,6,71,8,2905.09,2025-12-18
4096,194,191,50,2,825.12,2025-11-03
4097,940,371,31,2,317.21,2025-01-23
4098,327,333,32,9,1430.05,2024-12-19
4099,774,25,62,2,606.05,2026-02-27
4100,770,393,71,5,1110.74,2025-10-15
4101,317,210,76,3,340.78,2025-05-25
4102,810,51,5,6,2516.33,2025-12-31
4103,792,9,59,1,115.31,2025-07-10
4104,4,190,36,7,3217.76,2025-05-04
4105,603,195,57,6,2863.19,2024-10-01
4106,925,353,6,2,358.15,2025-06-03
4107,919,343,50,7,1594.38,2025-05-11
4108,76,7,83,7,1042.74,2024-08-27
4109,307,445,12,7,3218.23,2026-06-07
4110,914,483,29,2,715.92,2026-07-05
4111,458,278,42,5,103.81,2025-05-30
4112,838,473,76,2,422.87,2025-08-18
4113,481,22,67,5,1953.82,2026-06-26
4114,792,288,98,10,272.21,2025-01-09
4115,562,104,38,4,905.4,2025-08-12
4116,548,372,73,9,788.37,2026-05-11
4117,164,199,78,10,3184.78,2025-12-29
4118,541,120,70,8,3174.06,2026-05-01
4119,533,460,82,7,2014.98,2024-10-11
4120,542,350,85,10,767.9,2025-05-21
4121,75,187,4,8,3161.3,2026-05-15
4122,440,93,47,6,2432.21,2025-06-20
4123,584,233,49,8,3400.55,2026-06-29
4124,243,65,3,1,352.74,2024-08-10
4125,903,360,98,2,167.39,2026-04-09
4126,987,324,67,6,1429.11,2024-09-10
4127,894,96,49,10,2883.53,2024-12-15
4128,81,284,1,1,165.31,2024-10-21
4129,143,482,10,10,1969.01,2025-01-02
4130,523,161,16,8,1547.03,2025-01-14
4131,298,362,12,8,2028.77,2025-01-18
4132,395,309,24,3,763.12,2025-06-29
4133,690,409,83,2,132.71,2025-03-09
4134,95,312,92,9,804.9,2024-11-15
4135,142,224,35,10,2133.5,2026-02-01
4136,618,483,62,3,294.32,2025-10-17
4137,77,231,7,6,1595.21,2025-08-22
4138,376,137,17,5,1830.41,2026-07-07
4139,355,349,38,2,830.38,2026-05-21
4140,856,24,41,6,1519.99,2025-04-27
4141,130,2,74,7,2759.13,2024-08-24
4142,891,188,64,3,241.91,2025-03-03
4143,19,481,94,1,360.95,2026-03-06
4144,409,113,91,1,50.42,2025-03-25
4145,974,28,59,6,1300.83,2024-12-30
4146,140,143,61,3,364.23,2025-05-02
4147,942,287,79,3,784.46,2025-03-22
4148,907,404,36,6,2675.78,2026-06-02
4149,498,267,84,1,48.04,2025-03-20
4150,706,135,92,9,969.56,2025-07-01
4151,140,215,10,8,1083.02,2025-12-06
4152,556,474,99,7,3303.77,2025-03-03
4153,68,31,45,6,137.99,2024-11-15
4154,772,486,8,9,2951.2,2025-01-14
4155,381,500,1,2,151.52,2026-01-08
4156,475,454,14,10,1054.4,2025-05-20
4157,438,42,96,2,342.38,2024-11-02
4158,233,485,57,1,377.06,2026-05-10
4159,140,103,6,1,413.99,2025-05-24
4160,830,221,76,1,241.94,2026-05-04
4161,5,490,62,6,2079.8,2025-05-27
4162,850,335,12,5,2274.52,2024-11-01
4163,320,288,92,9,2659.69,2026-05-16
4164,233,416,83,6,2133.49,2025-09-11
4165,535,240,53,3,1208.33,2025-06-24
4166,219,443,53,10,2865.6,2025-03-08
4167,264,143,61,6,498.73,2025-11-28
4168,751,46,80,2,436.88,2024-11-15
4169,486,104,40,9,4179.0,2026-03-21
4170,924,395,93,9,537.02,2026-07-02
4171,341,24,20,2,74.1,2025-05-01
4172,680,313,52,6,2351.09,2025-05-02
4173,71,240,38,4,1394.44,2026-01-08
4174,803,405,94,4,1943.97,2025-05-10
4175,537,392,31,6,1381.01,2024-08-24
4176,156,216,68,6,2629.51,2025-02-01
4177,280,280,56,1,214.7,2026-07-08
4178,459,100,76,1,377.76,2024-10-04
4179,735,129,39,9,1126.21,2025-10-10
4180,561,156,23,9,2354.6,2025-07-31
4181,392,472,81,6,2424.58,2024-07-12
4182,142,277,7,5,1074.14,2024-08-11
4183,457,418,57,6,1081.9,2025-08-14
4184,403,185,58,5,1791.25,2025-08-15
4185,82,187,51,10,1810.71,2026-01-31
4186,188,374,2,3,356.63,2025-10-16
4187,960,171,99,10,363.27,2025-08-24
4188,506,323,90,6,428.56,2024-10-19
4189,683,308,14,5,1853.49,2024-08-15
4190,86,52,60,4,271.48,2024-09-22
4191,98,308,88,9,4246.86,2025-01-16
4192,825,152,91,1,88.32,2025-02-07
4193,56,352,90,8,2778.79,2024-09-11
4194,25,208,92,3,302.19,2025-07-28
4195,240,162,35,10,1980.56,2024-10-21
4196,1,458,11,2,695.28,2024-11-13
4197,923,161,73,3,322.43,2025-04-16
4198,61,6,21,6,2631.14,2024-10-28
4199,717,471,7,7,2692.08,2025-01-23
4200,346,110,93,2,346.73,2026-01-18
4201,356,495,84,3,1365.37,2025-07-01
4202,649,456,80,10,1446.22,2024-08-10
4203,290,23,64,6,212.13,2024-09-05
4204,722,98,17,2,774.39,2026-07-02
4205,51,477,46,8,2444.65,2025-07-22
4206,660,15,30,10,3435.54,2025-03-17
4207,403,148,87,2,86.22,2024-07-20
4208,312,396,93,10,1237.91,2024-12-08
4209,919,297,16,1,117.57,2025-08-06
4210,130,481,5,1,153.17,2026-06-25
4211,519,314,90,4,902.54,2024-11-29
4212,556,154,81,5,254.58,2025-04-05
4213,979,114,84,10,4567.31,2025-03-22
4214,632,457,23,6,2655.84,2024-12-21
4215,779,385,32,9,1731.63,2024-10-28
4216,349,76,6,6,2095.75,2026-02-23
4217,35,31,53,6,1237.22,2025-01-20
4218,592,7,83,8,2346.47,2025-11-09
4219,439,483,71,1,210.94,2024-10-20
4220,397,368,57,1,55.37,2025-03-01
4221,797,357,31,8,1169.03,2025-10-17
4222,712,349,17,8,2083.66,2026-01-30
4223,584,435,37,4,1351.45,2026-04-16
4224,987,192,29,5,1494.53,2025-05-31
4225,503,235,49,1,21.33,2026-04-14
4226,9,112,21,3,541.21,2024-11-19
4227,75,253,28,6,2505.91,2025-02-15
4228,134,461,51,7,1192.03,2025-12-27
4229,471,276,33,3,471.65,2024-10-14
4230,643,96,85,3,898.24,2025-02-03
4231,154,113,29,10,3571.79,2025-04-27
4232,98,36,2,5,894.47,2024-07-28
4233,659,459,54,1,294.23,2026-02-10
4234,6,327,98,1,190.96,2025-01-08
4235,424,262,33,9,2580.99,2024-09-23
4236,908,463,15,4,106.77,2025-10-04
4237,455,113,18,2,408.67,2024-11-23
4238,289,459,87,10,4652.09,2025-02-18
4239,946,467,59,6,2878.14,2026-04-04
4240,577,285,70,6,2292.2,2025-12-29
4241,580,441,24,8,1401.39,2025-03-17
4242,755,304,99,2,204.15,2025-09-18
4243,405,24,30,7,1187.26,2025-02-19
4244,824,452,23,4,884.63,2024-12-09
4245,145,235,48,1,444.68,2024-08-23
4246,80,131,60,6,1619.5,2025-08-04
4247,712,306,17,8,3577.32,2026-06-26
4248,118,47,45,1,455.52,2026-04-13
4249,770,282,1,3,384.94,2025-01-25
4250,718,491,22,3,332.22,2024-08-04
4251,623,372,85,2,661.15,2025-03-24
4252,929,467,68,3,157.24,2025-08-10
4253,932,251,93,2,541.36,2025-08-24
4254,580,49,56,1,349.47,2025-12-06
4255,516,224,28,2,781.89,2025-02-03
4256,564,282,11,9,1784.57,2025-10-17
4257,583,384,60,10,4427.48,2025-09-15
4258,708,49,49,8,803.12,2025-11-02
4259,726,26,97,9,2412.42,2026-06-10
4260,491,274,98,6,2761.44,2025-03-12
4261,69,281,49,10,4318.78,2025-04-22
4262,521,466,75,10,4724.5,2025-06-02
4263,823,261,36,8,3612.98,2024-12-09
4264,319,444,7,6,2888.96,2025-08-18
4265,142,87,93,2,995.61,2026-06-25
4266,56,91,71,8,784.05,2025-04-11
4267,550,66,81,4,1260.88,2026-06-25
4268,969,80,8,4,339.72,2024-11-03
4269,286,250,36,5,312.83,2024-12-08
4270,947,384,68,4,1483.79,2026-06-23
4271,998,489,47,2,103.4,2025-10-01
4272,201,359,2,10,3091.73,2024-11-02
4273,753,7,17,3,1119.44,2025-09-20
4274,52,142,92,1,324.34,2026-05-21
4275,135,67,92,3,375.39,2025-01-25
4276,871,477,17,8,2072.42,2025-12-05
4277,736,100,6,2,273.95,2024-10-22
4278,428,172,7,3,784.81,2025-10-07
4279,202,2,88,7,991.64,2025-02-23
4280,813,305,30,1,185.33,2025-05-02
4281,365,204,75,8,1914.57,2026-05-15
4282,230,68,99,2,626.66,2025-09-10
4283,668,83,77,2,696.44,2025-12-12
4284,905,417,88,2,439.08,2026-06-09
4285,388,443,78,2,490.89,2025-10-04
4286,163,299,96,1,433.09,2024-12-16
4287,967,403,4,9,1122.49,2025-04-29
4288,989,380,70,5,695.06,2025-10-03
4289,397,201,21,5,260.51,2024-07-19
4290,821,445,26,3,877.18,2024-07-09
4291,15,257,8,2,443.01,2026-03-11
4292,907,189,54,6,1288.88,2025-10-21
4293,772,450,6,7,1687.3,2026-02-26
4294,404,477,20,7,925.8,2024-12-01
4295,824,202,47,2,587.51,2026-05-06
4296,596,147,100,6,294.08,2025-03-03
4297,38,226,56,5,821.21,2026-01-05
4298,702,157,78,7,3431.78,2025-09-28
4299,582,214,45,4,1457.18,2026-01-06
4300,620,193,22,1,165.1,2025-10-21
4301,867,87,50,8,888.73,2025-10-31
4302,855,61,12,3,684.73,2024-09-11
4303,262,111,53,5,2424.78,2025-06-14
4304,757,176,84,3,1384.27,2026-01-24
4305,273,345,20,9,3184.24,2025-01-11
4306,871,263,82,2,692.01,2024-07-13
4307,505,486,77,1,276.22,2025-01-09
4308,638,477,53,10,670.81,2025-03-22
4309,742,160,92,3,980.84,2024-07-09
4310,585,350,49,2,671.69,2024-09-05
4311,574,174,31,5,629.45,2025-12-11
4312,986,145,59,3,1097.04,2025-06-18
4313,683,30,47,3,1340.11,2025-05-31
4314,252,134,26,9,1198.87,2025-10-01
4315,247,40,11,1,408.28,2025-05-27
4316,542,256,52,6,2563.22,2025-12-08
4317,737,137,48,1,199.45,2026-01-10
4318,400,470,89,8,3148.91,2026-02-24
4319,512,170,59,10,3440.67,2025-08-27
4320,917,369,35,7,2111.74,2026-02-26
4321,370,496,31,6,2847.33,2025-12-23
4322,484,439,35,7,1385.62,2025-11-01
4323,746,305,100,7,1439.18,2025-08-14
4324,827,33,56,9,1831.57,2024-10-27
4325,130,41,23,4,1819.41,2025-07-03
4326,23,275,90,6,942.39,2026-04-10
4327,948,430,80,1,294.89,2026-02-01
4328,835,175,24,5,1319.31,2026-07-07
4329,331,403,48,7,2142.37,2025-12-11
4330,310,433,58,10,2030.18,2026-05-10
4331,945,123,2,3,222.49,2024-10-30
4332,283,70,31,8,3501.24,2024-11-07
4333,603,61,35,6,2357.53,2026-01-31
4334,956,417,37,3,614.12,2024-09-02
4335,977,136,84,1,498.89,2024-12-05
4336,254,406,21,9,2700.81,2024-12-02
4337,309,398,41,7,2883.7,2024-09-19
4338,830,29,58,5,612.38,2026-04-08
4339,674,395,59,10,2180.72,2026-01-16
4340,930,349,3,4,280.16,2025-10-31
4341,703,375,16,1,276.4,2026-01-30
4342,842,183,22,8,3770.16,2024-11-29
4343,82,189,94,3,1401.97,2025-11-18
4344,939,478,72,9,2109.46,2026-03-24
4345,215,186,85,5,864.01,2026-06-26
4346,181,222,65,5,1873.9,2025-12-02
4347,865,349,84,8,1157.48,2026-06-14
4348,510,100,83,8,346.66,2025-09-05
4349,957,418,87,3,1312.36,2026-02-20
4350,421,408,44,1,351.92,2025-06-13
4351,456,237,58,3,380.49,2025-02-06
4352,410,350,42,3,891.32,2026-07-03
4353,480,2,15,7,772.69,2026-04-04
4354,662,424,6,5,2286.46,2026-05-17
4355,834,225,69,6,2468.04,2026-03-06
4356,959,189,42,2,63.6,2025-01-04
4357,47,19,4,9,3023.79,2025-12-28
4358,699,92,94,3,756.74,2025-03-25
4359,191,164,60,3,154.63,2025-01-10
4360,28,310,39,4,310.24,2025-08-05
4361,709,406,16,4,1937.91,2026-03-24
4362,542,413,81,4,1545.08,2025-04-09
4363,169,466,5,2,514.6,2024-07-29
4364,388,319,45,4,313.52,2025-09-25
4365,531,398,51,6,2162.46,2025-07-08
4366,28,308,83,3,1365.34,2026-05-14
4367,647,439,63,3,888.88,2024-09-05
4368,737,192,79,4,740.42,2025-05-26
4369,881,338,88,6,2502.47,2025-08-02
4370,152,87,20,4,1826.33,2025-05-31
4371,631,98,67,8,1031.06,2026-03-12
4372,2,148,47,10,3118.03,2026-01-26
4373,849,458,29,8,2814.17,2025-10-15
4374,233,217,55,6,769.45,2024-08-15
4375,996,18,61,2,526.98,2025-05-22
4376,51,283,59,7,447.9,2025-02-05
4377,399,311,64,1,265.5,2025-12-10
4378,827,82,26,2,773.91,2025-03-27
4379,15,252,16,7,269.61,2026-01-24
4380,363,331,71,3,630.85,2025-09-23
4381,572,348,72,4,1794.46,2025-06-29
4382,987,440,64,3,1076.77,2024-08-26
4383,781,135,69,7,3241.42,2026-06-10
4384,490,103,42,5,1970.44,2024-11-17
4385,135,75,27,8,3054.41,2025-02-14
4386,157,73,21,4,1965.73,2025-10-28
4387,109,387,78,9,252.95,2026-01-13
4388,158,178,72,5,709.02,2025-01-07
4389,836,341,88,10,940.56,2024-09-30
4390,982,182,52,3,317.24,2025-09-02
4391,841,455,80,1,200.97,2025-02-24
4392,672,26,50,6,727.86,2025-10-14
4393,651,405,93,4,1679.58,2025-03-02
4394,251,35,83,8,3479.65,2025-08-16
4395,279,204,88,2,550.31,2025-04-14
4396,848,121,1,8,1218.99,2024-12-17
4397,235,439,72,8,2728.97,2024-12-24
4398,669,288,42,5,1953.21,2024-09-16
4399,676,37,29,3,79.51,2026-04-05
4400,677,30,66,7,726.37,2025-07-05
4401,235,293,93,5,1693.53,2026-04-19
4402,396,33,41,8,2682.31,2026-01-29
4403,47,186,41,5,1997.81,2026-04-08
4404,819,90,81,5,1464.82,2025-10-15
4405,439,369,35,2,393.56,2025-06-26
4406,785,471,87,2,114.39,2025-04-03
4407,279,9,73,6,1070.25,2026-01-31
4408,385,304,28,2,593.18,2025-01-31
4409,561,255,46,10,1740.99,2026-03-16
4410,823,1,18,3,146.69,2025-08-02
4411,446,500,21,1,141.74,2025-11-20
4412,888,334,64,1,54.14,2025-11-21
4413,678,46,20,2,170.52,2025-09-01
4414,207,293,32,5,275.9,2025-06-29
4415,636,207,60,7,3183.95,2025-06-18
4416,465,208,5,9,2627.41,2024-08-25
4417,486,111,10,10,4783.48,2026-03-22
4418,915,248,30,3,673.96,2025-05-11
4419,789,95,17,2,805.97,2024-10-08
4420,692,392,4,8,2663.81,2025-01-18
4421,713,296,68,8,3843.11,2026-03-02
4422,665,279,54,9,2865.47,2025-02-18
4423,653,480,27,6,803.23,2024-08-22
4424,716,355,40,10,4520.52,2024-09-12
4425,94,323,99,4,301.35,2025-08-31
4426,193,16,66,7,1244.82,2024-08-14
4427,187,120,16,10,3257.28,2024-08-22
4428,124,301,9,3,125.78,2025-12-25
4429,794,179,63,6,2545.43,2026-04-19
4430,290,289,82,7,1054.89,2026-03-18
4431,291,246,1,8,3230.24,2025-06-04
4432,431,496,72,1,20.57,2025-01-13
4433,317,279,86,8,1679.27,2025-10-21
4434,305,294,58,7,1807.94,2025-08-09
4435,317,454,12,10,2360.67,2025-03-29
4436,395,456,45,7,2882.48,2024-08-03
4437,35,132,43,7,2460.5,2026-06-01
4438,251,181,41,1,31.07,2025-07-06
4439,39,302,95,4,982.9,2025-04-10
4440,579,219,79,7,3416.17,2024-11-13
4441,452,41,15,3,1446.56,2025-12-11
4442,141,292,90,10,3320.35,2026-04-30
4443,211,26,89,7,888.41,2024-08-08
4444,737,5,23,6,1829.47,2025-12-14
4445,166,271,21,6,1127.32,2025-10-05
4446,212,219,39,8,1747.94,2024-11-20
4447,874,161,79,4,1975.9,2024-08-29
4448,636,436,72,5,2298.8,2024-12-07
4449,627,202,45,10,3864.56,2026-05-30
4450,446,127,39,5,1093.47,2026-05-24
4451,896,462,38,6,2290.71,2025-06-01
4452,264,403,10,4,670.19,2024-11-15
4453,406,292,78,5,1568.77,2026-01-01
4454,623,125,91,10,1374.02,2024-11-08
4455,462,146,29,5,761.89,2026-01-07
4456,899,210,34,10,4428.4,2025-08-18
4457,693,429,85,1,272.4,2026-03-31
4458,230,25,76,9,920.18,2025-12-13
4459,132,310,93,6,1561.45,2025-09-04
4460,224,295,86,8,2938.42,2025-09-22
4461,904,268,75,9,2955.8,2026-04-27
4462,162,54,2,5,339.42,2026-05-08
4463,63,354,23,10,2338.61,2025-08-11
4464,780,23,62,2,866.0,2025-12-29
4465,873,266,45,6,987.91,2025-03-21
4466,727,402,53,4,631.17,2025-03-18
4467,820,300,17,6,1089.63,2026-05-11
4468,11,22,39,3,113.7,2025-07-25
4469,869,156,49,5,1460.04,2026-06-17
4470,626,115,73,2,182.45,2025-10-08
4471,145,460,95,1,415.02,2025-11-30
4472,798,59,27,6,427.11,2024-09-07
4473,403,443,46,8,1439.94,2025-07-17
4474,402,98,43,9,3234.15,2024-09-30
4475,694,430,61,10,1819.43,2025-04-13
4476,441,498,11,1,286.58,2025-10-05
4477,968,36,34,10,3125.52,2024-12-24
4478,194,133,90,6,1711.35,2024-12-24
4479,227,44,10,6,1262.06,2025-01-29
4480,564,190,7,4,1874.33,2024-10-20
4481,188,98,53,4,649.52,2026-04-20
4482,759,70,5,3,1403.21,2025-08-18
4483,469,150,24,4,454.21,2025-11-07
4484,672,56,3,5,1075.79,2024-12-15
4485,462,366,75,5,656.78,2024-09-28
4486,710,346,85,7,1834.9,2024-09-10
4487,554,426,4,7,2765.61,2025-05-08
4488,924,487,84,1,285.04,2025-05-06
4489,919,73,73,6,2166.98,2024-08-16
4490,597,492,7,5,1015.43,2025-06-15
4491,670,46,83,3,1336.01,2024-10-13
4492,293,33,60,8,1842.51,2026-06-09
4493,39,155,27,5,551.98,2025-02-27
4494,234,275,47,6,288.32,2026-01-29
4495,835,287,79,1,98.42,2025-03-09
4496,347,93,58,5,1113.1,2024-10-18
4497,772,473,98,6,2221.92,2025-03-21
4498,137,267,20,3,346.52,2025-12-09
4499,10,70,3,10,4007.4,2026-03-17
4500,588,56,28,3,535.47,2025-11-03
4501,236,12,29,4,1765.4,2024-11-28
4502,480,226,9,4,566.99,2025-10-15
4503,439,402,59,2,683.51,2025-09-24
4504,11,225,55,6,2806.51,2025-05-28
4505,625,313,45,3,1177.3,2026-07-08
4506,767,30,23,6,837.48,2025-09-24
4507,216,29,11,5,1640.21,2025-07-23
4508,753,298,72,3,1370.74,2025-12-03
4509,175,121,4,5,2058.56,2024-08-19
4510,940,487,17,4,600.04,2025-09-13
4511,304,235,9,1,80.99,2026-03-06
4512,817,470,99,10,4085.6,2024-11-16
4513,735,84,21,1,63.62,2025-11-02
4514,903,192,8,3,481.45,2025-05-20
4515,740,212,34,8,3287.0,2025-03-21
4516,795,491,14,9,2178.3,2026-02-05
4517,708,254,42,8,2626.02,2025-07-27
4518,638,403,77,5,1093.41,2025-06-14
4519,52,198,47,3,1392.95,2025-10-03
4520,894,472,57,9,1162.32,2025-09-02
4521,481,323,19,3,1195.61,2025-06-16
4522,954,33,24,6,1576.67,2024-08-30
4523,42,411,75,3,515.99,2026-02-23
4524,777,274,37,6,1229.6,2026-02-24
4525,743,379,19,5,2295.66,2026-02-14
4526,643,97,58,4,1012.1,2025-02-02
4527,79,407,24,10,3893.22,2024-11-25
4528,89,25,16,2,164.79,2024-09-12
4529,526,22,31,9,2158.08,2026-02-02
4530,567,213,96,6,2949.66,2025-05-03
4531,939,457,10,10,439.98,2025-02-12
4532,884,423,63,8,3443.42,2025-07-14
4533,818,323,29,5,1764.61,2025-10-11
4534,107,301,80,10,925.04,2026-04-12
4535,364,92,77,10,1408.73,2025-04-04
4536,919,392,15,6,2237.43,2026-05-14
4537,180,73,64,8,551.77,2026-02-18
4538,256,113,72,7,2654.75,2024-10-08
4539,22,185,38,8,858.07,2025-05-04
4540,385,91,49,3,267.85,2025-02-02
4541,267,303,83,6,2093.09,2024-09-08
4542,197,466,25,7,2995.99,2026-05-19
4543,837,101,26,1,352.33,2026-04-13
4544,454,450,3,5,806.63,2024-07-10
4545,532,256,66,5,1305.29,2025-09-15
4546,339,7,35,10,2984.53,2024-12-09
4547,171,6,48,8,239.91,2024-08-22
4548,785,260,88,10,3478.96,2024-11-14
4549,785,448,41,6,325.55,2025-11-05
4550,459,255,33,4,1593.0,2025-06-28
4551,187,204,55,10,3569.56,2025-02-10
4552,899,307,95,4,387.12,2025-08-24
4553,275,95,58,6,1312.65,2026-03-01
4554,814,88,21,8,1980.79,2025-04-01
4555,18,215,11,6,1753.65,2025-09-20
4556,86,73,78,7,1313.61,2026-05-12
4557,378,294,93,3,100.0,2024-07-12
4558,293,60,10,3,277.31,2025-07-23
4559,978,476,99,6,2781.29,2026-06-11
4560,156,303,41,7,873.71,2025-12-19
4561,718,298,52,6,2301.46,2025-01-27
4562,475,343,93,4,916.91,2026-06-08
4563,177,424,80,3,989.88,2025-07-28
4564,977,93,6,5,1693.79,2025-08-16
4565,344,340,34,7,1406.66,2024-07-08
4566,662,343,71,10,2668.99,2024-11-07
4567,210,371,14,6,399.64,2024-09-24
4568,779,436,6,4,1337.03,2026-04-07
4569,548,437,29,1,150.85,2025-03-14
4570,658,43,23,3,152.49,2026-04-19
4571,849,89,10,3,195.88,2024-10-08
4572,524,340,15,6,2277.65,2026-04-08
4573,891,223,70,6,1670.38,2026-01-12
4574,412,153,2,7,1940.24,2024-10-20
4575,113,272,42,2,773.03,2025-11-12
4576,60,200,40,5,1435.05,2024-11-01
4577,858,429,87,5,1900.18,2025-06-10
4578,398,91,73,1,40.44,2024-10-28
4579,510,227,82,9,,2024-08-10
4580,852,161,67,9,2255.51,2025-04-27
4581,983,199,82,6,2354.7,2026-04-02
4582,892,205,96,7,1086.74,2026-06-12
4583,122,306,56,5,1960.17,2025-11-30
4584,675,93,15,3,373.5,2026-01-31
4585,953,224,19,10,876.36,2024-07-17
4586,188,9,40,3,168.15,2025-07-28
4587,168,314,33,2,83.65,2025-12-24
4588,996,58,37,9,1117.26,2026-04-05
4589,940,451,73,8,3760.62,2025-06-04
4590,884,315,58,2,126.45,2025-03-01
4591,417,302,79,3,1248.55,2025-11-02
4592,285,295,89,10,4888.47,2026-01-15
4593,165,264,90,9,597.03,2025-04-12
4594,563,11,8,4,292.92,2026-01-02
4595,433,210,3,4,1760.35,2026-01-15
4596,64,3,45,3,1076.97,2025-01-27
4597,553,173,25,4,1516.15,2026-02-01
4598,894,50,1,9,1890.85,2025-11-07
4599,335,415,23,6,1939.61,2026-01-29
4600,543,461,31,5,686.25,2025-07-10
4601,958,182,71,9,3246.27,2025-08-22
4602,863,415,79,3,1391.86,2026-03-30
4603,579,393,79,3,1010.38,2024-09-08
4604,408,274,90,1,48.63,2025-02-12
4605,469,388,56,7,691.09,2026-06-10
4606,182,433,72,4,1726.97,2025-07-16
4607,514,313,50,4,1773.47,2026-02-17
4608,496,209,96,4,491.82,2025-12-26
4609,651,59,81,2,525.43,2025-06-05
4610,769,424,99,9,4124.38,2024-07-14
4611,466,54,32,7,734.83,2024-11-21
4612,989,398,14,7,1995.22,2024-08-14
4613,195,80,85,1,487.11,2024-07-23
4614,206,461,29,9,3597.56,2026-02-22
4615,690,277,66,10,931.3,2026-05-27
4616,192,237,95,4,750.71,2024-11-19
4617,65,271,62,10,3695.95,2025-10-21
4618,783,377,90,6,2159.75,2025-01-10
4619,918,247,64,1,214.91,2024-10-31
4620,45,217,97,7,459.11,2025-06-05
4621,172,4,82,6,2497.5,2026-06-09
4622,877,335,35,9,2437.83,2025-07-16
4623,637,66,60,4,1559.02,2024-09-10
4624,420,60,59,10,2334.05,2024-09-01
4625,361,497,76,9,3181.51,2026-07-04
4626,547,330,32,7,2087.31,2026-02-10
4627,359,339,64,9,3172.81,2026-05-16
4628,18,367,94,3,1117.57,2025-11-24
4629,386,189,90,3,1070.15,2025-02-25
4630,783,88,79,7,1933.79,2024-12-28
4631,97,71,42,6,1775.27,2024-07-31
4632,632,260,76,8,943.9,2025-07-22
4633,167,176,42,10,4477.32,2024-11-03
4634,688,223,81,4,1236.5,2024-08-07
4635,756,153,18,1,386.72,2025-08-17
4636,24,228,35,10,4335.94,2025-05-21
4637,633,211,55,8,708.04,2026-04-19
4638,312,33,98,10,4944.62,2025-08-21
4639,406,249,3,8,2364.52,2025-11-22
4640,801,305,59,9,196.62,2025-12-02
4641,510,131,72,5,1746.4,2025-03-10
4642,872,293,37,6,2094.48,2025-12-21
4643,977,261,25,7,1066.69,2026-03-25
4644,868,155,15,10,4049.52,2025-10-24
4645,296,430,59,7,1692.47,2024-11-09
4646,352,106,52,9,4256.89,2025-05-11
4647,547,55,49,10,2774.89,2026-01-16
4648,547,15,34,5,1963.37,2026-07-08
4649,812,310,22,5,858.49,2024-07-14
4650,897,6,42,9,3662.8,2026-05-01
4651,909,17,21,3,230.31,2026-01-05
4652,470,21,51,7,608.86,2024-12-19
4653,617,462,8,7,1113.99,2025-10-30
4654,184,139,69,1,423.14,2024-08-10
4655,107,395,29,5,960.57,2026-07-04
4656,553,294,72,1,287.02,2024-10-05
4657,824,22,43,4,1759.87,2025-01-31
4658,835,277,71,8,1331.67,2025-11-05
4659,755,243,34,4,1268.2,2026-06-30
4660,426,444,31,2,571.2,2024-09-18
4661,984,229,48,1,91.7,2024-09-02
4662,218,24,87,1,42.68,2025-10-16
4663,779,348,52,6,2194.19,2026-02-25
4664,891,399,77,2,608.49,2025-05-07
4665,18,467,46,6,1977.74,2026-04-19
4666,572,134,99,7,1123.75,2025-06-13
4667,449,278,86,10,1119.59,2025-04-20
4668,584,27,65,5,1136.78,2026-02-07
4669,935,10,84,8,3669.69,2024-11-13
4670,166,213,83,2,549.59,2025-09-29
4671,647,385,27,1,34.99,2024-08-24
4672,705,63,7,7,1391.13,2025-03-26
4673,303,156,33,4,601.06,2026-06-20
4674,961,23,51,3,926.09,2024-09-24
4675,352,489,55,8,1213.15,2025-08-31
4676,411,420,48,9,4078.31,2025-12-21
4677,40,194,19,3,493.27,2026-01-28
4678,933,177,79,3,228.23,2025-07-29
4679,490,71,41,10,2293.7,2024-09-15
4680,189,481,24,7,2720.88,2025-03-18
4681,340,121,28,2,624.63,2026-05-27
4682,31,133,64,5,1154.98,2025-03-25
4683,399,156,70,5,1252.96,2026-05-06
4684,334,191,77,5,1743.36,2024-09-16
4685,335,88,13,4,1233.5,2026-05-25
4686,321,4,63,4,1106.0,2024-10-18
4687,295,171,94,2,970.67,2024-09-23
4688,171,360,77,6,748.3,2025-09-12
4689,256,202,17,1,21.6,2025-05-25
4690,953,445,9,3,1422.97,2025-11-24
4691,798,328,19,8,1069.42,2025-11-05
4692,436,396,35,-5,2059.47,2025-02-10
4693,750,127,80,9,2955.76,2026-05-06
4694,730,346,42,6,1720.37,2026-02-02
4695,186,300,86,9,1582.81,2024-11-15
4696,862,178,18,5,508.75,2024-07-12
4697,119,258,42,6,412.04,2026-04-04
4698,87,230,9,8,1574.05,2025-01-06
4699,54,271,82,1,181.27,2024-12-24
4700,614,48,34,1,194.37,2025-10-12
4701,276,242,30,8,1903.77,2026-03-20
4702,366,396,19,6,1959.25,2025-05-22
4703,542,375,96,5,1152.06,2025-11-30
4704,809,433,60,5,369.12,2026-01-23
4705,308,360,74,2,382.15,2024-09-23
4706,297,434,78,8,925.84,2025-02-27
4707,237,251,66,4,150.36,2025-06-29
4708,200,64,68,9,310.83,2025-09-30
4709,895,404,9,4,888.87,2024-07-30
4710,660,267,77,4,540.12,2025-07-24
4711,39,263,61,3,675.06,2026-02-24
4712,180,416,72,9,2490.97,2024-09-26
4713,179,246,70,2,378.52,2025-04-07
4714,293,424,72,8,913.79,2024-08-03
4715,701,33,41,7,758.09,2024-09-06
4716,709,157,53,3,236.01,2026-03-16
4717,218,475,42,6,2515.39,2025-05-22
4718,826,402,66,4,1006.65,2026-01-14
4719,579,443,14,1,68.73,2026-03-05
4720,490,97,38,6,1343.58,2025-09-20
4721,509,45,95,5,2186.46,2024-12-05
4722,388,478,21,8,1859.94,2025-08-17
4723,603,478,9,10,4083.55,2025-10-22
4724,834,203,18,5,638.76,2025-02-10
4725,264,455,49,10,3102.09,2025-06-09
4726,928,175,7,7,1020.3,2024-09-20
4727,600,405,4,10,3020.2,2024-11-13
4728,546,305,71,1,73.84,2025-12-18
4729,592,9,69,6,1501.51,2025-06-06
4730,701,363,44,4,1678.71,2026-02-22
4731,88,277,77,3,197.09,2025-07-14
4732,298,464,37,7,2369.6,2025-03-02
4733,400,142,95,3,996.79,2025-01-22
4734,305,318,97,9,3534.39,2025-07-08
4735,597,190,57,10,3676.15,2024-08-06
4736,898,190,100,3,867.9,2025-07-30
4737,728,293,45,8,1421.8,2025-10-19
4738,531,380,15,-5,726.13,2024-10-28
4739,147,37,57,10,446.44,2026-01-09
4740,552,312,85,10,2421.25,2024-11-19
4741,307,271,70,2,827.2,2026-04-14
4742,930,441,58,4,1307.45,2025-01-04
4743,949,169,97,2,483.64,2025-05-12
4744,938,495,34,10,2739.78,2026-05-07
4745,809,137,27,6,2455.35,2025-09-11
4746,895,82,67,7,1807.7,2026-04-24
4747,108,43,24,7,3439.66,2025-07-26
4748,215,271,65,4,1305.34,2025-11-26
4749,870,275,15,6,2285.72,2026-05-30
4750,625,252,69,2,595.0,2026-02-19
4751,939,173,74,2,304.1,2026-04-07
4752,24,378,80,1,446.0,2024-07-15
4753,171,427,14,10,3225.32,2025-02-03
4754,49,190,41,8,1957.16,2026-04-15
4755,436,474,55,3,866.79,2025-01-14
4756,843,405,48,10,1197.08,2025-12-26
4757,673,161,96,2,642.88,2025-02-16
4758,22,387,93,9,2506.15,2024-09-01
4759,13,394,86,8,3850.95,2025-07-08
4760,690,203,3,6,682.06,2025-11-10
4761,247,404,75,2,156.99,2024-09-01
4762,982,440,69,2,50.02,2026-01-31
4763,486,158,18,3,1288.08,2025-01-08
4764,250,371,55,6,1126.74,2025-02-13
4765,707,272,42,1,295.5,2024-11-08
4766,877,258,92,9,3625.64,2025-01-20
4767,336,32,18,2,81.01,2026-02-16
4768,473,106,52,5,609.23,2025-11-21
4769,956,357,68,2,909.55,2024-07-16
4770,776,206,18,8,949.66,2025-12-14
4771,707,179,66,8,462.85,2024-07-15
4772,252,108,46,10,2124.53,2024-11-13
4773,62,361,1,4,1613.08,2025-11-28
4774,999,448,97,6,1688.31,2024-09-24
4775,649,490,38,7,443.57,2026-01-26
4776,89,334,43,8,2716.13,2024-10-23
4777,246,300,63,7,2896.58,2025-07-13
4778,356,405,15,10,1092.5,2026-07-05
4779,253,202,87,2,404.64,2025-09-24
4780,138,430,66,10,404.42,2025-08-04
4781,187,234,4,4,985.35,2025-03-29
4782,432,393,84,3,844.37,2024-09-18
4783,352,469,32,7,1517.13,2026-03-04
4784,85,194,33,5,525.01,2025-09-04
4785,722,350,53,5,264.85,2024-11-28
4786,108,320,90,2,73.56,2026-05-18
4787,332,325,27,8,3842.17,2025-04-07
4788,838,326,39,6,1661.99,2025-04-23
4789,44,500,48,7,2922.87,2024-08-02
4790,686,287,70,2,75.97,2025-03-28
4791,220,5,34,1,84.98,2025-11-04
4792,214,217,18,3,760.71,2025-10-18
4793,270,325,34,9,3948.61,2025-07-05
4794,542,387,75,5,1187.89,2025-03-31
4795,814,109,3,4,1216.6,2025-12-18
4796,817,23,54,10,2176.45,2024-08-02
4797,712,388,85,8,1704.19,2025-07-16
4798,709,471,1,10,3208.14,2026-01-21
4799,518,275,98,10,1033.76,2026-04-22
4800,522,233,98,5,2352.36,2025-02-12
4801,773,492,45,5,2190.81,2024-12-30
4802,243,426,99,2,861.45,2025-06-23
4803,915,233,18,6,1668.4,2024-11-16
4804,273,455,26,8,633.42,2025-09-20
4805,436,413,71,1,328.07,2024-09-17
4806,808,55,97,9,4435.72,2024-08-09
4807,841,139,100,7,2959.52,2026-03-18
4808,970,107,76,1,117.49,2024-12-14
4809,923,34,65,9,3463.23,2025-01-16
4810,482,227,84,8,949.3,2025-12-07
4811,228,375,30,6,2889.99,2025-01-27
4812,780,244,58,4,857.03,2025-05-23
4813,97,120,92,1,418.11,2025-02-02
4814,638,468,15,1,310.42,2026-02-14
4815,846,327,54,6,675.84,2024-11-02
4816,131,203,18,1,109.42,2026-04-26
4817,171,497,6,6,881.78,2026-05-03
4818,868,88,30,5,262.77,2025-02-25
4819,742,335,46,2,626.76,2025-04-03
4820,8,138,98,8,1933.41,2024-11-30
4821,58,363,89,5,259.08,2025-06-08
4822,859,361,35,8,2807.55,2025-11-08
4823,164,139,48,2,582.43,2024-07-21
4824,659,39,8,4,1693.16,2025-02-10
4825,631,159,13,10,2517.06,2024-11-27
4826,284,279,60,3,267.65,2026-06-08
4827,754,286,61,1,301.94,2025-04-10
4828,262,444,74,3,1131.95,2025-10-21
4829,182,192,11,7,827.75,2025-07-22
4830,813,74,24,8,3393.21,2026-01-16
4831,853,456,89,5,133.57,2025-10-11
4832,103,56,69,4,410.99,2025-06-19
4833,198,157,49,10,447.76,2026-02-08
4834,705,196,28,9,2044.6,2024-11-10
4835,153,280,52,1,247.95,2025-09-10
4836,174,29,20,8,2826.72,2025-01-31
4837,344,400,31,1,35.26,2024-10-14
4838,425,370,18,7,3141.36,2026-06-22
4839,202,210,70,2,588.39,2026-07-08
4840,348,239,61,10,349.65,2025-06-17
4841,62,50,64,10,1702.34,2026-04-12
4842,979,409,73,4,342.2,2025-10-12
4843,473,111,79,1,32.48,2026-03-04
4844,771,399,5,8,503.58,2024-08-01
4845,96,56,27,8,819.19,2025-03-10
4846,580,22,96,9,3692.15,2026-03-07
4847,78,336,50,9,2221.69,2025-01-25
4848,123,13,33,8,707.33,2024-08-26
4849,727,397,36,6,2626.0,2025-06-27
4850,508,57,73,7,2802.29,2025-08-07
4851,988,36,61,3,847.91,2026-03-23
4852,314,126,53,1,238.3,2025-10-04
4853,149,423,29,1,491.96,2025-08-14
4854,806,477,17,5,803.53,2025-01-09
4855,96,332,51,3,579.19,2026-05-24
4856,186,110,76,1,89.15,2024-09-18
4857,146,489,94,5,1912.79,2024-11-30
4858,313,380,58,1,300.0,2025-07-12
4859,385,316,3,8,3551.88,2025-11-27
4860,431,329,81,4,1374.85,2024-12-03
4861,231,473,17,6,1029.52,2026-04-27
4862,668,239,78,8,1730.47,2026-01-21
4863,25,497,87,5,1828.48,2025-08-13
4864,354,424,89,3,449.3,2025-11-23
4865,360,58,49,6,1802.92,2026-03-26
4866,109,295,86,1,83.08,2024-10-06
4867,953,275,75,2,346.88,2025-11-15
4868,441,277,52,2,203.9,2026-03-27
4869,822,275,53,5,1858.02,2025-08-04
4870,439,406,66,5,1249.53,2025-01-25
4871,475,195,8,7,566.39,2025-09-03
4872,276,160,59,1,260.1,2025-06-28
4873,768,119,57,5,156.73,2024-09-22
4874,579,57,74,9,4398.14,2025-09-14
4875,635,434,73,1,255.53,2025-11-06
4876,308,23,7,3,183.49,2026-06-13
4877,744,392,68,7,2059.5,2026-03-12
4878,986,374,81,4,834.63,2025-11-28
4879,805,167,30,3,1260.39,2026-04-23
4880,523,224,35,5,1396.8,2025-04-09
4881,41,259,21,8,3787.07,2025-07-28
4882,989,271,53,2,255.04,2025-06-04
4883,192,76,92,6,910.04,2026-03-10
4884,171,103,96,1,100.72,2024-10-05
4885,761,76,2,8,2795.47,2024-12-20
4886,2,450,27,6,2719.67,2026-05-02
4887,22,10,71,4,83.8,2024-07-08
4888,813,150,96,9,1808.22,2025-10-02
4889,608,57,79,7,1663.55,2025-07-16
4890,534,293,99,1,21.61,2025-02-25
4891,125,130,16,10,4996.51,2025-12-13
4892,24,297,12,7,2822.36,2024-07-18
4893,760,322,20,7,2047.53,2025-11-26
4894,507,104,59,4,346.62,2024-07-14
4895,968,396,74,10,3431.62,2025-11-11
4896,633,23,50,8,3001.65,2025-08-29
4897,751,173,39,1,280.05,2024-08-17
4898,974,43,71,9,4452.45,2024-08-31
4899,265,199,32,7,1752.9,2025-02-22
4900,944,306,76,1,44.32,2025-07-16
4901,225,128,56,9,1378.07,2025-04-19
4902,741,428,32,2,894.71,2026-05-17
4903,99,268,11,8,476.73,2025-09-07
4904,619,285,83,6,386.3,2024-12-07
4905,338,257,19,6,2119.59,2025-04-28
4906,317,77,3,10,4821.69,2025-07-09
4907,825,435,86,4,1300.97,2025-06-20
4908,209,166,98,1,52.84,2025-07-29
4909,421,16,58,4,613.25,2026-05-23
4910,589,311,77,6,1200.18,2025-11-26
4911,912,361,35,5,780.12,2026-05-24
4912,152,367,7,7,1591.33,2024-10-03
4913,142,137,83,2,96.22,2025-02-21
4914,724,395,70,1,408.85,2025-12-19
4915,156,472,18,2,701.17,2024-09-21
4916,611,473,99,4,1065.61,2025-04-09
4917,153,493,51,5,2423.55,2024-12-21
4918,355,257,9,3,108.5,2025-03-17
4919,333,464,18,8,1166.39,2025-03-22
4920,935,184,82,8,1033.22,2026-04-16
4921,164,487,29,4,870.24,2024-09-03
4922,18,5,38,6,2987.75,2024-11-23
4923,97,396,72,2,193.09,2024-12-03
4924,340,55,71,3,854.39,2025-05-26
4925,961,36,81,2,699.15,2025-09-04
4926,998,168,45,3,1192.27,2026-05-05
4927,682,444,51,10,285.91,2026-02-03
4928,63,238,78,2,888.03,2025-01-13
4929,271,219,53,3,375.45,2024-11-06
4930,131,288,32,1,45.82,2024-09-09
4931,89,16,12,9,799.16,2024-11-30
4932,926,66,73,3,348.73,2026-01-11
4933,92,65,4,7,370.64,2024-10-26
4934,733,192,2,5,2371.61,2025-07-08
4935,446,385,42,8,2984.05,2025-12-07
4936,791,457,94,4,1914.98,2026-01-08
4937,743,24,40,5,848.94,2026-04-11
4938,451,215,29,3,1347.12,2024-12-18
4939,990,13,14,5,1018.77,2025-10-23
4940,243,4,47,10,622.94,2024-10-17
4941,818,321,27,8,2921.65,2026-02-28
4942,153,133,31,5,1280.36,2025-09-02
4943,432,43,63,6,1728.0,2026-03-30
4944,168,482,41,7,1936.79,2026-02-14
4945,130,423,59,2,759.48,2026-05-20
4946,4,261,51,3,627.71,2024-08-07
4947,397,479,45,7,2504.07,2025-09-22
4948,877,67,36,7,3341.08,2025-12-22
4949,637,451,57,2,958.14,2025-03-01
4950,453,262,35,7,3003.73,2025-05-19
4951,479,425,11,10,1608.57,2025-12-19
4952,655,107,47,3,892.58,2024-10-10
4953,999,478,14,1,37.52,2025-09-30
4954,580,248,39,9,1490.29,2025-07-16
4955,321,443,35,3,240.8,2025-05-17
4956,315,372,54,4,670.59,2025-04-25
4957,971,57,20,7,1980.22,2026-01-29
4958,653,222,33,2,362.83,2025-12-17
4959,365,84,46,10,3743.62,2025-09-29
4960,177,9,52,5,1479.6,2025-01-24
4961,659,420,12,5,2022.47,2025-10-16
4962,728,314,64,2,137.03,2025-04-15
4963,83,272,19,4,1129.67,2025-04-21
4964,878,343,55,8,1116.46,2025-08-30
4965,346,347,76,4,668.91,2025-05-27
4966,885,258,23,5,1301.06,2026-03-22
4967,284,301,54,2,547.11,2025-12-17
4968,415,208,34,9,280.22,2025-10-13
4969,101,419,13,1,186.71,2026-02-18
4970,165,418,48,1,107.24,2025-01-15
4971,768,143,11,5,570.58,2026-06-03
4972,31,61,91,3,415.87,2026-07-05
4973,626,381,68,7,311.22,2024-12-25
4974,969,123,64,7,154.08,2026-03-31
4975,748,329,65,3,204.69,2025-10-28
4976,60,104,21,7,317.65,2026-02-15
4977,207,54,77,1,499.76,2026-04-26
4978,607,319,78,8,2274.91,2026-01-14
4979,827,142,5,1,58.49,2025-11-27
4980,942,480,61,1,120.73,2025-12-04
4981,769,354,64,2,271.07,2025-11-28
4982,478,391,84,2,606.11,2025-01-13
4983,800,384,14,9,1972.54,2025-11-12
4984,160,390,46,7,3110.6,2025-08-07
4985,53,370,65,10,4893.29,2026-04-12
4986,664,146,82,5,336.45,2025-10-31
4987,337,445,47,8,3314.47,2025-08-22
4988,79,106,57,1,321.77,2026-03-25
4989,543,85,91,6,763.56,2025-05-14
4990,945,86,72,2,61.73,2025-09-21
4991,858,228,67,9,3100.3,2026-01-04
4992,799,240,77,1,246.4,2025-10-13
4993,480,58,54,1,363.23,2024-12-26
4994,566,354,66,2,449.68,2024-07-30
4995,482,500,20,2,788.03,2025-04-05
4996,694,306,98,3,1347.01,2026-01-11
4997,394,129,62,10,3241.97,2024-11-04
4998,549,102,63,8,3135.59,2025-01-01
4999,42,230,54,6,2532.0,2024-10-20
5000,922,463,1,9,3909.42,2025-12-13
5001,561,8,87,3,1209.51,2024-12-16
5002,361,239,65,9,1762.57,2025-09-11
5003,667,132,86,1,27.07,2024-10-05
5004,787,70,28,5,565.97,2026-03-07
5005,167,497,16,7,3379.07,2025-05-30
5006,809,197,78,7,2105.87,2024-10-08
5007,868,234,34,7,1992.99,2025-02-23
5008,21,200,57,7,2379.04,2025-02-04
5009,635,354,16,6,310.92,2025-11-11
5010,937,477,47,4,1189.88,2025-08-10
5011,57,377,15,3,188.8,2025-06-28
5012,844,75,50,7,3146.02,2025-08-04
5013,951,5,28,2,44.24,2025-12-01
5014,964,489,84,4,778.84,2025-11-24
5015,915,401,21,9,3492.77,2024-12-06
5016,720,384,89,5,2136.48,2024-08-30
5017,887,114,74,2,635.2,2025-09-26
5018,876,150,65,3,475.52,2024-12-31
5019,11,155,14,2,251.58,2025-07-28
5020,829,39,2,7,2158.31,2025-04-13
5021,48,76,13,6,2591.48,2025-01-06
5022,387,244,93,6,2745.38,2026-02-01
5023,732,282,50,6,2319.31,2026-06-12
5024,814,126,30,5,1070.27,2024-08-31
5025,239,159,71,10,4340.01,2026-04-13
5026,334,9,16,2,129.73,2026-01-13
5027,431,133,99,5,2289.0,2026-05-16
5028,840,414,75,3,766.44,2025-11-02
5029,126,164,61,7,3014.56,2026-01-27
5030,329,382,98,4,1139.47,2024-07-19
5031,789,40,58,2,171.34,2025-03-02
5032,101,69,30,8,1425.34,2025-03-15
5033,577,255,65,10,1986.16,2026-05-23
5034,266,80,49,2,367.71,2025-11-03
5035,832,307,60,1,385.97,2024-07-26
5036,393,10,20,3,387.0,2025-07-24
5037,446,389,95,5,1988.24,2026-07-02
5038,433,396,60,6,2342.5,2025-08-26
5039,367,34,57,8,702.77,2025-04-09
5040,209,32,65,2,66.22,2024-09-07
5041,394,413,34,8,630.41,2024-09-10
5042,657,386,30,8,2201.19,2026-05-25
5043,63,111,13,8,2711.99,2026-03-17
5044,234,272,3,8,1381.31,2025-08-22
5045,304,421,10,3,1339.68,2026-01-21
5046,333,362,59,5,1307.81,2025-12-21
5047,166,289,23,3,611.98,2025-03-17
5048,770,202,88,6,867.53,2025-01-15
5049,152,458,58,9,1920.21,2026-06-13
5050,854,154,6,3,859.2,2026-02-05
5051,257,70,2,8,1759.82,2025-01-24
5052,387,350,27,8,2666.38,2024-10-01
5053,70,441,91,3,748.66,2024-10-14
5054,214,373,71,4,1890.71,2025-07-17
5055,709,71,46,7,1738.98,2025-07-22
5056,915,271,56,10,801.83,2026-04-17
5057,622,27,53,9,3791.07,2024-09-15
5058,530,471,67,1,402.72,2025-02-08
5059,240,91,8,7,2126.84,2025-09-24
5060,797,121,34,6,2366.9,2024-09-17
5061,27,352,68,1,186.49,2025-12-09
5062,486,103,74,10,3905.61,2025-08-20
5063,980,464,42,7,2633.8,2024-10-26
5064,440,488,33,10,4298.02,2024-08-09
5065,699,336,95,1,170.85,2025-11-07
5066,60,378,61,6,1305.1,2026-05-30
5067,475,256,91,9,2752.04,2025-04-02
5068,163,224,10,6,1111.47,2026-05-31
5069,29,124,68,10,3581.43,2024-11-09
5070,186,245,27,5,453.19,2025-03-08
5071,134,234,94,7,2658.59,2025-03-21
5072,724,91,23,4,426.1,2025-06-08
5073,109,390,10,3,754.29,2025-05-21
5074,667,455,63,8,3347.71,2026-03-20
5075,992,252,14,7,2178.67,2025-04-11
5076,799,151,21,7,692.32,2025-06-19
5077,381,59,37,10,4438.6,2025-01-25
5078,414,296,71,5,2109.16,2025-08-04
5079,180,482,14,4,142.17,2025-02-19
5080,9,107,75,7,3349.99,2025-10-10
5081,921,93,96,3,329.54,2025-11-01
5082,583,407,71,7,3482.87,2025-10-26
5083,912,137,24,1,65.91,2026-01-27
5084,849,40,8,7,1042.62,2025-07-17
5085,890,37,58,7,1975.79,2025-08-02
5086,778,10,28,8,3552.79,2025-11-29
5087,199,229,100,2,424.06,2025-01-29
5088,702,6,5,1,446.32,2025-11-06
5089,214,95,53,5,1499.93,2025-01-21
5090,939,144,49,8,864.79,2026-05-05
5091,116,442,57,10,1274.61,2025-10-15
5092,802,228,56,3,871.01,2024-09-29
5093,6,277,29,4,1838.49,2025-08-04
5094,408,388,42,10,356.05,2026-02-05
5095,903,180,79,5,246.08,2024-09-21
5096,564,167,14,10,4124.59,2025-02-07
5097,620,116,17,10,1251.12,2026-01-15
5098,777,253,24,8,2850.74,2025-01-20
5099,164,459,74,9,3900.29,2024-08-19
5100,228,179,84,2,829.36,2024-08-03
5101,791,289,55,1,163.26,2025-03-31
5102,441,368,54,1,80.21,2026-07-04
5103,340,422,22,8,1677.31,2025-06-22
5104,567,330,39,8,3473.97,2025-02-07
5105,603,251,34,6,2934.42,2025-12-27
5106,601,192,3,10,3794.81,2025-05-16
5107,518,440,70,8,2935.5,2026-01-20
5108,3,215,96,7,1152.54,2024-10-15
5109,772,212,3,8,3975.87,2026-05-26
5110,11,341,92,3,124.22,2025-04-25
5111,863,433,22,2,582.44,2024-12-02
5112,191,396,10,10,423.0,2025-08-04
5113,968,154,31,6,2356.69,2025-08-06
5114,266,278,74,10,356.36,2024-12-18
5115,178,461,21,1,300.7,2025-12-31
5116,254,106,23,6,2876.5,2025-03-08
5117,251,184,9,1,479.55,2024-11-26
5118,384,464,84,1,93.9,2025-11-25
5119,997,31,15,6,1110.87,2025-08-17
5120,232,173,37,10,4446.73,2025-02-15
5121,700,460,5,6,2413.1,2025-04-30
5122,595,259,71,4,1722.21,2025-08-05
5123,803,107,80,9,1410.5,2026-05-18
5124,252,99,21,4,1529.7,2025-09-20
5125,404,471,21,5,2139.52,2025-11-21
5126,8,416,69,10,2248.42,2025-01-22
5127,765,380,69,1,186.47,2025-02-27
5128,852,495,35,4,315.1,2024-12-27
5129,901,297,8,5,317.12,2025-05-24
5130,770,307,51,8,3155.49,2025-07-09
5131,627,308,79,6,2734.1,2026-01-05
5132,121,74,32,3,1429.99,2025-04-01
5133,78,247,59,8,1701.72,2024-12-04
5134,285,82,9,5,1511.2,2026-03-27
5135,610,397,35,1,204.29,2026-05-10
5136,924,230,44,2,583.7,2026-03-16
5137,101,301,17,10,4932.72,2025-02-25
5138,78,360,30,3,629.55,2024-11-01
5139,238,370,52,2,502.35,2025-01-20
5140,876,487,36,3,1419.58,2025-08-17
5141,684,437,66,8,1383.05,2024-08-27
5142,106,460,19,7,986.3,2026-05-24
5143,436,62,58,1,447.37,2025-07-06
5144,585,304,21,4,130.78,2026-05-30
5145,323,448,18,9,4078.31,2026-01-20
5146,171,362,14,5,246.6,2025-04-21
5147,236,441,43,2,379.68,2024-12-12
5148,97,139,27,6,148.61,2026-05-26
5149,656,54,39,3,204.53,2025-02-09
5150,51,265,57,4,1359.09,2025-07-07
5151,473,327,18,8,3682.53,2024-09-04
5152,998,65,48,5,1218.73,2025-02-12
5153,158,498,12,5,2163.93,2025-12-24
5154,726,420,33,9,2535.51,2024-08-25
5155,553,406,15,6,2137.19,2026-02-05
5156,950,497,1,10,1065.6,2025-04-13
5157,495,253,6,5,1951.99,2025-12-01
5158,392,425,74,7,1795.5,2025-09-17
5159,902,121,97,4,1926.35,2025-05-26
5160,572,221,46,3,908.03,2025-11-22
5161,633,483,8,2,383.65,2025-01-12
5162,734,278,86,3,550.02,2024-12-03
5163,282,30,67,5,2404.08,2024-10-16
5164,805,402,46,6,1953.23,2024-08-06
5165,850,379,70,9,2471.35,2025-05-16
5166,329,359,56,3,1460.63,2025-06-07
5167,808,89,3,8,678.31,2025-01-23
5168,494,65,85,9,1329.66,2025-01-27
5169,372,157,28,10,3938.81,2025-04-18
5170,83,403,75,6,2242.89,2025-12-22
5171,163,89,24,7,707.08,2025-06-07
5172,109,274,24,6,144.83,2025-06-07
5173,680,479,82,6,2220.49,2024-12-08
5174,905,154,58,7,704.49,2025-03-28
5175,194,302,98,3,855.56,2024-11-11
5176,662,7,12,5,2213.95,2025-09-16
5177,252,473,36,3,1201.8,2026-05-16
5178,588,90,77,2,315.97,2025-03-05
5179,621,360,84,1,398.27,2025-07-20
5180,852,356,57,7,1465.25,2026-06-22
5181,409,1,34,1,84.5,2026-05-11
5182,54,493,75,6,2504.73,2025-12-21
5183,190,35,62,6,1359.29,2024-09-10
5184,20,368,30,5,1652.84,2026-01-03
5185,756,390,11,10,559.38,2025-10-28
5186,380,391,26,10,1254.11,2025-03-24
5187,138,83,39,9,2854.89,2024-11-01
5188,973,304,29,8,519.6,2026-03-31
5189,712,24,54,7,3003.32,2025-05-17
5190,148,237,63,1,467.25,2024-12-09
5191,288,205,15,1,173.78,2025-09-11
5192,57,243,56,7,2932.0,2024-09-28
5193,224,363,68,3,622.93,2026-05-14
5194,587,167,30,6,149.73,2024-10-23
5195,278,217,12,8,826.1,2025-09-22
5196,675,76,29,8,3332.46,2025-12-28
5197,889,454,26,2,237.36,2026-04-16
5198,659,480,80,7,525.28,2026-04-17
5199,96,495,56,5,779.47,2024-12-15
5200,205,367,13,5,429.32,2025-10-12
5201,922,419,37,7,1312.53,2025-10-09
5202,202,236,23,2,918.78,2025-02-02
5203,917,199,67,8,1964.29,2025-01-08
5204,431,458,97,6,1492.63,2025-02-10
5205,710,107,33,1,222.56,2026-06-07
5206,639,500,6,10,1603.12,2024-10-01
5207,829,36,61,5,2212.0,2025-08-10
5208,103,262,71,6,2592.04,2024-09-22
5209,89,428,64,8,235.93,2025-07-09
5210,194,89,39,10,3154.38,2025-02-26
5211,173,147,72,3,119.29,2024-08-16
5212,274,396,35,4,934.97,2025-01-24
5213,173,113,35,2,777.84,2025-07-27
5214,344,408,26,6,,2026-06-11
5215,587,131,58,9,3739.31,2025-08-21
5216,12,85,46,10,3852.11,2025-05-04
5217,379,382,29,5,1954.51,2024-07-13
5218,141,215,72,7,2969.34,2025-10-31
5219,705,240,23,10,399.02,2025-07-03
5220,752,362,35,4,1070.18,2024-08-03
5221,981,2,77,2,666.72,2025-12-02
5222,896,173,81,6,774.15,2025-04-04
5223,967,138,23,6,1507.32,2026-01-17
5224,286,121,42,2,415.18,2026-01-04
5225,856,409,5,10,3096.35,2025-09-27
5226,489,274,10,10,3948.86,2025-05-19
5227,52,157,63,5,1712.71,2024-09-25
5228,301,114,59,7,2616.45,2024-08-12
5229,536,135,36,9,4310.72,2025-03-25
5230,406,373,49,4,957.51,2025-11-26
5231,463,432,84,2,560.54,2026-05-05
5232,263,459,54,6,2649.99,2025-05-03
5233,898,199,97,8,664.47,2026-04-08
5234,947,415,9,4,855.93,2024-10-07
5235,904,356,12,6,2018.27,2025-05-20
5236,530,383,78,9,1790.35,2025-10-02
5237,62,77,58,10,361.08,2025-06-09
5238,171,296,15,8,3710.09,2025-01-24
5239,316,172,6,1,392.99,2026-02-24
5240,858,288,50,8,2655.28,2024-09-28
5241,242,187,53,1,159.23,2025-04-28
5242,922,19,30,7,251.77,2025-10-23
5243,937,218,76,4,932.88,2025-04-01
5244,28,203,62,9,1241.2,2024-12-09
5245,23,419,52,8,2716.95,2024-12-07
5246,909,464,16,8,2851.24,2025-02-22
5247,188,377,24,9,4210.63,2026-04-07
5248,879,244,74,7,1518.65,2026-04-17
5249,630,9,99,5,1962.64,2024-08-05
5250,663,260,56,9,2133.17,2024-08-05
5251,779,169,87,6,747.93,2025-10-28
5252,48,199,61,10,4080.02,2026-03-11
5253,210,156,88,4,1179.47,2024-07-28
5254,711,317,65,3,1062.78,2024-07-30
5255,25,380,41,8,3951.66,2025-03-02
5256,865,344,82,6,2562.7,2024-09-10
5257,143,425,16,5,1470.4,2025-03-11
5258,664,439,72,8,385.34,2025-04-11
5259,784,40,70,7,2710.38,2026-03-24
5260,454,16,53,7,2434.19,2025-11-01
5261,860,32,98,7,831.93,2025-01-16
5262,167,296,87,2,426.13,2026-05-19
5263,967,415,75,1,247.79,2026-07-06
5264,858,261,79,10,1051.09,2025-01-24
5265,581,418,69,2,685.99,2025-04-09
5266,576,79,54,3,766.37,2024-09-01
5267,788,105,99,6,2901.43,2025-07-21
5268,469,378,1,4,970.21,2025-10-07
5269,851,158,79,9,2006.88,2025-08-17
5270,602,150,21,5,511.88,2025-10-31
5271,713,303,69,1,119.0,2026-03-31
5272,90,346,99,4,1947.15,2025-02-28
5273,310,352,82,4,1918.67,2025-03-04
5274,116,145,46,10,3523.18,2024-12-01
5275,429,231,4,10,3130.38,2024-09-17
5276,66,316,44,7,2152.02,2024-09-23
5277,3,189,34,9,2077.3,2025-08-28
5278,982,140,30,10,2746.41,2026-04-08
5279,761,398,36,9,4121.84,2026-06-18
5280,715,76,89,4,1638.51,2024-07-12
5281,552,58,54,2,487.27,2025-09-17
5282,950,3,50,8,2087.67,2025-04-24
5283,278,340,29,7,3344.93,2025-08-16
5284,661,271,75,2,369.99,2025-01-23
5285,667,436,33,1,69.42,2025-01-20
5286,674,73,84,10,4620.84,2026-03-01
5287,2,103,58,9,582.42,2024-12-15
5288,56,480,77,1,74.93,2026-05-03
5289,306,22,58,3,653.66,2024-09-26
5290,526,323,70,1,117.72,2024-11-27
5291,920,444,9,1,268.44,2026-06-03
5292,154,271,22,8,771.84,2026-03-26
5293,564,90,84,10,4740.17,2025-09-29
5294,863,270,42,5,2099.02,2025-06-22
5295,20,235,19,1,337.05,2026-02-11
5296,594,495,44,9,2373.01,2024-12-08
5297,663,240,81,10,1082.48,2024-09-09
5298,430,277,1,5,313.16,2025-09-28
5299,702,58,93,7,3288.52,2025-03-28
5300,395,440,15,10,4445.88,2025-07-18
5301,416,201,17,3,1211.73,2026-01-05
5302,544,69,3,1,287.59,2024-07-18
5303,468,30,82,4,1279.81,2025-01-14
5304,432,100,87,3,1491.74,2024-11-07
5305,224,167,77,5,773.47,2024-10-01
5306,189,329,33,7,2257.52,2026-03-10
5307,697,421,63,6,2995.16,2025-11-26
5308,12,377,96,1,58.99,2025-09-06
5309,953,337,19,5,2045.22,2026-03-19
5310,898,192,28,5,489.54,2026-06-02
5311,600,47,20,7,2144.81,2024-12-02
5312,255,5,24,4,960.38,2026-05-30
5313,584,232,52,9,4108.92,2025-05-22
5314,386,333,98,1,139.96,2025-05-28
5315,941,387,38,8,162.95,2024-07-08
5316,137,433,98,4,800.83,2025-02-11
5317,364,114,90,5,200.87,2025-01-09
5318,772,41,90,7,999.63,2024-07-26
5319,809,189,100,9,3701.46,2025-04-08
5320,995,125,52,5,1731.21,2025-10-10
5321,921,262,70,5,2116.96,2024-12-29
5322,896,368,73,3,231.15,2025-08-26
5323,255,266,48,8,3992.62,2025-01-30
5324,410,211,20,5,2353.77,2025-08-05
5325,237,220,5,4,1924.6,2026-05-13
5326,475,310,100,7,1494.86,2024-07-10
5327,418,146,75,10,4856.75,2024-09-18
5328,596,159,73,2,164.17,2024-10-15
5329,876,455,86,8,3876.32,2024-09-24
5330,52,488,33,3,254.24,2024-07-11
5331,397,95,22,3,930.96,2025-12-10
5332,132,6,50,7,2033.95,2025-11-24
5333,990,233,73,7,1477.8,2024-07-25
5334,194,457,45,10,2159.27,2025-10-30
5335,605,466,77,7,2190.52,2025-06-19
5336,755,309,94,3,906.7,2025-05-27
5337,329,385,71,9,1251.14,2026-04-26
5338,410,285,66,8,3482.22,2024-11-24
5339,462,313,24,8,2886.84,2025-06-27
5340,445,7,39,6,2759.13,2026-03-09
5341,538,89,7,2,277.18,2026-05-04
5342,827,129,78,9,4273.32,2025-05-12
5343,205,309,68,4,263.64,2026-01-21
5344,614,44,20,4,1954.01,2025-09-17
5345,31,3,9,3,639.53,2025-03-25
5346,669,338,90,5,813.98,2025-10-04
5347,151,431,79,8,3730.99,2026-02-23
5348,313,380,84,2,958.32,2026-01-13
5349,892,146,94,4,1717.58,2025-09-26
5350,308,61,3,10,539.44,2026-02-24
5351,589,254,42,4,1071.85,2026-06-05
5352,864,279,61,3,1357.63,2025-06-18
5353,628,277,56,3,107.77,2025-04-06
5354,393,153,21,6,2518.53,2026-02-04
5355,12,169,80,3,487.47,2026-06-09
5356,188,120,44,3,140.08,2025-05-18
5357,955,249,55,4,139.48,2025-06-21
5358,820,53,80,7,2185.0,2025-11-17
5359,636,206,17,5,1440.88,2025-04-09
5360,848,398,70,10,4712.79,2025-03-04
5361,878,190,52,1,331.54,2025-11-25
5362,5,44,61,9,748.98,2024-09-14
5363,958,2,58,6,828.49,2026-02-26
5364,103,480,68,10,2160.76,2025-05-17
5365,492,79,97,7,2061.49,2025-06-13
5366,7,159,32,5,2138.98,2025-03-12
5367,124,364,21,5,1277.81,2026-01-07
5368,75,337,25,6,769.55,2025-10-17
5369,324,436,52,8,2696.23,2025-06-09
5370,509,251,64,2,52.22,2024-09-18
5371,76,255,45,4,1313.34,2024-08-14
5372,89,388,74,1,128.36,2025-05-21
5373,151,356,43,3,1451.04,2026-04-17
5374,598,306,93,10,3772.21,2025-12-26
5375,529,248,25,2,607.15,2025-06-24
5376,195,153,94,4,962.47,2024-09-01
5377,873,159,36,-5,1226.93,2025-01-13
5378,624,1,100,8,1260.59,2026-05-26
5379,27,228,96,5,1284.12,2026-02-13
5380,132,397,29,9,1977.05,2026-02-14
5381,946,496,1,6,2960.96,2025-01-17
5382,79,399,97,8,1747.99,2026-03-16
5383,483,323,5,10,542.2,2025-04-19
5384,999,183,12,9,3866.39,2026-05-01
5385,985,337,22,8,2829.09,2025-06-24
5386,81,138,46,9,2742.15,2024-10-12
5387,262,19,78,7,787.09,2024-11-26
5388,363,261,1,2,576.01,2025-04-13
5389,760,41,94,6,1117.39,2024-11-18
5390,856,232,34,2,348.12,2024-10-03
5391,635,201,86,5,1823.95,2024-08-14
5392,683,60,51,6,836.76,2026-06-01
5393,841,243,1,1,330.37,2025-03-05
5394,602,126,2,1,156.83,2026-01-03
5395,320,61,70,5,865.44,2025-02-24
5396,780,128,78,5,2463.31,2026-05-01
5397,84,412,70,9,826.32,2024-11-02
5398,603,196,51,1,346.87,2026-02-09
5399,757,375,6,3,1164.74,2024-07-31
5400,938,421,70,4,1066.38,2025-09-24
5401,972,143,81,9,1905.15,2025-11-22
5402,547,277,2,1,336.83,2024-12-25
5403,162,312,90,3,624.11,2024-10-23
5404,923,196,37,6,380.76,2025-04-19
5405,212,444,27,7,2523.23,2024-08-07
5406,428,68,26,4,737.69,2025-08-23
5407,620,240,39,1,467.62,2024-10-11
5408,516,465,65,5,2140.01,2024-07-08
5409,861,222,63,1,385.8,2025-06-23
5410,989,310,72,1,262.68,2024-08-22
5411,44,306,22,8,3970.82,2025-02-16
5412,733,61,77,1,489.94,2024-11-07
5413,860,371,89,10,644.75,2025-02-20
5414,81,48,26,5,2177.57,2025-08-16
5415,388,52,13,3,1227.49,2025-07-27
5416,567,174,72,6,1666.89,2025-05-07
5417,820,205,31,1,184.6,2025-02-28
5418,115,305,84,3,1007.72,2025-05-11
5419,466,409,88,7,248.69,2025-08-31
5420,322,116,77,3,271.31,2025-01-20
5421,488,245,35,8,2763.98,2025-10-26
5422,304,246,93,6,2168.16,2024-11-05
5423,696,457,87,1,434.5,2025-01-31
5424,917,101,11,3,1382.69,2024-12-15
5425,297,200,96,8,3042.75,2025-01-24
5426,587,174,94,2,829.96,2026-01-22
5427,432,449,63,4,1187.03,2024-07-22
5428,136,447,53,7,3492.62,2026-04-07
5429,720,389,74,3,417.4,2026-01-16
5430,373,119,2,7,3240.77,2025-12-21
5431,76,379,69,3,1138.62,2025-10-14
5432,383,249,72,5,139.47,2025-11-01
5433,929,199,67,8,182.8,2026-02-23
5434,951,417,7,7,302.69,2026-02-01
5435,406,203,31,7,934.65,2025-12-15
5436,380,23,17,7,2926.23,2025-02-16
5437,90,332,82,9,4012.27,2025-01-01
5438,9,320,70,7,1033.7,2026-05-08
5439,881,111,76,10,779.28,2025-10-15
5440,169,31,95,1,304.34,2026-06-02
5441,147,187,18,4,1307.06,2026-01-13
5442,348,81,89,1,311.99,2025-02-20
5443,472,388,48,4,1553.39,2026-03-01
5444,612,188,30,10,2443.96,2025-11-17
5445,845,96,51,2,591.5,2024-11-13
5446,734,274,56,1,43.78,2025-07-14
5447,991,238,45,1,83.86,2026-06-19
5448,678,165,33,8,3748.27,2025-09-28
5449,605,488,18,5,2455.56,2024-08-04
5450,766,286,78,1,173.13,2025-03-19
5451,948,169,29,5,1764.37,2025-12-27
5452,571,9,81,9,571.23,2025-05-20
5453,562,305,50,9,701.75,2025-07-12
5454,543,109,37,6,1932.24,2024-11-11
5455,408,208,21,5,1929.01,2025-01-19
5456,703,190,20,3,919.85,2025-05-07
5457,507,27,41,2,513.59,2024-10-24
5458,241,497,53,7,1416.42,2025-05-12
5459,861,72,40,2,818.43,2024-07-13
5460,459,6,38,9,2007.61,2025-08-05
5461,158,388,54,8,3476.58,2026-03-25
5462,202,181,9,7,193.88,2024-08-29
5463,28,37,48,6,1571.43,2024-10-11
5464,70,226,30,4,1387.32,2025-08-18
5465,829,49,41,2,446.23,2026-02-11
5466,540,226,74,7,321.33,2025-02-27
5467,184,131,39,1,199.24,2025-01-17
5468,605,168,40,2,240.82,2024-09-29
5469,58,364,49,8,2337.92,2026-02-01
5470,375,110,13,5,1856.62,2024-11-17
5471,940,240,75,6,2119.86,2024-12-03
5472,472,64,74,1,173.27,2025-10-23
5473,955,269,82,2,768.13,2026-01-14
5474,446,494,96,10,2751.28,2025-03-24
5475,415,298,28,5,2134.27,2026-01-16
5476,907,64,71,7,1249.13,2026-06-11
5477,331,366,78,4,454.03,2025-08-14
5478,687,287,59,8,1173.16,2026-05-03
5479,8,192,88,7,1977.71,2024-07-08
5480,191,497,32,8,348.84,2025-12-11
5481,821,375,12,8,3414.65,2024-10-03
5482,877,4,83,-5,1326.35,2025-05-14
5483,168,14,78,2,581.12,2025-10-28
5484,248,112,25,6,1365.56,2025-11-09
5485,619,358,62,3,1053.89,2025-11-12
5486,137,108,73,4,1589.38,2026-04-30
5487,41,96,72,7,1111.36,2024-10-09
5488,782,84,51,3,523.91,2025-08-24
5489,881,304,84,8,1604.08,2025-11-17
5490,450,243,31,3,431.93,2026-04-20
5491,164,115,93,10,4678.65,2026-03-18
5492,668,73,6,9,3927.45,2026-02-08
5493,187,12,74,3,403.15,2025-03-07
5494,1,34,55,2,281.31,2026-03-04
5495,780,409,23,10,1106.71,2024-11-25
5496,142,109,39,9,1384.85,2024-08-18
5497,620,303,68,8,2693.8,2025-01-16
5498,10,410,87,3,1340.82,2024-08-09
5499,329,442,11,8,1432.57,2025-01-03
5500,707,176,17,6,2547.09,2024-07-17
5501,949,227,42,7,333.47,2024-10-05
5502,624,319,9,7,2049.8,2026-05-16
5503,227,64,4,4,1138.14,2026-02-25
5504,403,404,37,1,363.98,2025-02-24
5505,159,95,100,4,489.81,2026-01-31
5506,743,399,20,7,3476.13,2025-06-07
5507,479,240,28,3,769.58,2024-11-11
5508,425,454,93,4,1883.33,2025-10-30
5509,35,489,51,9,3203.32,2024-07-29
5510,748,245,4,7,3260.03,2025-05-17
5511,572,186,7,8,173.24,2024-11-22
5512,36,172,79,4,806.63,2026-06-28
5513,516,408,39,6,608.06,2026-06-18
5514,87,373,5,3,967.45,2024-12-03
5515,305,373,7,8,3197.77,2026-04-02
5516,277,10,87,3,1352.84,2024-09-04
5517,777,188,65,7,1730.1,2025-01-28
5518,431,71,48,3,676.36,2025-02-04
5519,863,475,56,10,4644.82,2025-12-06
5520,41,126,91,3,79.86,2025-12-18
5521,521,340,46,7,781.46,2025-09-05
5522,815,135,53,7,3107.01,2025-02-15
5523,459,137,41,2,311.42,2025-06-11
5524,601,107,14,10,2531.37,2024-11-23
5525,602,358,99,9,4177.35,2025-04-23
5526,767,295,70,10,3461.08,2026-02-10
5527,613,405,10,5,2121.07,2024-12-24
5528,724,260,55,5,1536.98,2025-08-12
5529,636,456,41,1,302.85,2026-04-13
5530,289,306,90,6,160.91,2024-07-15
5531,427,397,56,4,354.41,2025-08-21
5532,135,382,29,5,619.55,2026-02-01
5533,391,52,17,10,1434.85,2026-02-09
5534,562,300,91,2,190.67,2025-04-23
5535,77,339,14,9,3660.11,2024-07-22
5536,576,478,44,6,1893.84,2025-12-01
5537,5,359,10,4,562.84,2024-11-04
5538,448,380,90,3,1046.48,2025-12-06
5539,198,419,76,3,257.96,2024-07-17
5540,312,481,64,9,3217.82,2025-07-18
5541,911,476,82,5,514.3,2025-12-11
5542,733,237,96,3,551.05,2025-03-06
5543,66,434,66,9,3187.08,2026-04-23
5544,931,495,17,9,2453.86,2025-11-26
5545,659,280,84,4,944.48,2024-11-06
5546,674,280,38,8,381.98,2026-02-04
5547,51,197,90,2,412.42,2025-11-19
5548,205,358,93,2,987.95,2025-01-06
5549,379,206,40,5,1481.28,2025-01-17
5550,589,307,69,8,3030.76,2024-12-09
5551,772,348,42,5,1039.4,2024-08-11
5552,455,320,35,9,2030.61,2024-12-21
5553,397,99,87,10,3920.21,2025-04-30
5554,4,439,80,9,1223.03,2025-07-24
5555,405,412,16,8,751.99,2025-03-09
5556,61,294,19,1,422.92,2025-04-25
5557,411,68,1,7,421.14,2024-09-29
5558,365,462,41,2,441.95,2026-04-13
5559,417,487,36,8,2788.03,2025-05-16
5560,950,268,52,6,1557.88,2026-02-11
5561,777,184,64,6,1064.0,2025-01-01
5562,990,89,33,6,407.64,2025-10-28
5563,6,4,7,8,1814.86,2026-06-08
5564,346,267,54,7,1899.88,2024-08-05
5565,299,350,8,9,3877.21,2024-11-14
5566,392,181,33,6,325.32,2024-09-30
5567,180,457,33,6,426.75,2026-02-11
5568,789,263,76,5,724.03,2025-05-05
5569,304,3,19,10,2467.09,2026-06-27
5570,417,468,69,4,467.05,2025-12-17
5571,795,120,41,7,197.08,2026-06-15
5572,748,33,58,8,3490.29,2025-02-15
5573,419,100,6,1,480.0,2025-06-20
5574,960,138,20,10,1631.84,2025-12-03
5575,422,32,23,4,1064.37,2025-05-20
5576,341,375,7,1,402.71,2025-08-31
5577,548,115,4,9,2821.52,2024-09-18
5578,285,383,9,10,3928.92,2026-06-28
5579,593,7,75,4,596.7,2026-02-13
5580,844,311,61,7,2283.58,2025-09-14
5581,865,471,74,10,2527.0,2025-05-24
5582,280,173,20,8,678.13,2025-09-04
5583,215,186,50,9,1340.9,2026-01-15
5584,14,153,41,10,1497.45,2025-11-19
5585,363,386,99,1,242.74,2024-12-23
5586,504,154,66,7,2666.02,2026-02-22
5587,511,328,82,1,295.06,2026-02-10
5588,694,10,44,4,1180.23,2025-09-16
5589,780,281,6,10,4176.26,2025-03-19
5590,443,1,22,3,1007.32,2024-10-18
5591,151,334,6,10,1404.68,2026-01-06
5592,363,467,68,4,1941.34,2024-10-21
5593,144,171,67,10,4879.79,2025-03-21
5594,892,9,60,5,1565.26,2025-12-16
5595,158,21,30,4,1701.22,2026-01-29
5596,451,341,59,2,580.98,2025-03-05
5597,448,236,47,8,1257.1,2026-03-21
5598,972,59,85,10,1953.44,2026-01-24
5599,921,218,95,5,260.06,2026-02-19
5600,704,268,93,5,2484.23,2025-03-24
5601,513,268,97,3,350.11,2025-10-05
5602,328,403,83,3,1268.3,2025-02-13
5603,714,264,36,9,3954.78,2026-03-11
5604,163,126,83,2,587.73,2025-12-31
5605,913,220,4,4,403.17,2025-09-07
5606,386,367,80,6,2201.01,2025-03-03
5607,431,430,62,5,497.79,2026-05-06
5608,215,51,57,5,2327.42,2024-08-29
5609,394,207,24,4,1423.6,2026-05-09
5610,990,329,88,10,1225.45,2025-09-07
5611,832,272,98,2,396.67,2025-03-05
5612,513,77,38,2,489.99,2025-08-24
5613,844,186,44,3,1336.35,2024-07-31
5614,638,281,76,10,1699.56,2024-11-12
5615,951,79,31,1,468.11,2025-12-19
5616,148,113,84,3,722.64,2025-12-14
5617,640,258,75,8,617.14,2024-08-08
5618,906,88,30,1,490.73,2025-05-03
5619,587,29,5,8,2768.55,2026-07-03
5620,280,447,92,7,1202.96,2025-04-17
5621,459,29,86,9,2891.61,2024-10-26
5622,478,229,75,9,1392.05,2024-10-10
5623,73,322,57,6,2145.41,2026-06-29
5624,322,104,76,7,1807.9,2024-11-28
5625,839,450,70,9,514.34,2025-06-19
5626,41,432,58,9,2877.04,2025-02-13
5627,68,181,75,4,968.52,2026-03-14
5628,617,30,72,2,347.59,2026-05-22
5629,523,312,98,10,1652.0,2025-11-17
5630,847,282,27,7,703.3,2024-11-08
5631,525,227,53,9,1318.64,2025-11-04
5632,882,80,3,4,1088.24,2026-03-30
5633,155,122,76,8,1690.6,2024-11-18
5634,185,59,81,7,2429.03,2026-01-27
5635,871,171,95,10,333.72,2025-06-14
5636,827,280,13,2,565.29,2024-08-18
5637,663,405,70,3,1396.89,2024-08-06
5638,868,336,98,9,2960.25,2024-09-02
5639,138,418,4,2,530.31,2024-09-13
5640,412,199,92,8,187.04,2026-05-23
5641,122,25,59,10,375.91,2025-02-08
5642,493,400,19,10,833.38,2025-12-14
5643,397,284,78,10,2863.22,2025-06-16
5644,928,362,66,4,509.9,2026-06-08
5645,623,462,59,7,2362.15,2025-07-16
5646,324,23,54,1,136.45,2025-01-08
5647,524,315,53,8,1419.15,2025-03-02
5648,886,116,25,9,3562.3,2024-12-17
5649,457,7,63,6,1140.42,2025-01-07
5650,104,393,22,8,1066.72,2025-01-30
5651,338,175,81,4,272.29,2025-05-29
5652,787,163,57,1,347.05,2024-11-08
5653,660,48,68,1,191.59,2024-08-13
5654,692,450,95,8,2532.61,2025-05-28
5655,728,421,36,4,1071.83,2026-03-09
5656,377,261,69,5,207.31,2025-12-14
5657,79,160,9,4,280.97,2026-03-30
5658,974,27,84,5,2230.63,2026-06-15
5659,959,117,83,2,762.44,2024-09-23
5660,204,206,69,6,2570.4,2025-05-11
5661,643,385,51,8,597.11,2025-10-29
5662,762,20,75,9,2779.52,2024-07-12
5663,462,317,58,8,3532.83,2026-01-15
5664,904,73,30,9,410.85,2026-06-09
5665,643,137,46,5,2030.31,2026-06-26
5666,270,211,61,7,1861.59,2025-03-03
5667,26,469,98,10,4088.99,2025-12-20
5668,434,372,55,4,1653.25,2026-05-05
5669,68,222,28,5,2054.57,2025-07-14
5670,492,112,98,3,942.94,2025-03-07
5671,214,445,16,8,2103.16,2026-06-10
5672,511,188,58,6,1797.0,2024-12-12
5673,721,343,19,3,926.04,2025-05-07
5674,522,202,72,8,1056.72,2024-09-18
5675,140,290,12,4,1444.49,2025-10-10
5676,944,362,85,6,1730.53,2026-01-04
5677,842,117,30,5,1642.08,2025-02-14
5678,385,438,95,3,492.12,2026-07-04
5679,356,321,95,6,318.64,2025-01-29
5680,598,222,50,5,1390.11,2025-04-25
5681,933,107,39,1,474.43,2025-01-17
5682,867,242,91,5,2007.3,2025-06-22
5683,745,63,45,5,1033.06,2024-09-08
5684,291,333,11,10,1912.34,2024-07-16
5685,955,473,79,8,1188.1,2025-09-06
5686,453,2,44,2,447.71,2025-11-11
5687,920,85,10,1,475.19,2025-05-28
5688,415,290,71,9,3050.23,2025-08-02
5689,966,147,13,2,659.71,2025-05-15
5690,308,429,36,4,1592.45,2026-03-19
5691,911,30,91,8,1644.56,2025-04-04
5692,576,105,89,10,1424.7,2025-03-15
5693,295,14,95,8,3273.71,2024-10-11
5694,737,441,17,3,911.75,2025-12-25
5695,681,327,31,9,1929.89,2025-04-15
5696,30,416,20,4,1559.65,2025-12-03
5697,650,179,96,7,3371.46,2026-04-27
5698,662,300,50,1,296.07,2026-06-19
5699,913,97,54,3,227.87,2024-08-03
5700,127,308,96,7,1660.13,2025-12-22
5701,424,223,10,7,3466.22,2024-10-15
5702,321,383,51,1,86.98,2025-03-05
5703,831,487,5,4,613.54,2025-03-24
5704,859,66,18,3,1202.54,2025-04-20
5705,603,279,6,4,595.84,2024-09-20
5706,214,372,57,2,903.66,2024-10-04
5707,913,216,63,7,2000.52,2024-10-23
5708,17,49,61,6,1897.53,2024-11-27
5709,336,77,82,8,2518.79,2026-05-09
5710,414,62,36,5,762.59,2025-06-19
5711,169,109,32,5,164.56,2026-06-19
5712,312,436,51,6,300.48,2024-11-23
5713,315,72,49,6,1370.73,2024-08-24
5714,393,127,63,1,72.82,2025-10-06
5715,69,291,75,3,606.64,2024-07-17
5716,659,196,79,6,2236.98,2024-07-30
5717,777,81,82,6,1145.32,2025-11-09
5718,450,193,34,3,759.79,2025-09-28
5719,47,14,28,2,326.69,2024-08-26
5720,997,92,96,9,1576.99,2026-03-07
5721,747,370,27,6,1108.63,2026-01-09
5722,948,350,33,5,1970.77,2025-12-15
5723,145,93,69,9,1905.11,2024-12-07
5724,1,154,61,9,1167.96,2026-02-09
5725,68,130,47,4,1916.87,2026-07-05
5726,757,357,11,5,1007.13,2026-06-13
5727,300,298,26,6,2097.52,2025-01-07
5728,118,134,90,3,574.94,2026-03-01
5729,530,239,76,10,2398.34,2026-01-28
5730,138,448,89,6,735.33,2025-05-28
5731,598,165,37,1,158.97,2024-08-10
5732,667,223,55,4,926.36,2026-05-24
5733,54,358,68,2,533.28,2026-06-17
5734,62,52,93,6,1565.9,2025-11-24
5735,250,44,40,9,2255.43,2025-08-10
5736,333,48,9,4,1198.01,2025-11-15
5737,493,274,53,5,649.22,2025-03-25
5738,968,410,2,3,969.08,2025-05-03
5739,80,281,59,8,3225.98,2025-08-22
5740,688,208,81,2,83.52,2025-11-04
5741,309,66,43,9,1562.76,2026-06-29
5742,417,329,71,8,3381.57,2026-05-05
5743,439,421,75,1,88.54,2025-08-26
5744,829,370,10,4,549.23,2025-12-04
5745,184,362,96,6,2833.15,2026-03-14
5746,35,28,24,4,103.5,2024-09-09
5747,982,258,56,4,184.12,2026-01-13
5748,708,483,43,6,2933.2,2025-11-24
5749,938,426,18,1,344.13,2026-05-11
5750,98,50,38,3,475.16,2024-08-18
5751,419,246,5,3,99.32,2025-07-21
5752,263,164,95,2,342.44,2026-03-14
5753,20,49,52,10,2918.67,2025-09-14
5754,211,435,95,7,3139.93,2025-03-05
5755,139,437,18,9,787.61,2025-06-01
5756,328,119,76,5,189.66,2026-04-04
5757,181,25,48,3,325.23,2025-09-16
5758,29,49,85,7,609.86,2024-09-13
5759,871,39,15,10,3836.04,2025-04-08
5760,315,108,29,4,571.57,2025-02-21
5761,234,329,23,10,684.94,2025-11-23
5762,388,490,15,6,642.82,2026-04-30
5763,751,307,33,4,383.98,2025-04-08
5764,422,348,37,6,2517.32,2024-12-29
5765,312,96,65,6,483.57,2024-08-18
5766,824,153,79,7,1142.63,2025-06-12
5767,6,89,34,8,1804.28,2026-01-12
5768,440,99,35,10,2657.59,2026-03-26
5769,748,415,75,3,1133.41,2026-03-21
5770,769,233,82,6,832.85,2025-09-28
5771,888,421,32,8,2560.39,2025-02-02
5772,564,327,81,5,1688.49,2025-02-24
5773,484,426,30,6,630.76,2025-02-08
5774,793,48,43,6,1285.73,2025-09-22
5775,983,207,48,3,1496.08,2025-07-14
5776,68,137,63,6,1740.64,2025-10-01
5777,379,404,32,7,3367.08,2024-10-21
5778,939,214,54,9,441.7,2024-10-06
5779,485,401,48,5,352.54,2026-01-21
5780,870,298,90,4,558.49,2025-07-22
5781,900,227,100,6,578.65,2024-12-10
5782,404,223,93,5,2317.13,2026-06-27
5783,347,107,72,6,2040.74,2025-07-27
5784,717,475,53,10,3553.96,2025-01-20
5785,902,393,74,3,1157.12,2025-09-12
5786,766,128,20,9,4017.14,2024-08-01
5787,933,363,97,5,586.12,2025-04-27
5788,607,78,39,7,1799.35,2025-03-16
5789,84,81,83,2,365.2,2025-09-04
5790,715,479,54,8,3475.5,2025-02-08
5791,561,477,29,4,1510.3,2024-12-30
5792,963,338,37,6,901.79,2026-02-14
5793,513,384,55,7,1983.06,2025-07-05
5794,27,212,13,4,1364.01,2024-09-13
5795,151,152,73,7,2595.25,2025-02-17
5796,243,316,78,8,2426.51,2025-12-13
5797,80,213,13,9,3581.26,2024-08-21
5798,690,485,65,6,2598.08,2025-07-20
5799,919,401,66,2,137.45,2025-12-14
5800,91,15,32,4,1413.71,2025-11-29
5801,214,243,17,1,258.61,2024-07-25
5802,708,86,100,7,338.01,2025-07-29
5803,281,275,79,1,472.63,2026-01-19
5804,982,284,92,7,2876.78,2025-10-17
5805,144,198,94,1,286.85,2026-05-28
5806,121,68,16,5,1477.22,2024-12-01
5807,202,304,99,5,1055.76,2024-12-20
5808,453,204,24,5,1979.19,2024-09-18
5809,859,74,96,6,1970.24,2026-05-15
5810,649,85,50,10,4959.18,2025-12-16
5811,416,106,25,5,926.73,2025-03-21
5812,143,384,75,10,722.65,2026-01-10
5813,308,6,28,10,3226.92,2025-07-04
5814,269,259,86,7,2897.42,2025-01-28
5815,113,93,83,2,993.74,2025-08-09
5816,393,368,38,7,2500.45,2024-08-30
5817,636,210,58,10,2408.79,2024-11-15
5818,911,282,29,1,217.61,2026-01-11
5819,615,57,5,4,710.98,2026-05-30
5820,111,87,45,2,957.7,2026-05-13
5821,411,398,92,10,332.19,2026-04-03
5822,279,375,75,4,1169.96,2025-04-13
5823,84,100,29,1,385.48,2024-11-19
5824,279,111,61,4,602.58,2025-01-06
5825,673,410,27,7,2939.66,2026-04-02
5826,103,145,6,5,1380.35,2024-07-30
5827,708,136,12,10,2818.38,2024-10-19
5828,886,223,64,1,478.41,2026-03-03
5829,76,129,70,10,1239.25,2025-05-07
5830,11,500,37,2,139.58,2026-01-25
5831,605,340,85,10,3341.37,2025-07-14
5832,49,435,40,2,780.79,2025-12-26
5833,40,78,68,3,1346.83,2025-08-31
5834,428,437,54,9,3769.03,2025-03-26
5835,558,17,96,2,428.03,2026-06-26
5836,617,21,32,2,881.12,2025-07-14
5837,978,433,99,5,446.51,2025-05-21
5838,917,381,43,4,575.01,2025-10-04
5839,910,80,8,5,1428.44,2026-06-22
5840,77,218,8,4,692.96,2025-01-07
5841,688,50,63,8,2331.42,2026-05-13
5842,943,279,49,10,678.51,2025-05-11
5843,807,247,13,1,58.32,2024-09-01
5844,119,105,18,2,799.09,2026-02-15
5845,317,475,3,2,599.65,2025-03-30
5846,476,343,1,3,496.98,2025-01-15
5847,534,285,84,3,1457.74,2026-01-10
5848,123,68,69,2,317.76,2026-03-16
5849,307,163,18,8,3428.16,2025-06-30
5850,77,396,78,8,3746.12,2026-02-24
5851,488,435,66,4,1941.93,2024-08-15
5852,302,441,55,6,1533.68,2025-05-16
5853,245,284,11,4,1241.98,2026-07-08
5854,512,155,79,1,460.63,2025-05-23
5855,389,63,74,2,671.32,2026-03-11
5856,657,78,16,5,506.37,2025-04-20
5857,50,39,91,6,937.8,2025-12-25
5858,344,112,43,4,238.21,2025-03-21
5859,680,222,85,1,217.26,2026-04-04
5860,417,281,33,3,619.49,2025-12-10
5861,331,90,97,6,1090.95,2026-03-14
5862,915,39,1,8,3000.04,2024-12-04
5863,290,250,93,3,971.52,2026-01-24
5864,478,299,70,2,936.87,2026-05-11
5865,283,267,68,10,3582.98,2026-01-12
5866,620,145,65,6,1346.65,2026-03-14
5867,613,114,8,10,4913.48,2025-05-27
5868,606,322,90,1,197.24,2024-11-07
5869,357,481,85,6,1366.14,2025-12-23
5870,373,399,65,7,839.58,2024-08-11
5871,873,95,58,5,2227.63,2025-11-04
5872,400,207,18,2,477.46,2026-06-20
5873,27,133,49,6,1286.67,2025-12-06
5874,680,22,11,1,248.68,2025-06-27
5875,670,472,36,5,2161.65,2026-04-25
5876,6,420,49,2,845.28,2026-06-08
5877,985,216,24,9,2980.58,2026-06-03
5878,718,263,57,5,197.26,2024-10-12
5879,4,496,82,2,881.87,2025-12-09
5880,614,31,87,7,1514.84,2024-07-09
5881,824,389,13,5,2471.86,2024-10-26
5882,145,4,61,8,680.61,2024-10-12
5883,514,369,15,7,706.16,2025-10-08
5884,812,338,21,2,377.13,2025-09-24
5885,566,76,24,3,390.29,2026-01-07
5886,291,7,69,3,860.74,2026-05-13
5887,888,80,68,5,1230.5,2024-10-01
5888,621,303,77,4,767.2,2024-10-03
5889,280,48,5,5,176.68,2024-08-26
5890,620,411,15,9,1337.66,2025-06-25
5891,801,53,91,4,796.21,2025-07-08
5892,356,342,4,2,938.57,2025-12-31
5893,991,400,57,6,679.41,2025-07-16
5894,659,272,76,3,297.21,2026-04-25
5895,8,406,56,3,1389.89,2024-11-01
5896,718,480,86,5,382.38,2025-06-18
5897,570,21,77,6,2874.73,2025-10-01
5898,30,66,70,8,2172.89,2026-05-25
5899,25,459,39,1,428.71,2025-12-26
5900,932,444,92,2,637.18,2025-03-19
5901,80,314,43,6,818.64,2026-02-05
5902,523,390,13,3,1192.77,2025-04-23
5903,570,210,59,5,790.99,2025-05-13
5904,644,66,71,5,1858.63,2024-10-26
5905,657,262,87,1,104.14,2025-09-22
5906,229,12,50,9,4181.78,2025-09-02
5907,510,468,72,4,1531.54,2025-10-10
5908,233,238,72,1,343.37,2025-07-26
5909,684,75,13,10,3910.92,2024-10-17
5910,636,372,92,4,1661.9,2025-08-04
5911,940,463,31,8,1122.23,2026-02-16
5912,15,164,43,7,2143.44,2026-04-30
5913,353,469,64,9,1576.06,2026-02-07
5914,314,358,99,6,1825.99,2026-04-06
5915,285,96,74,1,281.47,2024-11-07
5916,618,494,56,1,420.38,2025-09-29
5917,707,153,46,10,3260.64,2025-11-22
5918,821,279,55,3,808.54,2024-12-22
5919,746,25,50,1,201.09,2026-06-07
5920,247,120,58,6,1330.69,2025-12-10
5921,916,23,11,5,991.01,2026-02-15
5922,455,213,12,7,1209.65,2024-09-01
5923,574,36,39,4,883.05,2025-02-16
5924,60,72,46,10,4514.81,2026-05-05
5925,525,144,25,4,1299.24,2026-01-09
5926,631,315,21,8,2935.88,2024-08-21
5927,303,138,39,10,4274.62,2025-07-04
5928,511,441,24,8,3131.67,2024-12-01
5929,832,5,69,6,2431.8,2024-11-18
5930,247,381,19,5,1720.75,2024-10-03
5931,309,263,1,5,517.86,2024-12-16
5932,466,364,17,1,151.48,2025-02-03
5933,339,176,32,5,365.47,2024-11-21
5934,336,274,44,7,2157.18,2025-04-04
5935,867,490,75,6,1440.58,2026-04-10
5936,855,256,73,1,204.4,2025-12-22
5937,285,85,48,7,190.22,2025-10-01
5938,782,110,29,8,395.91,2024-07-26
5939,347,346,77,3,953.64,2025-07-09
5940,954,114,11,5,961.21,2024-09-20
5941,944,415,18,6,1963.3,2026-02-07
5942,48,144,3,9,1851.3,2025-08-23
5943,402,95,89,3,931.35,2024-07-23
5944,454,81,13,10,3080.45,2025-11-11
5945,161,308,18,8,1294.68,2025-01-02
5946,90,209,60,3,98.08,2025-05-02
5947,182,464,16,9,4187.28,2024-11-01
5948,605,91,52,6,2091.35,2025-11-20
5949,487,440,1,7,2169.86,2024-09-07
5950,130,420,46,7,883.54,2024-12-05
5951,125,430,30,1,486.16,2026-06-23
5952,47,155,69,10,953.08,2025-07-16
5953,155,24,54,6,141.86,2025-09-09
5954,50,55,74,2,684.57,2026-04-29
5955,217,192,80,4,1314.53,2025-09-22
5956,499,44,78,4,1019.67,2025-03-18
5957,662,12,24,1,20.99,2025-03-05
5958,441,51,49,10,3310.55,2025-12-28
5959,349,193,92,3,325.26,2026-06-08
5960,66,264,95,5,1780.03,2025-04-17
5961,615,159,1,6,1139.22,2025-01-23
5962,637,416,19,8,2384.77,2025-05-29
5963,813,400,45,4,80.9,2024-10-16
5964,240,43,50,4,342.5,2025-02-09
5965,801,274,99,8,1947.42,2024-12-31
5966,386,149,57,2,313.47,2024-09-22
5967,455,7,95,5,2110.88,2024-11-30
5968,968,388,46,2,630.34,2026-06-17
5969,717,468,14,4,1381.14,2024-12-16
5970,998,256,55,2,683.28,2024-10-15
5971,349,30,45,7,2530.63,2025-12-03
5972,664,459,98,3,1008.72,2024-08-03
5973,28,402,74,7,364.77,2026-04-19
5974,842,359,83,3,857.44,2025-05-21
5975,57,209,85,6,1493.16,2025-03-20
5976,640,31,20,2,805.27,2025-10-06
5977,692,59,51,3,414.11,2025-02-11
5978,697,475,57,8,2564.08,2024-07-08
5979,846,245,81,1,205.46,2025-11-26
5980,252,70,20,7,827.11,2025-04-21
5981,127,277,46,4,1393.19,2024-12-19
5982,890,71,49,10,945.5,2026-01-22
5983,663,263,48,9,3292.39,2025-10-08
5984,510,43,11,7,881.45,2025-01-02
5985,621,160,25,5,2129.93,2025-05-28
5986,962,383,32,1,39.22,2025-03-27
5987,792,466,32,8,3347.88,2026-03-09
5988,579,465,90,10,3811.24,2025-04-19
5989,720,358,10,3,1318.13,2024-09-22
5990,448,177,77,4,354.95,2025-11-22
5991,390,314,27,9,3858.29,2025-08-13
5992,774,494,69,3,1458.09,2026-04-21
5993,675,284,26,5,347.88,2025-11-30
5994,584,37,44,8,1744.9,2024-11-13
5995,143,22,13,4,1845.15,2025-07-05
5996,684,446,4,2,,2024-10-23
5997,168,359,55,7,2840.86,2024-10-30
5998,442,228,29,7,1123.93,2026-01-11
5999,148,250,24,6,303.21,2026-01-08
6000,354,113,32,5,858.21,2026-01-20
6001,375,345,51,8,3808.7,2026-02-21
6002,396,315,61,6,2799.41,2024-09-03
6003,452,262,38,7,1014.2,2025-04-09
6004,169,143,74,10,2244.13,2024-11-06
6005,851,62,3,5,1799.58,2026-01-25
6006,142,162,1,5,1076.31,2025-01-11
6007,994,291,54,7,2084.08,2024-07-25
6008,952,171,15,6,1223.26,2024-11-29
6009,56,444,54,3,1238.53,2026-02-16
6010,897,214,92,3,1141.0,2025-10-03
6011,968,119,95,8,848.6,2025-06-27
6012,629,226,75,6,2142.2,2024-08-01
6013,899,138,18,4,574.21,2024-08-18
6014,113,155,56,2,165.75,2025-07-07
6015,191,76,26,6,2714.98,2024-08-23
6016,473,282,89,5,2243.15,2024-10-25
6017,354,498,64,-5,157.7,2026-02-13
6018,899,71,48,10,2425.48,2025-08-21
6019,299,358,84,2,869.46,2024-10-27
6020,209,118,84,1,240.3,2025-12-12
6021,96,150,58,10,2742.56,2025-04-04
6022,970,484,19,9,3120.34,2025-07-07
6023,661,375,20,4,450.69,2025-07-22
6024,716,361,35,1,464.7,2024-12-02
6025,945,203,63,6,304.41,2024-08-01
6026,456,7,51,7,2713.55,2024-07-14
6027,225,344,18,4,861.43,2024-08-18
6028,5,58,9,9,2021.78,2025-04-20
6029,846,78,4,3,1331.92,2024-10-03
6030,738,347,67,1,447.84,2025-09-02
6031,275,65,50,5,1308.11,2025-01-13
6032,891,279,27,5,1955.76,2025-09-30
6033,218,217,58,4,1986.27,2026-05-10
6034,970,405,66,10,2028.92,2025-10-02
6035,708,277,78,3,1411.45,2026-03-22
6036,758,327,11,7,1815.85,2024-12-29
6037,873,172,82,4,811.89,2025-10-25
6038,293,457,56,5,1555.82,2025-06-24
6039,576,190,54,10,838.79,2024-11-16
6040,854,27,15,5,1463.82,2025-07-05
6041,637,190,98,4,359.5,2026-01-08
6042,953,111,48,2,911.77,2025-04-18
6043,993,456,1,1,415.94,2024-08-14
6044,340,150,51,2,143.95,2024-09-17
6045,806,461,68,2,496.19,2025-05-25
6046,50,111,68,1,279.63,2026-04-10
6047,776,373,95,9,2672.97,2025-09-15
6048,654,35,8,1,157.2,2026-01-06
6049,248,33,45,5,247.45,2026-01-19
6050,522,175,10,7,1433.47,2025-04-02
6051,196,268,82,4,1680.58,2024-08-11
6052,662,112,62,2,303.46,2026-02-23
6053,361,259,7,5,1199.4,2026-02-18
6054,655,7,14,4,160.76,2025-08-13
6055,326,196,37,7,1874.83,2026-03-19
6056,861,418,58,8,582.36,2024-09-12
6057,94,493,78,9,1312.98,2026-05-30
6058,474,405,85,1,94.29,2026-01-24
6059,621,270,89,2,428.61,2025-03-03
6060,210,248,90,9,2970.02,2026-06-15
6061,110,188,67,2,458.49,2026-06-26
6062,819,265,55,7,1565.63,2025-01-12
6063,585,241,50,2,121.78,2025-11-02
6064,754,365,67,8,1527.99,2025-10-06
6065,164,212,9,4,1354.87,2025-08-05
6066,737,165,4,8,3499.97,2025-12-18
6067,550,107,48,6,2912.58,2025-06-15
6068,660,277,9,4,570.72,2026-02-12
6069,336,226,91,10,1869.33,2025-08-24
6070,253,187,31,3,845.42,2025-09-07
6071,608,395,98,4,1190.72,2025-01-28
6072,164,199,52,9,884.57,2026-06-16
6073,928,398,90,3,195.74,2025-09-17
6074,45,35,88,8,1446.98,2025-10-05
6075,275,476,55,6,1673.55,2025-07-13
6076,620,445,27,7,1981.46,2024-12-15
6077,796,104,1,1,411.1,2025-12-08
6078,350,105,21,3,1195.72,2025-07-12
6079,773,197,56,8,846.47,2026-01-10
6080,663,114,33,10,2888.84,2026-01-06
6081,380,416,95,6,320.54,2025-08-01
6082,129,448,67,1,99.01,2026-04-10
6083,437,55,31,6,2836.96,2024-10-08
6084,479,419,25,1,405.82,2025-07-05
6085,578,474,61,1,276.88,2026-04-28
6086,863,5,82,3,1335.84,2025-03-13
6087,230,285,92,8,3099.62,2025-10-16
6088,813,244,61,3,1428.19,2025-04-16
6089,973,387,15,8,3692.24,2026-04-12
6090,514,150,18,2,883.67,2026-02-20
6091,751,247,84,6,489.42,2025-03-03
6092,204,1,100,9,4161.06,2026-02-27
6093,454,465,11,10,495.1,2024-11-09
6094,848,73,92,3,165.38,2024-09-04
6095,303,346,38,5,437.95,2025-05-11
6096,695,494,7,8,991.77,2024-11-18
6097,496,435,89,6,2247.92,2024-08-06
6098,97,388,80,8,3944.15,2024-10-05
6099,695,297,75,7,3280.51,2025-02-26
6100,374,364,79,8,576.01,2024-11-27
6101,409,207,99,7,1315.55,2026-06-12
6102,42,311,79,8,1721.8,2025-04-25
6103,241,100,37,7,1900.69,2026-05-24
6104,630,366,47,5,138.59,2024-07-13
6105,844,430,37,3,292.53,2025-06-11
6106,389,350,92,3,1480.44,2024-12-21
6107,470,320,26,6,685.28,2026-05-07
6108,91,297,10,3,243.15,2026-04-16
6109,639,361,2,5,685.31,2026-06-05
6110,710,146,62,8,241.6,2025-10-05
6111,781,59,43,4,888.96,2024-12-03
6112,601,59,11,8,3188.19,2024-08-30
6113,719,50,6,6,226.97,2024-10-11
6114,849,466,20,2,421.09,2024-11-08
6115,517,17,18,7,169.95,2026-05-19
6116,586,368,27,7,1311.46,2025-10-19
6117,932,173,77,5,2127.27,2026-06-16
6118,941,438,27,8,3475.91,2026-04-07
6119,520,257,92,4,691.8,2026-02-21
6120,916,46,77,4,767.66,2026-05-07
6121,585,207,61,3,215.23,2024-07-12
6122,259,197,32,10,638.19,2025-10-20
6123,649,199,37,9,4172.23,2025-03-30
6124,24,449,27,4,1639.64,2025-01-11
6125,973,254,89,2,944.71,2026-01-25
6126,418,217,47,3,1236.89,2025-12-19
6127,146,159,51,3,1181.3,2025-11-18
6128,879,456,76,9,1618.87,2025-07-06
6129,511,343,17,-5,1483.44,2025-01-18
6130,831,18,89,5,106.27,2025-04-16
6131,401,341,7,3,89.94,2025-03-15
6132,765,194,3,2,332.03,2024-09-01
6133,25,287,99,6,367.73,2025-03-04
6134,844,74,64,6,925.83,2026-05-14
6135,668,104,94,2,424.62,2025-08-22
6136,713,372,26,1,441.97,2025-08-05
6137,431,433,84,4,694.92,2025-09-30
6138,730,391,26,4,812.27,2024-08-30
6139,60,30,93,1,62.92,2026-06-14
6140,539,421,77,1,302.88,2026-05-28
6141,567,228,67,10,1327.02,2025-05-01
6142,829,482,40,2,738.03,2025-12-07
6143,178,270,83,9,4358.2,2026-05-06
6144,975,143,9,4,724.97,2025-02-19
6145,966,308,97,6,1686.01,2025-11-18
6146,52,319,95,3,959.99,2025-04-24
6147,269,362,29,4,174.79,2024-09-24
6148,91,125,99,8,1761.89,2024-07-09
6149,547,470,83,7,1463.53,2025-09-25
6150,831,43,18,1,265.69,2024-10-24
6151,440,267,9,3,1031.11,2025-08-06
6152,886,390,74,6,2576.78,2025-12-22
6153,916,358,33,5,1971.54,2024-12-26
6154,893,178,92,8,3411.73,2025-02-14
6155,849,442,12,4,221.41,2025-09-07
6156,698,281,28,1,490.15,2025-08-28
6157,628,222,64,4,96.06,2025-10-01
6158,634,258,38,4,1240.95,2025-12-03
6159,599,64,96,3,196.32,2026-01-08
6160,433,311,30,5,435.83,2026-05-15
6161,752,443,46,8,3995.0,2026-03-25
6162,107,208,63,1,383.58,2024-12-22
6163,888,51,66,7,1749.23,2026-01-26
6164,891,460,17,8,1998.27,2024-07-11
6165,982,111,53,9,2524.43,2025-01-18
6166,539,464,86,4,910.29,2025-05-23
6167,747,336,51,6,190.78,2025-01-19
6168,412,89,76,3,722.24,2025-04-07
6169,443,223,57,3,325.07,2025-07-01
6170,528,6,73,9,3769.07,2026-06-25
6171,407,44,51,4,939.29,2025-02-18
6172,564,470,83,6,606.74,2025-03-29
6173,732,276,78,10,3444.7,2025-02-25
6174,595,299,31,1,242.62,2025-07-18
6175,109,70,42,6,1748.93,2025-09-15
6176,492,239,20,6,1912.76,2025-02-21
6177,618,429,64,7,1224.33,2025-03-30
6178,563,430,25,7,1135.86,2024-11-19
6179,760,273,4,9,1775.62,2025-06-13
6180,75,471,91,6,204.46,2024-08-17
6181,452,56,100,5,399.52,2024-08-25
6182,565,299,25,7,1247.66,2024-07-28
6183,843,72,76,10,535.86,2024-10-07
6184,360,411,12,6,,2024-07-08
6185,83,332,15,9,2482.03,2024-11-22
6186,41,29,84,5,1361.4,2026-03-17
6187,5,368,78,6,2348.74,2026-07-06
6188,609,361,82,3,437.12,2024-12-10
6189,458,288,63,3,812.91,2025-02-19
6190,51,321,30,6,1961.62,2026-06-21
6191,604,101,3,1,391.49,2025-02-01
6192,899,77,44,2,137.61,2026-05-01
6193,520,201,81,1,50.63,2026-05-20
6194,176,293,97,1,256.84,2024-10-29
6195,659,308,45,1,212.72,2025-07-20
6196,166,117,25,3,1493.47,2025-10-02
6197,841,61,82,7,2171.89,2025-02-02
6198,173,454,6,9,247.73,2026-01-13
6199,511,328,26,1,395.58,2025-01-09
6200,832,134,23,1,471.4,2025-12-16
6201,434,72,34,7,2328.06,2024-09-04
6202,245,241,95,10,2365.92,2025-11-30
6203,715,415,42,5,2485.94,2026-01-27
6204,707,48,83,8,3555.06,2025-03-18
6205,969,340,77,5,832.18,2026-02-26
6206,695,398,64,6,2715.72,2025-06-06
6207,390,278,64,5,219.28,2026-01-15
6208,312,130,48,4,774.82,2024-07-18
6209,742,34,36,4,568.42,2025-02-04
6210,918,282,69,7,2341.86,2024-12-30
6211,895,264,26,7,1329.22,2025-09-06
6212,806,152,72,5,1316.02,2025-08-16
6213,950,181,84,4,1349.79,2025-08-06
6214,646,82,54,9,4261.1,2025-12-06
6215,402,425,39,8,988.8,2024-11-14
6216,158,16,85,9,1532.98,2026-03-13
6217,538,242,1,8,1975.41,2024-12-23
6218,298,125,21,9,4072.72,2025-03-02
6219,625,288,28,7,2732.08,2026-03-11
6220,893,500,94,5,821.84,2026-06-06
6221,708,173,69,7,3489.3,2024-12-10
6222,782,371,40,1,190.89,2024-08-13
6223,370,370,5,6,2423.16,2025-11-16
6224,276,206,60,10,1039.37,2025-05-11
6225,9,27,59,3,1115.26,2024-08-07
6226,940,389,78,4,618.3,2024-10-10
6227,714,240,58,4,1168.92,2024-12-30
6228,502,465,19,4,1836.18,2025-08-12
6229,651,404,45,10,1710.71,2026-06-15
6230,948,15,9,1,136.01,2024-12-07
6231,573,180,15,7,602.7,2025-09-05
6232,136,353,90,6,230.74,2026-04-11
6233,352,12,85,1,163.95,2025-05-12
6234,97,160,27,3,1441.57,2026-07-06
6235,67,72,60,6,773.69,2025-06-11
6236,701,352,87,10,1471.15,2026-04-28
6237,769,252,80,4,1662.78,2025-03-24
6238,817,370,93,6,661.7,2025-11-12
6239,245,337,46,2,147.21,2025-03-23
6240,890,86,52,10,340.12,2025-09-24
6241,472,419,34,6,651.79,2025-11-06
6242,861,346,49,3,853.96,2025-03-18
6243,353,57,89,3,1220.82,2024-08-10
6244,508,115,68,1,271.31,2026-05-25
6245,694,180,45,4,1143.69,2025-12-30
6246,83,133,81,5,921.33,2026-04-18
6247,818,310,81,7,3422.05,2024-09-24
6248,332,49,11,2,601.22,2025-08-19
6249,946,156,45,8,2715.76,2026-07-05
6250,701,113,89,6,1020.47,2025-10-06
6251,946,392,54,8,2842.38,2025-05-23
6252,557,433,14,3,742.43,2025-12-19
6253,254,227,33,7,1670.91,2024-08-10
6254,864,72,12,7,460.77,2024-10-20
6255,384,494,55,6,2511.71,2025-06-12
6256,264,453,13,3,1155.91,2026-06-13
6257,30,264,33,3,1144.69,2026-01-15
6258,1000,402,84,9,692.04,2024-12-20
6259,15,302,80,8,1666.26,2025-09-11
6260,240,43,78,1,223.47,2026-01-28
6261,810,433,31,7,948.08,2024-10-07
6262,973,38,56,10,3069.02,2025-03-29
6263,319,172,5,8,3773.54,2025-06-08
6264,842,303,70,6,2196.78,2025-11-10
6265,129,469,87,3,1381.47,2025-06-24
6266,693,412,13,7,1620.8,2026-05-15
6267,221,144,30,3,1431.27,2026-02-18
6268,544,491,5,9,4153.35,2025-03-10
6269,871,480,12,5,1305.0,2025-10-26
6270,59,75,48,5,1660.51,2025-01-24
6271,411,153,47,10,4116.37,2024-08-14
6272,149,284,23,1,432.33,2024-07-09
6273,262,68,61,4,285.57,2025-04-27
6274,453,194,60,6,2329.27,2025-01-25
6275,66,57,92,3,933.19,2024-07-16
6276,25,384,37,6,963.28,2024-12-02
6277,88,267,91,5,565.8,2025-09-18
6278,255,224,79,4,1322.04,2024-10-05
6279,815,44,5,6,768.07,2025-10-19
6280,600,248,62,3,1016.84,2025-03-01
6281,110,165,3,2,691.08,2025-12-13
6282,599,59,87,7,634.18,2026-02-08
6283,400,463,44,8,2483.03,2026-01-20
6284,219,439,21,2,913.31,2026-03-15
6285,438,73,88,9,661.86,2024-10-24
6286,55,375,65,10,600.23,2025-04-16
6287,634,80,21,8,1037.78,2025-09-27
6288,253,204,73,2,609.96,2024-09-05
6289,454,112,87,2,795.37,2025-08-27
6290,496,59,99,8,1830.97,2024-12-30
6291,579,264,88,1,192.31,2025-08-23
6292,453,330,38,8,2031.32,2026-02-02
6293,759,317,94,6,2569.27,2026-06-16
6294,202,29,33,2,398.23,2026-03-24
6295,11,415,23,5,862.71,2026-01-11
6296,662,194,96,1,82.85,2026-03-17
6297,507,285,79,9,1234.23,2025-03-26
6298,763,482,40,1,445.79,2024-11-17
6299,175,305,41,6,2655.83,2026-05-25
6300,780,204,7,9,1906.99,2026-03-29
6301,49,140,2,4,1325.26,2025-08-29
6302,808,106,35,10,3948.18,2024-11-28
6303,471,348,45,7,2441.08,2025-09-28
6304,550,365,93,5,1601.04,2026-04-23
6305,435,278,65,3,405.73,2025-12-03
6306,910,125,71,2,82.87,2026-04-16
6307,74,25,97,3,702.83,2025-04-21
6308,251,144,49,6,408.37,2026-05-14
6309,318,82,20,1,68.26,2024-09-21
6310,549,337,71,1,67.3,2025-10-05
6311,242,89,5,3,580.79,2026-02-23
6312,702,375,10,9,3377.8,2026-03-29
6313,742,400,82,7,1897.19,2025-11-24
6314,862,5,31,7,886.81,2025-07-02
6315,684,349,12,9,2622.27,2025-11-12
6316,756,195,77,8,3962.97,2024-11-14
6317,523,304,91,1,243.61,2025-02-13
6318,439,247,24,5,1655.24,2025-10-23
6319,363,67,11,1,40.52,2025-12-28
6320,103,400,7,5,1777.0,2026-04-05
6321,468,59,56,8,3667.17,2025-12-14
6322,374,447,4,4,596.47,2025-06-08
6323,329,54,24,9,3799.94,2024-12-05
6324,542,191,11,4,960.85,2026-01-23
6325,599,386,11,2,886.87,2024-10-17
6326,659,156,47,10,1471.19,2024-12-27
6327,431,311,61,5,2343.38,2024-07-20
6328,353,174,50,3,948.24,2025-07-19
6329,465,220,64,2,616.04,2026-01-21
6330,457,376,88,2,266.87,2024-07-14
6331,692,257,65,2,700.57,2024-07-11
6332,867,218,31,7,2660.28,2025-11-09
6333,110,69,95,10,1901.0,2025-07-30
6334,391,473,100,7,2710.11,2025-08-30
6335,963,13,48,8,2248.59,2026-04-09
6336,470,51,26,6,1543.93,2026-06-17
6337,538,245,96,9,3835.01,2025-08-29
6338,48,85,94,5,2075.59,2024-09-26
6339,672,475,92,3,373.08,2025-12-23
6340,985,36,39,5,1701.32,2024-11-28
6341,908,196,23,5,1989.9,2024-08-01
6342,745,112,1,8,1789.17,2024-08-03
6343,114,37,59,5,2383.43,2025-06-01
6344,701,153,23,7,2757.89,2024-10-07
6345,303,262,30,2,399.61,2025-04-24
6346,545,378,54,2,616.93,2024-11-28
6347,426,135,62,4,1783.38,2026-04-24
6348,398,161,49,1,424.03,2025-04-08
6349,397,304,66,9,4400.46,2025-10-10
6350,222,194,71,8,3719.58,2025-02-01
6351,237,2,4,9,3547.05,2024-12-12
6352,499,350,78,5,1399.08,2024-09-23
6353,233,354,11,4,851.0,2025-07-13
6354,186,383,19,6,1780.76,2024-08-13
6355,660,86,62,10,745.35,2024-07-27
6356,613,115,36,1,203.98,2026-01-29
6357,271,26,49,2,81.93,2025-02-13
6358,84,279,58,3,893.77,2025-11-20
6359,161,144,62,3,244.73,2026-05-06
6360,21,45,69,2,537.85,2025-09-14
6361,598,396,52,2,468.5,2025-05-07
6362,492,172,87,1,427.03,2025-09-19
6363,747,405,94,8,2179.15,2025-01-22
6364,853,296,62,9,3014.65,2024-11-25
6365,460,320,77,5,1495.92,2025-07-06
6366,953,445,18,1,171.55,2024-09-09
6367,114,143,70,2,510.72,2024-07-22
6368,428,183,67,7,2796.17,2025-09-26
6369,548,340,14,2,570.78,2026-05-20
6370,505,109,81,1,227.68,2025-09-14
6371,250,49,53,6,1290.38,2024-10-20
6372,173,306,60,4,1671.85,2025-01-22
6373,460,419,23,6,,2024-12-22
6374,612,157,78,7,487.28,2026-05-27
6375,936,288,65,7,872.21,2025-07-06
6376,860,457,28,2,125.13,2025-04-10
6377,728,303,83,9,3864.72,2025-04-04
6378,55,201,68,10,4457.89,2025-10-20
6379,117,391,27,3,1064.69,2026-05-03
6380,437,253,45,1,259.8,2025-12-28
6381,713,88,15,4,1607.06,2025-02-04
6382,708,100,54,7,885.26,2026-02-06
6383,248,40,61,2,810.24,2025-09-03
6384,338,138,75,10,4332.72,2025-05-14
6385,47,159,89,1,382.07,2024-11-21
6386,249,244,87,10,4207.01,2024-10-31
6387,768,152,48,3,925.98,2026-03-21
6388,516,116,44,9,3534.59,2026-05-27
6389,841,445,31,7,3176.79,2026-06-09
6390,562,389,16,10,4601.93,2024-12-19
6391,286,376,28,3,753.83,2025-05-31
6392,149,467,42,10,3234.16,2024-09-14
6393,829,140,9,6,424.82,2024-09-24
6394,189,166,72,10,3562.71,2026-07-06
6395,864,463,33,2,644.18,2025-11-16
6396,920,92,14,8,3491.76,2024-10-06
6397,416,416,5,3,1077.6,2026-04-10
6398,405,120,74,2,708.36,2025-04-20
6399,265,51,27,10,1453.38,2025-08-26
6400,240,49,41,9,1267.3,2025-10-01
6401,54,309,32,7,871.23,2026-04-28
6402,821,241,77,1,449.48,2026-01-29
6403,755,173,100,7,1891.62,2026-06-17
6404,602,220,90,10,421.48,2026-05-25
6405,808,297,69,5,969.67,2025-07-20
6406,285,469,94,8,680.75,2025-11-09
6407,768,313,78,1,289.95,2026-02-22
6408,472,248,82,3,1071.77,2026-06-02
6409,969,390,12,4,710.95,2025-04-27
6410,66,35,27,7,1485.55,2024-11-08
6411,482,99,55,4,1928.94,2026-06-13
6412,710,70,16,8,270.53,2025-11-13
6413,724,151,2,8,2682.35,2025-07-30
6414,667,88,83,3,500.11,2026-02-19
6415,968,139,13,3,1118.36,2025-03-15
6416,811,430,93,10,2721.01,2024-09-02
6417,63,211,87,4,1636.66,2024-12-25
6418,241,223,41,4,434.87,2024-08-10
6419,97,457,70,5,2264.29,2025-08-21
6420,318,149,35,2,662.86,2026-05-07
6421,996,284,35,3,487.0,2026-03-09
6422,685,16,21,3,1023.94,2025-08-24
6423,857,387,48,5,687.16,2026-03-28
6424,316,225,53,1,354.9,2025-03-21
6425,961,47,16,6,2140.47,2024-10-17
6426,67,173,54,9,2019.44,2024-08-14
6427,822,295,37,5,119.35,2026-02-24
6428,360,99,80,2,336.57,2025-06-24
6429,67,460,25,9,2858.58,2025-06-13
6430,319,426,82,8,309.5,2026-05-10
6431,333,48,88,3,492.12,2026-05-18
6432,932,423,23,10,467.85,2025-03-21
6433,684,462,100,7,3029.86,2024-09-20
6434,205,163,50,2,66.07,2025-09-24
6435,186,384,74,6,1895.53,2025-06-19
6436,37,325,23,10,4952.37,2025-08-29
6437,729,196,56,4,1002.15,2026-04-24
6438,434,308,23,10,3387.03,2026-06-30
6439,240,119,69,3,880.58,2026-04-30
6440,257,48,9,7,453.39,2025-07-01
6441,197,312,87,9,3560.12,2025-12-01
6442,813,119,40,1,421.17,2025-07-31
6443,647,440,20,3,463.84,2026-06-07
6444,435,345,23,5,105.28,2025-09-12
6445,277,210,25,9,3397.02,2025-09-18
6446,691,265,69,4,1627.43,2024-08-13
6447,244,132,27,10,1304.35,2026-01-27
6448,962,491,95,8,1584.36,2026-03-07
6449,925,314,33,9,1827.0,2026-02-11
6450,795,414,47,1,263.71,2026-01-08
6451,256,373,72,5,521.75,2025-06-03
6452,636,484,18,3,612.56,2024-09-15
6453,22,231,35,9,1604.6,2026-06-15
6454,853,12,74,4,732.85,2026-02-20
6455,778,437,72,6,589.7,2026-01-06
6456,383,312,35,9,3666.07,2026-05-06
6457,887,5,32,8,3399.15,2025-11-28
6458,927,310,55,10,2249.22,2024-07-31
6459,331,308,13,5,884.22,2026-02-20
6460,46,133,59,8,1714.65,2025-05-06
6461,536,104,1,2,810.47,2024-11-06
6462,818,302,44,1,385.77,2025-06-28
6463,521,487,59,5,427.3,2024-09-21
6464,292,379,94,4,1874.36,2026-02-22
6465,683,194,67,10,3296.27,2025-04-05
6466,604,276,79,7,1583.79,2025-10-31
6467,17,210,90,10,1439.43,2026-05-24
6468,874,438,83,2,479.27,2025-02-07
6469,888,438,56,1,438.65,2024-12-18
6470,867,134,80,10,447.15,2025-10-10
6471,83,14,98,8,3647.43,2025-05-19
6472,267,408,92,4,1612.97,2025-06-13
6473,402,246,46,8,554.1,2024-07-15
6474,334,1,84,7,1591.97,2025-08-09
6475,746,259,55,6,340.53,2024-11-25
6476,394,252,85,1,349.39,2025-06-10
6477,909,371,88,5,725.82,2026-05-20
6478,711,107,48,3,354.35,2025-03-28
6479,446,295,67,10,4460.44,2025-06-07
6480,1000,475,36,6,173.7,2025-12-30
6481,18,331,43,6,2307.27,2025-01-25
6482,725,296,30,7,1512.66,2025-12-18
6483,47,70,92,8,1477.72,2025-04-02
6484,815,288,56,5,2262.98,2024-10-24
6485,720,275,76,2,492.76,2026-02-21
6486,821,229,16,3,1355.29,2025-09-21
6487,865,67,43,5,2401.52,2026-03-08
6488,699,440,31,1,490.56,2026-01-18
6489,723,252,55,9,1578.5,2024-09-09
6490,896,426,39,3,1148.02,2025-09-22
6491,74,323,53,9,4468.53,2025-03-23
6492,295,294,32,4,1073.22,2025-05-10
6493,890,27,86,7,3027.76,2026-02-05
6494,525,180,29,7,798.1,2024-09-11
6495,87,12,99,1,365.64,2026-03-01
6496,145,225,71,2,856.15,2025-05-22
6497,342,44,79,10,2011.39,2025-05-22
6498,302,330,65,4,82.94,2025-04-07
6499,890,463,91,6,544.6,2025-05-14
6500,537,193,98,8,1925.12,2025-03-11
6501,222,199,42,8,347.29,2025-04-23
6502,969,100,96,7,632.85,2025-02-11
6503,312,349,37,7,864.52,2024-11-21
6504,265,207,66,4,1287.43,2025-07-22
6505,757,368,32,10,2012.1,2025-07-03
6506,74,346,20,4,281.51,2024-11-02
6507,451,348,54,4,506.91,2025-04-17
6508,863,381,7,2,497.71,2025-08-05
6509,859,64,58,8,3549.93,2025-04-30
6510,366,237,60,5,771.86,2026-07-04
6511,424,456,18,7,721.48,2025-06-02
6512,402,228,69,7,963.21,2026-06-19
6513,522,315,71,6,2126.27,2025-12-03
6514,508,136,64,10,2544.25,2025-12-22
6515,701,147,84,6,1886.23,2026-01-04
6516,860,258,92,4,1886.62,2024-12-19
6517,363,435,25,6,518.41,2024-10-14
6518,807,130,4,8,3039.63,2026-01-01
6519,477,215,72,4,994.3,2025-10-16
6520,272,447,20,8,1240.55,2024-07-29
6521,492,216,60,1,479.98,2024-11-13
6522,612,228,45,6,351.89,2026-01-23
6523,78,163,97,4,652.25,2026-02-25
6524,668,398,27,8,3103.48,2024-11-04
6525,60,404,5,1,318.56,2024-07-13
6526,285,379,5,1,294.07,2025-11-25
6527,366,372,65,7,1391.94,2025-09-18
6528,298,370,34,3,408.72,2024-12-17
6529,982,410,43,6,823.2,2025-06-18
6530,351,489,24,7,1367.94,2024-09-15
6531,134,483,53,4,1740.64,2026-01-04
6532,647,350,86,7,3445.75,2026-05-05
6533,38,134,60,1,433.62,2025-07-30
6534,585,378,11,1,430.62,2025-04-15
6535,252,418,40,2,97.53,2026-02-07
6536,682,186,54,10,4950.08,2025-02-01
6537,706,392,77,2,115.52,2026-05-17
6538,754,205,41,9,2632.45,2024-12-21
6539,105,350,41,2,123.29,2024-10-12
6540,985,230,36,9,1108.96,2025-02-28
6541,320,374,40,7,1572.65,2026-03-24
6542,946,48,66,8,1882.92,2025-08-08
6543,685,1,36,7,1857.37,2025-01-02
6544,422,205,86,8,2975.02,2026-01-20
6545,151,363,79,7,1979.8,2024-09-14
6546,730,69,48,1,375.38,2025-05-24
6547,615,301,48,7,1292.79,2026-01-11
6548,634,35,36,1,272.84,2025-12-23
6549,709,119,1,3,1069.99,2026-06-26
6550,191,255,55,3,886.92,2024-08-08
6551,324,143,62,5,2152.88,2024-07-31
6552,433,90,20,4,1276.43,2025-12-16
6553,364,35,28,2,283.24,2026-03-31
6554,386,17,40,2,550.66,2026-04-22
6555,889,125,28,8,1340.91,2024-11-19
6556,93,130,59,9,2732.17,2025-01-29
6557,268,234,39,9,1647.0,2024-12-28
6558,3,97,42,5,2086.27,2025-06-11
6559,106,9,96,10,1459.79,2024-10-24
6560,232,401,65,3,1379.51,2025-10-02
6561,859,183,11,8,2637.34,2024-07-17
6562,699,359,97,9,4136.16,2025-08-18
6563,948,444,64,7,1529.76,2026-01-01
6564,209,47,27,8,1321.39,2025-06-13
6565,691,97,2,6,339.9,2026-04-30
6566,383,101,35,3,571.69,2025-12-08
6567,548,418,11,7,2735.42,2024-09-15
6568,637,480,68,6,724.91,2024-12-22
6569,172,356,16,9,1755.42,2026-04-15
6570,336,176,80,8,2273.45,2024-08-04
6571,592,268,39,10,477.85,2024-11-21
6572,995,284,49,2,920.01,2025-04-20
6573,532,430,15,6,1159.7,2026-05-24
6574,777,318,23,7,1688.0,2026-02-04
6575,966,438,13,4,1113.03,2026-04-22
6576,546,391,74,10,1257.63,2025-01-25
6577,734,392,6,2,565.82,2025-03-14
6578,984,273,9,1,496.52,2026-04-10
6579,194,133,17,5,2178.76,2025-03-29
6580,178,160,21,10,4913.74,2025-03-25
6581,898,190,74,2,701.57,2025-06-25
6582,248,391,7,8,3019.12,2025-12-30
6583,105,89,9,10,3730.43,2026-05-19
6584,484,464,25,9,1538.19,2025-05-30
6585,90,152,93,5,317.63,2025-07-11
6586,256,43,43,7,436.09,2025-08-24
6587,870,28,9,6,1163.84,2025-11-16
6588,195,31,40,6,763.56,2024-10-11
6589,452,273,12,5,124.63,2025-01-18
6590,632,455,95,2,897.96,2026-02-23
6591,563,156,85,7,1351.49,2025-03-19
6592,417,380,91,6,1040.93,2024-09-28
6593,820,157,42,7,937.6,2025-10-20
6594,572,380,24,5,387.23,2025-03-13
6595,145,209,79,10,3036.86,2025-05-01
6596,157,29,54,10,1481.12,2026-01-11
6597,958,317,94,5,1742.65,2025-12-26
6598,996,54,89,2,61.99,2025-08-10
6599,390,354,79,7,3440.2,2025-01-21
6600,917,386,90,2,56.58,2024-07-08
6601,164,341,33,9,2929.46,2025-08-06
6602,127,208,69,3,1212.09,2025-06-05
6603,516,474,17,3,661.06,2025-06-28
6604,649,416,64,3,1049.3,2024-12-28
6605,412,88,84,6,2792.27,2025-04-28
6606,583,399,49,7,2947.81,2025-10-07
6607,199,324,35,3,103.89,2024-08-30
6608,955,363,12,8,2360.07,2025-04-26
6609,583,118,18,1,25.34,2025-05-12
6610,779,68,71,6,1537.76,2026-04-03
6611,207,81,19,8,348.76,2025-08-10
6612,661,339,60,1,42.38,2025-12-20
6613,631,253,95,5,1441.26,2025-12-24
6614,196,285,60,3,425.89,2025-08-03
6615,359,46,38,2,178.96,2026-06-20
6616,735,416,6,6,656.45,2024-12-23
6617,525,453,83,6,2069.45,2025-06-20
6618,151,468,81,1,359.12,2025-11-06
6619,826,195,6,9,1905.55,2025-07-20
6620,178,406,24,5,1425.8,2024-11-15
6621,802,184,39,5,130.7,2025-08-07
6622,978,412,52,8,1171.8,2024-11-12
6623,43,368,75,10,4836.99,2024-08-16
6624,86,325,65,1,143.44,2025-04-25
6625,447,201,89,10,2624.29,2026-06-12
6626,97,462,50,5,590.17,2025-09-20
6627,363,221,18,6,1925.77,2025-08-18
6628,504,272,66,4,1068.46,2025-07-10
6629,902,196,45,9,2092.89,2026-04-06
6630,934,315,80,7,2482.78,2026-02-05
6631,399,338,7,4,222.21,2025-06-14
6632,907,475,18,7,2314.44,2025-10-03
6633,91,51,94,10,310.54,2024-09-12
6634,10,473,36,4,1147.54,2026-06-25
6635,284,341,97,8,3349.92,2025-01-14
6636,82,386,74,8,3625.8,2024-12-22
6637,522,9,27,10,274.03,2026-05-24
6638,739,374,33,6,469.21,2025-08-03
6639,784,166,94,9,2715.25,2025-01-30
6640,974,368,73,4,1155.43,2024-07-18
6641,604,365,97,5,839.3,2025-04-03
6642,829,289,94,2,289.23,2024-10-18
6643,239,158,57,1,479.38,2025-07-26
6644,603,184,12,3,867.54,2025-10-21
6645,655,29,73,7,1733.42,2025-10-02
6646,130,337,94,6,2218.69,2025-06-30
6647,828,285,33,7,1797.91,2024-08-28
6648,414,418,81,9,3459.48,2026-06-22
6649,424,428,43,9,3412.29,2025-02-15
6650,153,304,22,7,2454.26,2026-03-27
6651,962,340,69,6,2349.98,2025-09-01
6652,163,270,22,3,1316.6,2026-06-14
6653,779,392,15,9,4072.62,2025-09-13
6654,252,192,27,9,1123.2,2026-06-10
6655,523,264,44,1,229.66,2024-10-04
6656,306,349,55,7,1938.2,2024-10-19
6657,655,254,65,8,3641.53,2025-04-25
6658,409,143,42,1,313.19,2026-04-07
6659,997,138,94,9,1125.26,2025-11-05
6660,851,295,61,5,1478.88,2026-02-08
6661,237,183,82,6,542.09,2025-01-26
6662,490,166,45,4,235.83,2026-06-05
6663,163,473,65,6,1847.14,2025-07-29
6664,551,363,59,10,2545.01,2026-02-08
6665,703,33,91,5,308.77,2024-11-09
6666,396,351,21,5,2429.76,2026-03-24
6667,779,62,96,7,1631.04,2025-04-25
6668,634,253,55,2,798.31,2025-06-21
6669,275,314,53,5,903.15,2024-07-24
6670,74,393,46,6,2386.94,2026-05-28
6671,115,314,52,7,1183.89,2025-06-03
6672,438,122,93,8,2192.85,2025-08-22
6673,52,290,27,1,458.49,2024-08-28
6674,838,95,8,6,2240.83,2024-12-05
6675,197,429,5,2,420.16,2025-08-19
6676,336,295,61,2,768.26,2024-10-01
6677,288,75,17,3,308.47,2024-10-22
6678,555,406,96,9,1392.9,2025-11-09
6679,679,308,22,4,666.19,2026-04-03
6680,567,25,73,8,1625.23,2025-03-28
6681,447,336,89,9,3490.38,2025-06-04
6682,824,325,65,1,478.36,2025-02-12
6683,813,105,26,1,151.81,2025-04-09
6684,74,430,43,5,1428.52,2026-04-26
6685,248,192,68,4,922.18,2024-11-13
6686,765,249,14,7,1484.82,2025-05-08
6687,280,214,3,6,1059.73,2025-11-30
6688,158,457,51,6,825.74,2025-09-11
6689,448,249,35,1,315.23,2025-02-15
6690,142,254,18,7,2266.85,2025-08-20
6691,768,106,51,1,321.98,2024-08-27
6692,65,55,77,5,1597.72,2024-11-16
6693,841,179,53,3,1083.26,2024-12-05
6694,948,350,20,8,2997.32,2025-03-27
6695,44,88,11,9,1754.34,2025-08-07
6696,740,454,84,6,2913.17,2026-06-29
6697,882,11,87,4,1149.6,2025-07-07
6698,896,164,71,8,1903.32,2025-03-14
6699,163,198,24,3,188.65,2026-07-07
6700,966,311,48,7,1013.0,2026-04-14
6701,525,137,37,7,1745.05,2025-12-19
6702,575,313,100,7,148.49,2025-10-18
6703,851,176,11,1,418.97,2025-01-22
6704,961,52,78,10,3545.44,2024-11-21
6705,495,192,48,9,459.39,2025-05-10
6706,694,353,36,2,187.05,2025-04-07
6707,315,310,100,5,330.35,2025-09-03
6708,689,52,55,3,548.24,2025-05-27
6709,183,267,98,5,1587.79,2026-02-04
6710,660,173,85,4,1073.31,2025-08-06
6711,451,228,56,10,2484.17,2026-02-22
6712,327,299,5,6,1212.2,2024-10-20
6713,334,156,93,8,231.97,2026-06-29
6714,813,363,27,10,1463.96,2026-02-09
6715,785,222,69,5,634.37,2025-03-28
6716,105,173,53,8,2683.81,2024-12-30
6717,145,372,1,10,1038.66,2026-05-25
6718,628,440,7,10,1475.03,2025-01-30
6719,973,356,31,8,1714.87,2025-10-14
6720,355,108,47,5,2176.31,2024-10-25
6721,128,27,85,10,2426.3,2025-09-16
6722,973,171,83,1,72.7,2025-10-21
6723,880,118,99,5,1209.62,2026-01-15
6724,270,124,85,5,1574.95,2025-09-28
6725,676,135,89,2,825.9,2025-01-29
6726,178,181,47,9,2269.83,2025-01-27
6727,345,206,33,8,3853.79,2024-12-03
6728,277,332,94,2,254.32,2026-03-19
6729,403,274,43,8,1346.64,2025-06-11
6730,635,341,41,6,1466.67,2025-09-24
6731,149,275,47,3,402.41,2024-10-14
6732,19,428,100,6,1126.61,2025-01-31
6733,857,177,63,10,3971.63,2025-09-22
6734,500,186,65,10,1646.78,2025-10-28
6735,413,23,20,2,667.48,2026-02-22
6736,269,322,82,9,3521.14,2025-03-12
6737,421,86,31,2,785.63,2025-04-02
6738,671,403,82,4,1503.99,2024-07-13
6739,308,10,60,5,1165.7,2025-10-28
6740,827,304,57,2,281.56,2026-03-08
6741,505,343,76,2,284.31,2025-02-14
6742,826,421,89,8,2926.2,2025-01-09
6743,128,285,45,4,1950.45,2024-10-15
6744,43,266,92,6,1767.09,2025-11-04
6745,291,191,92,4,1038.68,2026-06-13
6746,473,14,25,7,264.59,2025-06-17
6747,104,10,10,10,4158.3,2025-11-26
6748,695,16,85,8,1496.07,2025-03-21
6749,449,384,5,1,383.83,2025-05-19
6750,810,331,35,7,1685.64,2025-05-28
6751,557,222,90,10,360.53,2024-11-22
6752,542,161,41,10,1054.87,2025-08-14
6753,721,80,15,2,421.95,2025-03-12
6754,800,122,86,6,1785.51,2025-01-26
6755,946,300,55,9,3509.21,2024-12-08
6756,256,181,26,8,1702.93,2024-08-01
6757,246,189,87,7,1775.67,2026-01-27
6758,609,209,6,6,2145.31,2024-08-14
6759,132,69,69,8,381.92,2025-10-12
6760,798,44,28,9,1106.2,2024-10-08
6761,840,55,97,4,1617.62,2025-04-28
6762,77,140,25,4,1255.22,2025-04-16
6763,933,439,40,1,309.73,2024-07-20
6764,318,500,79,3,769.2,2025-03-08
6765,872,345,29,4,909.85,2025-03-10
6766,791,373,73,6,1501.78,2026-05-07
6767,840,453,9,7,1623.87,2026-06-09
6768,23,101,91,5,1348.38,2024-08-27
6769,937,234,87,1,338.81,2026-04-08
6770,793,322,56,4,1624.82,2024-12-09
6771,158,200,4,6,1734.87,2024-08-16
6772,871,176,24,9,932.14,2024-12-15
6773,747,242,76,7,937.28,2026-04-28
6774,820,35,19,5,1798.1,2025-03-22
6775,536,200,55,9,3912.41,2026-06-27
6776,830,65,87,10,697.69,2026-03-14
6777,816,411,22,3,1437.96,2025-02-13
6778,674,86,42,2,293.3,2026-03-27
6779,85,473,14,3,1219.35,2025-10-27
6780,658,280,73,10,2548.31,2024-09-07
6781,830,317,40,3,1273.78,2025-12-03
6782,777,164,58,7,3421.87,2024-10-11
6783,280,194,48,5,1610.02,2025-03-20
6784,703,420,41,4,427.26,2025-04-06
6785,79,57,67,5,787.38,2026-06-04
6786,705,273,86,2,805.4,2026-01-02
6787,392,472,58,6,365.74,2026-01-11
6788,19,352,44,4,1061.52,2026-03-13
6789,566,423,83,3,143.43,2025-10-02
6790,608,111,57,9,613.15,2026-06-25
6791,800,52,69,7,1863.65,2025-07-25
6792,962,42,34,5,2168.69,2025-06-18
6793,170,15,10,7,2393.76,2026-06-03
6794,250,102,32,5,1688.5,2025-04-29
6795,62,461,13,6,888.85,2024-10-04
6796,174,278,27,2,217.2,2024-11-02
6797,2,261,62,7,178.36,2025-09-18
6798,480,465,62,7,3231.65,2026-05-02
6799,11,216,85,1,371.51,2025-02-22
6800,995,279,31,8,1832.28,2026-04-30
6801,759,310,48,8,1608.51,2025-09-21
6802,670,248,89,1,251.93,2025-04-03
6803,190,491,13,2,651.05,2025-04-30
6804,289,280,68,8,725.56,2026-05-04
6805,51,337,39,9,1885.33,2026-02-07
6806,834,295,29,2,520.96,2024-12-06
6807,847,344,21,1,128.57,2024-08-29
6808,671,169,52,7,2979.03,2024-09-14
6809,479,153,14,5,1575.42,2024-11-17
6810,411,19,42,10,3141.8,2025-12-15
6811,21,199,33,4,1249.71,2025-12-10
6812,579,369,91,10,359.31,2025-09-09
6813,235,153,17,8,2637.46,2024-10-14
6814,118,362,77,6,2465.33,2025-08-11
6815,127,283,9,8,2781.48,2025-05-28
6816,103,97,51,6,1728.92,2025-09-13
6817,401,238,2,9,794.31,2025-10-13
6818,121,492,43,8,1224.72,2024-11-19
6819,255,327,51,4,208.61,2024-09-16
6820,350,488,22,3,1184.58,2025-12-31
6821,144,90,15,7,2814.19,2026-01-30
6822,952,388,4,7,2059.86,2025-07-05
6823,467,188,36,9,3237.86,2025-04-13
6824,886,432,78,9,225.21,2026-05-07
6825,377,280,30,4,462.05,2025-11-11
6826,197,350,80,9,3755.04,2025-04-03
6827,371,230,31,2,44.09,2025-12-27
6828,492,160,44,6,2571.7,2024-10-04
6829,223,396,89,5,1005.72,2025-07-12
6830,898,84,95,6,471.7,2026-01-01
6831,930,414,98,2,332.09,2025-12-29
6832,557,126,25,2,184.52,2026-01-27
6833,377,263,82,2,588.5,2026-01-17
6834,580,297,2,10,3591.36,2026-03-31
6835,777,442,78,4,730.64,2024-10-04
6836,952,253,11,8,543.87,2026-04-22
6837,197,17,45,8,2845.15,2026-01-17
6838,930,30,74,7,1821.07,2025-04-16
6839,260,466,90,5,276.91,2024-08-30
6840,96,494,51,7,156.17,2024-11-19
6841,238,390,82,5,1398.09,2025-08-29
6842,214,123,58,9,2731.38,2025-09-25
6843,119,388,72,7,2016.95,2026-02-20
6844,414,235,60,8,3093.62,2026-06-03
6845,10,199,36,7,3021.9,2025-10-09
6846,965,489,84,4,675.51,2025-03-12
6847,466,347,82,10,4035.38,2025-12-16
6848,655,391,61,4,1698.1,2025-04-13
6849,232,91,34,4,165.65,2025-06-06
6850,767,425,93,10,3997.98,2026-06-18
6851,774,256,34,8,1439.99,2024-10-03
6852,1,155,70,6,454.97,2026-05-14
6853,880,23,76,5,2252.57,2026-06-28
6854,450,372,28,5,1782.18,2025-06-11
6855,353,199,3,2,559.75,2025-01-13
6856,167,248,7,6,2553.96,2025-09-11
6857,870,299,47,8,2442.31,2026-03-07
6858,307,412,62,10,3646.97,2025-10-19
6859,108,56,7,7,2935.37,2026-03-08
6860,590,243,51,8,3820.91,2026-02-08
6861,371,149,87,5,2214.67,2025-05-30
6862,473,77,66,6,1324.78,2025-06-14
6863,156,86,50,10,3993.19,2025-06-13
6864,520,173,35,10,1208.42,2025-11-21
6865,594,6,78,1,383.94,2026-06-14
6866,702,195,68,9,1293.79,2024-08-06
6867,12,432,56,6,2255.93,2024-08-01
6868,747,306,24,7,2571.18,2024-09-03
6869,532,68,53,7,367.4,2024-07-16
6870,640,393,57,9,2237.87,2024-10-17
6871,450,306,48,8,3579.02,2024-09-22
6872,670,106,73,8,316.98,2025-12-21
6873,417,74,49,10,4486.78,2026-01-22
6874,604,95,96,4,1034.24,2024-11-07
6875,805,44,8,8,427.87,2025-07-09
6876,367,64,17,8,3075.67,2024-11-26
6877,177,96,85,9,2759.36,2025-03-01
6878,991,462,84,1,215.3,2026-05-03
6879,168,119,25,3,473.88,2025-08-22
6880,147,111,79,4,179.62,2024-11-04
6881,259,144,49,10,4659.55,2025-02-04
6882,834,363,4,1,398.0,2024-07-29
6883,998,133,91,7,2041.76,2024-11-28
6884,3,205,79,4,1385.7,2024-08-05
6885,196,175,57,6,2004.57,2025-05-29
6886,331,399,18,9,3981.4,2026-02-28
6887,140,259,44,10,1666.5,2026-02-16
6888,855,25,5,4,1006.2,2025-03-10
6889,272,130,68,7,3034.59,2024-11-10
6890,545,246,100,9,1632.95,2025-02-04
6891,120,493,75,6,826.78,2026-04-08
6892,263,86,47,9,3563.87,2025-03-15
6893,927,74,68,6,2893.69,2025-06-22
6894,998,228,53,1,175.51,2025-09-13
6895,374,171,4,5,2429.5,2024-09-19
6896,995,488,55,8,2299.38,2024-11-06
6897,984,229,70,9,2469.75,2025-10-20
6898,185,22,30,7,232.11,2026-02-13
6899,173,63,32,10,4764.59,2026-02-26
6900,36,462,12,2,920.37,2025-07-02
6901,926,167,72,10,4850.43,2024-07-30
6902,945,107,76,7,3380.58,2024-12-06
6903,553,416,61,10,3376.8,2026-05-12
6904,496,82,67,10,2717.52,2025-05-08
6905,817,359,10,8,939.45,2026-01-01
6906,825,159,73,5,2023.45,2026-01-04
6907,178,296,15,6,2415.95,2026-04-24
6908,592,201,40,8,3676.34,2024-12-25
6909,9,121,25,5,375.65,2024-11-21
6910,519,4,61,3,840.34,2025-07-05
6911,81,360,6,1,29.31,2024-10-15
6912,320,174,88,3,818.98,2024-12-12
6913,22,76,88,2,184.06,2025-11-21
6914,672,386,1,3,1112.1,2024-09-27
6915,501,185,39,2,734.23,2026-02-22
6916,69,204,36,6,2847.69,2025-09-01
6917,141,338,90,9,2332.61,2026-01-15
6918,910,138,52,2,93.33,2026-06-23
6919,478,164,84,7,582.2,2025-09-06
6920,365,88,52,1,394.36,2024-08-15
6921,283,88,7,10,2347.12,2026-06-16
6922,408,29,62,4,1746.02,2024-10-16
6923,350,150,95,9,4104.93,2025-08-23
6924,825,97,26,9,4206.26,2025-07-28
6925,382,260,64,1,294.98,2024-11-10
6926,706,285,28,3,1359.01,2026-05-04
6927,660,6,55,7,1937.29,2026-03-27
6928,886,133,43,1,401.9,2025-02-03
6929,158,118,18,8,3914.84,2024-11-21
6930,275,380,85,7,1771.03,2025-01-01
6931,721,52,80,9,1658.48,2025-03-17
6932,374,23,93,8,186.75,2024-08-04
6933,509,312,62,2,582.88,2024-08-28
6934,133,180,10,3,99.9,2026-04-28
6935,123,435,72,10,827.34,2025-09-21
6936,739,181,17,3,851.58,2026-04-05
6937,153,497,73,4,515.54,2025-06-17
6938,852,138,74,8,3392.42,2026-03-22
6939,600,175,65,4,1527.59,2024-08-08
6940,106,176,69,3,914.48,2026-01-22
6941,831,64,10,6,2753.72,2026-01-23
6942,822,310,83,7,2970.19,2024-11-28
6943,616,85,3,8,479.8,2025-10-27
6944,959,236,39,8,1443.51,2026-05-16
6945,987,159,24,2,995.12,2025-06-13
6946,479,424,31,5,1447.09,2025-11-06
6947,395,67,45,10,2177.82,2024-09-09
6948,948,280,31,10,582.7,2026-04-13
6949,669,295,61,2,210.7,2024-09-29
6950,947,331,56,8,1064.84,2025-10-10
6951,904,385,34,8,2003.26,2024-09-10
6952,314,102,81,5,559.05,2026-01-21
6953,638,460,60,6,2596.59,2025-01-13
6954,619,499,49,9,2320.16,2025-08-11
6955,346,463,52,6,1492.47,2025-12-18
6956,531,444,87,5,634.72,2026-06-28
6957,629,469,74,1,420.76,2025-11-14
6958,232,139,69,1,386.19,2025-01-21
6959,129,151,61,1,327.54,2025-02-07
6960,985,26,81,10,4347.89,2024-11-18
6961,582,147,2,1,366.08,2026-03-07
6962,716,182,62,10,515.91,2025-09-08
6963,131,148,22,4,997.53,2024-09-14
6964,798,497,89,7,1423.33,2025-06-30
6965,268,305,20,3,241.28,2025-12-16
6966,801,307,30,1,126.0,2025-01-28
6967,87,368,35,1,305.81,2025-08-17
6968,696,171,19,1,457.94,2024-11-29
6969,967,364,15,8,1088.23,2024-12-12
6970,187,203,40,8,867.89,2025-11-11
6971,984,444,43,2,288.28,2025-12-26
6972,807,7,2,7,2060.5,2026-01-21
6973,129,471,79,2,540.84,2026-06-02
6974,338,313,68,4,497.46,2025-04-16
6975,314,84,21,5,1176.1,2026-06-11
6976,249,428,98,10,2785.78,2025-08-05
6977,701,213,89,6,1895.4,2024-10-31
6978,817,479,11,8,3184.06,2024-11-15
6979,610,11,22,6,837.69,2025-04-13
6980,935,84,95,3,681.04,2026-04-24
6981,799,121,52,5,1215.94,2026-05-21
6982,737,104,19,6,150.52,2025-12-04
6983,589,20,91,10,2901.28,2026-02-26
6984,863,233,53,1,227.52,2025-06-28
6985,661,160,39,2,870.08,2025-10-08
6986,501,128,95,3,710.32,2025-04-03
6987,675,481,7,6,1036.12,2025-07-12
6988,255,64,52,5,522.49,2025-07-03
6989,148,371,91,10,2565.0,2025-08-11
6990,454,487,47,1,372.66,2025-01-11
6991,231,319,26,5,2370.61,2025-10-23
6992,701,295,52,5,2394.3,2025-04-22
6993,328,438,28,10,292.28,2024-09-21
6994,811,353,45,10,4352.61,2025-11-10
6995,572,356,29,3,799.27,2024-12-24
6996,255,424,66,6,1435.22,2025-08-03
6997,253,11,62,2,896.26,2024-09-28
6998,255,323,87,4,612.29,2025-02-15
6999,236,217,40,4,176.91,2024-10-31
7000,157,151,98,2,851.33,2025-05-12
7001,23,325,73,8,3744.27,2025-11-02
7002,732,420,59,9,1797.01,2025-12-09
7003,236,178,6,3,139.15,2026-03-17
7004,410,25,17,6,2757.66,2026-03-09
7005,335,50,4,4,1657.28,2024-12-14
7006,375,485,46,8,2881.41,2026-06-15
7007,511,28,76,6,1658.85,2025-01-29
7008,716,27,35,5,1621.72,2026-05-06
7009,664,419,88,3,279.33,2025-03-24
7010,403,157,10,5,2371.13,2024-12-05
7011,161,191,48,2,609.98,2026-05-01
7012,239,262,5,2,166.33,2024-12-12
7013,78,301,12,8,3119.47,2025-02-17
7014,751,499,45,4,1658.81,2025-05-23
7015,761,115,94,1,187.66,2025-02-28
7016,261,477,98,5,1566.98,2024-12-29
7017,896,241,15,2,631.81,2026-05-02
7018,879,388,41,6,2112.98,2026-07-07
7019,125,458,51,6,1548.99,2025-10-26
7020,178,491,66,7,2819.74,2025-07-01
7021,420,126,3,3,1472.15,2025-02-26
7022,421,69,10,7,544.29,2026-05-12
7023,914,486,92,9,3018.82,2026-03-14
7024,135,5,100,7,937.82,2025-10-06
7025,963,38,41,1,239.94,2026-01-16
7026,57,161,78,1,158.8,2025-09-17
7027,513,415,46,9,3029.17,2025-08-28
7028,472,450,10,7,2141.37,2025-02-19
7029,221,355,55,5,555.63,2025-08-05
7030,518,22,96,1,458.19,2026-04-27
7031,46,41,37,10,382.12,2026-06-25
7032,870,26,94,7,2601.99,2024-10-21
7033,498,426,66,4,1231.8,2025-07-21
7034,101,276,77,9,2343.61,2026-01-15
7035,819,499,51,4,153.47,2025-09-10
7036,249,285,67,2,410.44,2024-07-18
7037,521,243,91,2,431.33,2025-06-29
7038,91,271,88,9,3350.27,2025-08-28
7039,954,306,6,6,2805.88,2024-08-14
7040,677,303,49,6,1927.81,2025-02-06
7041,777,286,69,6,,2025-08-23
7042,181,269,5,3,607.48,2024-12-29
7043,160,366,63,1,250.0,2025-06-02
7044,742,327,71,3,1246.74,2026-06-27
7045,967,443,38,2,686.3,2025-06-28
7046,198,235,27,8,752.66,2025-02-07
7047,19,239,67,6,1329.53,2026-04-23
7048,730,400,4,4,1476.13,2025-03-15
7049,788,205,78,9,1138.8,2024-07-25
7050,533,390,77,8,3816.83,2025-02-23
7051,584,191,14,10,3218.29,2025-07-03
7052,291,312,71,5,932.03,2025-04-05
7053,914,41,34,4,870.38,2026-06-27
7054,578,19,56,7,1755.51,2025-03-30
7055,741,214,58,7,1910.23,2026-05-25
7056,575,173,98,6,316.93,2024-07-09
7057,87,218,39,8,3589.95,2025-05-06
7058,360,343,78,6,1361.59,2025-11-15
7059,213,156,32,6,2484.56,2026-05-20
7060,939,321,84,2,523.63,2025-11-09
7061,955,76,3,8,964.51,2026-04-18
7062,542,428,45,1,84.66,2026-03-14
7063,810,110,31,7,1253.09,2026-05-31
7064,494,407,31,8,2861.46,2024-11-06
7065,102,194,64,1,344.96,2026-01-07
7066,607,401,21,9,2258.06,2026-05-28
7067,290,281,62,7,501.98,2026-04-27
7068,106,74,34,3,78.17,2026-01-22
7069,384,490,38,1,86.48,2026-01-29
7070,674,30,44,6,1045.2,2025-10-01
7071,33,260,96,5,1515.65,2024-09-14
7072,601,471,71,1,339.59,2025-12-16
7073,508,206,81,4,1170.61,2025-08-04
7074,523,245,18,8,1069.7,2024-10-22
7075,402,110,2,5,1006.02,2026-01-18
7076,791,145,32,4,1612.8,2025-01-22
7077,688,31,4,9,1129.36,2026-04-18
7078,299,115,41,1,298.53,2025-04-22
7079,634,480,29,3,945.73,2025-01-11
7080,998,366,36,1,256.02,2025-09-26
7081,582,290,83,2,460.18,2025-06-30
7082,278,212,97,7,1195.35,2024-08-09
7083,635,255,89,7,652.75,2026-04-28
7084,535,311,49,4,769.71,2026-06-29
7085,159,232,100,3,269.19,2025-02-16
7086,58,3,22,6,1939.69,2025-07-29
7087,133,115,37,3,419.73,2024-10-27
7088,762,240,58,1,198.69,2025-05-19
7089,81,338,48,2,217.07,2024-11-21
7090,45,423,34,9,2615.88,2026-05-31
7091,872,323,22,2,926.11,2025-10-16
7092,13,173,9,9,3992.67,2026-03-22
7093,45,364,70,7,1492.56,2025-01-11
7094,223,297,17,2,855.81,2025-09-21
7095,301,395,36,8,2184.46,2026-06-13
7096,35,299,72,8,2597.96,2026-05-30
7097,427,43,42,7,2826.85,2026-04-23
7098,627,166,71,3,742.03,2026-03-01
7099,160,8,19,5,826.59,2026-06-21
7100,266,356,72,3,1210.91,2025-04-19
7101,558,429,51,3,421.53,2025-04-16
7102,251,445,60,4,1470.44,2025-04-22
7103,308,188,6,4,967.09,2026-05-04
7104,858,428,15,4,1890.6,2024-08-09
7105,157,195,87,9,316.37,2024-07-29
7106,832,63,34,7,2261.16,2025-01-12
7107,255,343,74,2,620.11,2025-12-03
7108,88,13,34,7,161.51,2025-06-21
7109,807,48,65,8,3733.81,2024-12-21
7110,128,426,14,10,4199.9,2026-06-08
7111,631,65,94,10,4060.34,2026-01-30
7112,388,490,85,6,2559.36,2025-12-09
7113,312,372,63,10,886.47,2026-01-09
7114,686,398,28,7,2022.27,2025-12-28
7115,47,113,34,5,252.14,2025-07-11
7116,203,387,9,2,309.67,2025-09-15
7117,967,440,72,9,627.74,2025-02-03
7118,972,176,11,2,339.57,2025-09-13
7119,652,60,57,4,380.62,2025-08-20
7120,318,160,58,10,3408.88,2024-11-04
7121,425,1,74,1,261.12,2024-09-13
7122,827,463,50,5,2001.72,2025-01-25
7123,677,419,65,8,544.34,2025-08-31
7124,71,12,26,8,2182.02,2025-09-26
7125,827,182,98,2,292.17,2025-05-31
7126,486,65,98,7,1053.13,2025-03-05
7127,678,242,77,3,719.12,2026-06-19
7128,466,372,35,5,1997.34,2026-02-23
7129,879,480,58,1,126.79,2025-06-22
7130,643,298,79,5,719.85,2026-03-18
7131,619,483,30,9,2123.04,2025-02-14
7132,726,118,51,4,1248.24,2025-08-04
7133,191,418,81,10,1586.87,2025-08-13
7134,73,3,50,7,3377.27,2025-09-04
7135,437,389,58,1,127.59,2025-11-15
7136,67,360,83,6,793.18,2026-06-23
7137,501,474,51,9,376.44,2025-09-03
7138,857,19,11,4,248.17,2025-09-05
7139,618,208,83,1,498.3,2025-09-06
7140,806,49,22,6,970.53,2026-03-24
7141,39,199,37,6,770.48,2024-07-22
7142,452,149,67,1,49.49,2025-04-02
7143,308,449,72,7,1698.63,2026-01-16
7144,652,299,67,7,2743.66,2025-10-27
7145,259,265,9,10,1503.79,2025-05-02
7146,666,127,52,8,206.53,2025-09-08
7147,55,472,59,2,64.34,2025-01-05
7148,74,228,63,8,175.09,2024-12-07
7149,321,294,40,4,1335.38,2025-11-11
7150,207,418,5,10,1146.9,2025-01-18
7151,114,477,10,8,2186.77,2026-01-30
7152,721,389,55,8,569.41,2026-04-25
7153,285,316,4,1,496.5,2026-03-19
7154,275,147,38,3,1387.56,2025-07-30
7155,830,183,43,2,947.02,2024-11-15
7156,287,117,30,10,2229.8,2026-04-19
7157,532,156,85,4,1357.92,2025-01-16
7158,719,474,44,10,3705.97,2024-12-31
7159,235,291,14,6,2827.55,2025-03-05
7160,28,420,28,8,3140.43,2026-03-01
7161,929,1,97,4,771.57,2024-08-31
7162,712,409,75,1,169.34,2024-10-08
7163,642,207,45,10,1064.54,2026-01-28
7164,735,58,95,4,1461.13,2025-09-26
7165,852,234,31,10,2492.59,2024-12-06
7166,222,493,73,2,994.67,2025-06-25
7167,712,468,20,5,1932.04,2025-09-30
7168,735,371,20,5,1315.76,2025-03-08
7169,832,287,45,4,1602.14,2025-08-17
7170,338,497,85,9,1804.82,2026-06-01
7171,158,444,62,4,1684.34,2024-10-12
7172,680,48,34,7,1999.45,2024-12-25
7173,982,124,36,2,991.39,2024-07-13
7174,128,459,98,10,1163.64,2025-10-28
7175,400,226,5,8,3682.86,2025-07-21
7176,373,287,83,7,159.7,2025-10-21
7177,235,423,41,2,498.58,2025-12-30
7178,122,451,92,8,2492.9,2025-11-07
7179,348,13,51,2,413.04,2025-08-12
7180,193,479,48,10,2875.0,2024-07-29
7181,411,107,76,5,1043.55,2026-04-24
7182,459,8,14,9,3177.91,2025-04-11
7183,644,331,42,5,1690.29,2026-01-23
7184,868,448,30,6,1519.67,2024-07-15
7185,257,339,17,10,3643.27,2025-06-12
7186,102,371,70,8,2831.14,2024-07-13
7187,766,299,20,7,1475.71,2026-04-01
7188,619,427,84,6,1047.8,2024-07-09
7189,637,474,23,1,178.05,2025-08-06
7190,8,25,86,7,3449.3,2026-01-24
7191,816,420,15,2,792.42,2025-09-23
7192,335,218,10,1,59.92,2026-06-13
7193,600,236,25,7,376.59,2025-09-12
7194,259,496,99,9,1294.23,2024-12-31
7195,84,72,12,10,3208.64,2026-06-01
7196,689,379,72,4,82.32,2024-09-14
7197,783,99,68,9,784.5,2024-11-08
7198,385,427,74,5,1698.42,2024-07-12
7199,697,352,91,10,445.92,2026-06-05
7200,490,66,26,9,3863.65,2026-05-30
7201,271,341,34,4,221.27,2025-08-30
7202,693,456,60,9,719.43,2026-03-15
7203,423,439,47,4,1286.01,2025-01-26
7204,72,311,18,6,2206.96,2025-11-05
7205,791,272,71,3,1482.47,2025-05-27
7206,22,211,28,3,1325.45,2024-09-09
7207,408,421,37,2,545.22,2025-11-07
7208,65,327,81,2,501.46,2025-03-04
7209,160,98,53,4,1670.66,2025-01-07
7210,707,322,56,5,1934.98,2025-03-16
7211,519,97,41,10,1345.93,2024-09-18
7212,424,434,60,10,3037.06,2025-03-21
7213,857,125,19,7,1060.35,2024-08-14
7214,683,35,92,4,1580.58,2025-12-28
7215,675,92,44,10,3724.03,2026-07-04
7216,547,77,82,3,1195.29,2025-07-19
7217,934,53,23,7,2844.95,2024-10-17
7218,247,237,75,7,3123.89,2024-08-22
7219,640,291,42,5,1552.03,2025-05-13
7220,321,95,79,3,1408.25,2026-04-08
7221,265,155,88,7,2699.01,2025-07-10
7222,985,128,96,9,1382.78,2025-09-01
7223,748,278,56,7,2716.26,2026-01-08
7224,996,453,15,9,668.01,2025-09-12
7225,995,114,29,2,336.75,2024-08-11
7226,25,310,91,1,224.52,2026-01-09
7227,576,256,62,9,285.93,2025-06-27
7228,325,360,45,2,847.27,2024-09-26
7229,801,356,8,10,3439.11,2025-05-18
7230,171,400,62,7,2487.3,2025-04-13
7231,625,27,22,9,2248.89,2026-05-24
7232,705,78,3,6,1782.13,2025-04-07
7233,977,121,60,5,2390.87,2024-07-17
7234,183,454,93,3,227.37,2026-06-12
7235,24,111,19,7,1468.11,2024-10-04
7236,305,38,69,4,702.08,2025-04-17
7237,328,177,85,1,104.1,2025-04-26
7238,975,251,60,10,3029.3,2024-09-21
7239,994,470,74,4,1465.25,2026-03-11
7240,368,251,75,4,1235.16,2025-06-22
7241,70,289,83,6,2319.29,2025-09-15
7242,463,138,88,3,426.99,2025-12-13
7243,491,346,28,2,110.55,2026-05-12
7244,467,7,28,7,3376.27,2026-02-20
7245,985,182,51,9,2019.01,2026-03-31
7246,107,53,21,8,3473.33,2025-03-28
7247,299,374,21,6,2850.46,2026-01-03
7248,816,8,70,4,479.35,2024-12-01
7249,980,128,5,1,193.52,2026-05-03
7250,592,494,22,9,3201.52,2026-04-18
7251,573,72,66,5,2486.14,2025-08-04
7252,931,430,22,8,1016.98,2026-05-03
7253,484,350,92,2,77.74,2026-06-14
7254,86,88,82,9,2446.98,2026-04-07
7255,438,181,98,8,1041.39,2025-07-25
7256,153,95,1,5,1407.44,2025-07-09
7257,66,316,58,8,673.54,2024-07-26
7258,142,279,61,1,284.2,2025-03-24
7259,72,224,88,5,2091.05,2026-07-05
7260,715,221,98,3,765.68,2024-07-15
7261,335,34,21,4,1288.12,2026-01-25
7262,336,181,43,10,3710.57,2025-10-11
7263,20,10,47,2,697.05,2024-12-11
7264,118,317,39,2,71.07,2025-12-13
7265,728,66,17,9,3500.28,2025-09-10
7266,213,354,7,7,3087.1,2025-11-22
7267,11,232,18,1,120.71,2025-12-06
7268,40,79,96,3,406.5,2024-07-31
7269,723,464,25,9,1177.55,2025-05-30
7270,899,420,82,5,1738.73,2025-08-31
7271,468,170,27,5,573.98,2025-10-31
7272,446,393,74,10,750.69,2024-12-30
7273,574,16,78,3,1283.17,2024-12-20
7274,727,203,29,2,876.35,2025-05-23
7275,922,402,55,2,445.15,2025-05-14
7276,572,242,94,10,2050.43,2025-12-03
7277,212,440,1,5,122.2,2024-09-20
7278,932,130,9,5,997.16,2025-08-03
7279,447,201,34,1,206.98,2025-10-12
7280,32,352,70,10,2428.68,2025-09-01
7281,753,170,71,5,796.36,2024-08-12
7282,747,336,13,1,67.93,2024-08-17
7283,147,298,53,8,1723.71,2024-08-01
7284,601,67,38,3,802.64,2025-09-10
7285,7,163,3,2,154.25,2026-04-28
7286,418,316,74,10,4828.75,2026-01-31
7287,737,396,25,7,471.68,2026-05-22
7288,167,363,43,2,356.7,2025-07-02
7289,251,357,21,6,580.22,2025-07-20
7290,566,479,7,3,1011.35,2025-02-22
7291,562,99,59,6,1569.26,2024-07-25
7292,241,180,35,8,2602.09,2026-05-27
7293,872,366,40,1,478.23,2025-01-21
7294,179,481,44,8,3981.02,2024-10-02
7295,48,396,14,4,1223.96,2026-03-21
7296,338,398,21,2,151.18,2026-05-03
7297,703,223,24,6,1039.7,2024-11-23
7298,557,283,69,8,1870.03,2024-08-11
7299,227,43,57,3,638.69,2026-06-25
7300,20,497,31,5,1375.66,2025-01-20
7301,987,184,69,1,142.27,2025-03-30
7302,778,304,61,9,210.21,2024-10-27
7303,443,35,40,2,843.3,2025-11-29
7304,915,113,48,3,316.45,2025-07-17
7305,787,152,85,6,2883.72,2025-01-12
7306,186,24,42,6,1837.22,2026-04-29
7307,454,165,57,6,1742.97,2025-02-14
7308,874,46,14,8,2462.4,2025-10-24
7309,607,409,71,4,1587.69,2025-07-13
7310,313,389,43,4,115.18,2026-02-17
7311,147,227,33,8,1740.84,2025-10-14
7312,700,54,12,6,2329.12,2026-06-10
7313,584,457,46,7,141.89,2025-10-05
7314,934,486,5,9,2644.3,2024-11-05
7315,676,476,22,2,883.07,2026-06-24
7316,211,104,49,3,227.45,2026-03-05
7317,385,32,1,9,2750.89,2025-07-22
7318,470,222,88,9,1025.67,2025-05-23
7319,520,326,74,2,164.71,2025-09-01
7320,739,117,1,9,2714.59,2025-12-11
7321,925,55,95,8,1238.13,2024-08-13
7322,749,429,74,2,757.79,2025-06-26
7323,491,296,77,10,3824.49,2025-01-08
7324,649,465,43,3,731.82,2025-08-30
7325,935,401,29,7,3281.74,2025-02-23
7326,498,384,70,4,1080.07,2024-10-17
7327,904,425,19,9,3103.02,2026-03-31
7328,659,494,72,9,1758.94,2025-11-12
7329,525,334,14,10,2658.09,2026-01-25
7330,265,398,31,9,3519.22,2025-09-09
7331,714,125,7,10,2443.58,2024-12-05
7332,5,241,31,10,241.05,2024-11-15
7333,631,299,79,8,2415.56,2025-08-25
7334,321,237,88,5,1976.4,2025-11-06
7335,318,142,15,5,2186.92,2026-06-13
7336,596,464,22,1,236.91,2026-01-27
7337,656,395,44,7,595.07,2025-09-03
7338,305,394,58,5,1670.06,2026-04-10
7339,112,353,51,6,2981.32,2024-08-22
7340,752,133,32,1,469.61,2026-03-13
7341,942,264,27,6,1789.65,2025-08-31
7342,978,321,82,10,2675.48,2024-11-18
7343,474,416,78,10,3755.71,2026-06-25
7344,373,260,41,10,4837.41,2026-02-24
7345,229,473,87,8,2108.35,2024-07-23
7346,682,409,71,8,1426.68,2025-10-23
7347,539,159,28,2,403.28,2025-08-25
7348,501,431,89,5,1725.26,2025-08-22
7349,454,334,86,4,189.04,2025-10-06
7350,861,239,60,2,814.12,2026-02-08
7351,944,352,82,7,455.57,2024-07-11
7352,27,329,81,4,687.3,2025-08-02
7353,548,112,50,1,256.13,2024-12-30
7354,196,102,92,10,952.27,2026-03-18
7355,14,121,25,9,1569.08,2025-02-19
7356,619,175,17,7,2094.32,2025-04-14
7357,785,23,94,9,1618.69,2025-12-19
7358,784,493,18,3,382.86,2024-09-15
7359,163,235,31,7,1198.6,2026-04-19
7360,728,170,16,6,2119.74,2026-02-02
7361,160,135,77,5,1595.37,2026-04-25
7362,992,66,32,1,110.42,2026-07-07
7363,77,150,55,5,1256.97,2025-09-11
7364,35,300,32,10,1782.75,2025-04-15
7365,353,356,58,6,1024.21,2025-07-03
7366,153,19,6,1,458.36,2025-02-01
7367,258,38,25,7,521.52,2024-12-13
7368,272,480,47,7,3413.9,2024-11-28
7369,482,410,51,10,1515.65,2025-02-13
7370,111,283,73,2,775.33,2026-01-02
7371,612,48,82,4,1860.17,2025-08-22
7372,750,387,2,3,747.76,2025-02-10
7373,449,377,52,7,1231.76,2025-05-09
7374,173,446,20,2,909.88,2026-02-19
7375,672,364,81,9,2984.14,2026-03-26
7376,304,146,54,1,195.05,2025-11-19
7377,255,344,1,9,3182.29,2024-09-18
7378,332,416,44,5,990.35,2024-08-25
7379,130,497,53,10,1798.24,2026-05-27
7380,439,4,64,4,1434.93,2026-06-01
7381,552,311,87,8,2031.19,2026-04-08
7382,222,119,83,5,2315.04,2025-07-06
7383,879,99,74,3,762.95,2025-11-13
7384,695,422,53,10,496.24,2025-10-04
7385,183,356,95,1,34.03,2026-02-11
7386,387,370,85,4,848.59,2026-03-05
7387,435,456,73,3,1425.18,2025-07-08
7388,703,95,20,1,108.2,2024-09-28
7389,384,486,44,1,290.83,2026-01-18
7390,469,396,78,1,212.2,2025-11-17
7391,962,469,60,1,227.2,2025-02-20
7392,69,490,44,1,460.49,2026-03-21
7393,58,107,75,2,205.74,2026-06-05
7394,627,17,59,4,565.47,2026-01-14
7395,916,84,15,7,2153.09,2026-04-13
7396,76,283,84,7,752.6,2025-09-02
7397,774,352,30,4,1396.86,2025-02-11
7398,876,430,10,10,3726.52,2024-10-06
7399,942,194,84,10,956.25,2026-04-01
7400,3,436,44,10,904.19,2024-11-24
7401,88,82,23,4,127.79,2025-01-12
7402,57,460,72,7,281.54,2025-08-14
7403,524,120,84,3,1333.62,2025-01-06
7404,287,94,59,8,1866.77,2024-07-30
7405,636,287,42,1,171.47,2024-08-31
7406,549,456,57,8,2983.7,2024-12-07
7407,956,75,8,3,1342.56,2024-10-19
7408,163,355,85,7,790.21,2024-09-09
7409,766,381,4,9,3768.17,2025-01-12
7410,172,216,74,2,981.62,2025-06-04
7411,299,133,54,9,409.03,2025-04-13
7412,594,166,18,7,1368.67,2025-05-11
7413,14,433,73,5,1278.57,2024-10-25
7414,842,10,83,7,2890.07,2024-08-21
7415,974,136,57,7,3117.35,2024-08-11
7416,264,470,44,3,1060.48,2025-09-02
7417,223,232,71,3,580.97,2026-01-21
7418,481,254,71,8,2828.33,2024-12-12
7419,453,2,90,9,1306.96,2025-09-12
7420,326,246,60,10,1508.41,2025-06-25
7421,55,223,12,8,3137.67,2024-07-13
7422,527,257,78,3,1363.03,2025-08-01
7423,157,280,40,8,3821.42,2024-12-28
7424,63,408,77,3,634.4,2026-05-28
7425,151,458,52,3,798.22,2024-11-01
7426,775,194,33,2,719.15,2024-08-22
7427,2,175,26,2,460.04,2026-02-18
7428,529,483,55,8,446.2,2026-02-21
7429,747,368,51,1,180.65,2024-09-04
7430,814,104,10,9,2406.14,2025-08-02
7431,484,497,74,7,1410.08,2026-02-12
7432,148,239,75,6,1951.61,2025-12-03
7433,127,451,23,9,1004.72,2026-06-21
7434,702,185,31,5,420.49,2025-04-15
7435,277,43,52,6,2056.08,2024-11-01
7436,619,44,79,1,60.68,2024-12-01
7437,570,11,67,9,3121.55,2026-06-09
7438,720,61,61,8,170.61,2025-09-05
7439,799,371,88,1,352.23,2024-11-27
7440,920,53,47,7,1772.62,2026-04-07
7441,479,333,14,3,116.75,2024-09-17
7442,293,30,37,1,246.22,2025-02-03
7443,999,281,75,4,511.88,2025-05-14
7444,612,195,58,6,2228.19,2026-03-19
7445,301,212,11,3,993.29,2025-07-06
7446,69,47,5,1,177.21,2025-03-14
7447,53,347,61,10,4640.74,2025-04-29
7448,509,285,95,1,411.32,2024-11-14
7449,181,7,48,6,200.86,2024-10-20
7450,682,148,73,1,91.33,2026-07-06
7451,781,477,81,8,787.73,2026-01-07
7452,633,90,5,4,1430.39,2026-02-01
7453,691,89,80,2,51.48,2025-06-12
7454,640,405,78,8,1559.58,2025-12-23
7455,472,346,89,8,1193.08,2025-07-05
7456,889,307,55,6,1963.21,2025-08-29
7457,767,232,96,6,1833.61,2025-08-28
7458,779,86,45,5,710.57,2024-09-02
7459,695,349,79,3,612.35,2025-03-24
7460,170,29,37,5,1705.48,2026-02-26
7461,116,179,100,2,428.28,2025-05-26
7462,41,482,88,4,926.35,2025-10-17
7463,920,97,31,6,387.6,2025-01-13
7464,628,393,30,8,3759.74,2024-09-15
7465,816,385,51,8,3191.35,2025-08-10
7466,704,312,58,10,3902.94,2025-09-05
7467,762,347,49,7,1932.81,2024-12-06
7468,328,176,64,1,421.99,2026-04-23
7469,469,155,77,2,816.0,2024-09-22
7470,534,153,79,1,403.97,2024-08-18
7471,81,141,35,7,1874.47,2026-07-03
7472,528,30,28,10,3138.92,2024-07-18
7473,176,146,95,6,1569.55,2026-03-16
7474,455,131,34,1,343.44,2026-04-09
7475,633,296,72,6,197.21,2026-06-19
7476,265,192,98,7,842.58,2025-05-31
7477,998,226,95,4,689.29,2026-05-20
7478,923,60,12,10,724.55,2025-01-06
7479,531,191,89,1,457.3,2024-12-29
7480,257,211,87,2,963.67,2025-07-06
7481,625,284,86,7,3154.15,2024-11-18
7482,839,85,10,6,1837.79,2024-08-21
7483,591,211,16,4,765.37,2024-07-27
7484,54,420,85,9,3057.16,2025-08-11
7485,204,334,36,8,2937.14,2024-10-24
7486,778,21,20,9,215.92,2025-02-20
7487,429,136,20,3,1005.56,2024-12-26
7488,972,254,85,6,1894.65,2025-02-17
7489,872,170,38,3,72.46,2026-02-27
7490,843,295,67,9,3749.33,2024-09-12
7491,562,443,14,8,3698.13,2026-02-08
7492,66,438,98,10,876.35,2026-03-29
7493,700,131,78,5,1229.15,2024-07-24
7494,313,198,1,9,1389.78,2025-06-06
7495,254,479,59,5,518.81,2024-11-19
7496,561,471,33,2,502.51,2024-12-22
7497,901,93,11,8,3948.8,2024-10-22
7498,470,94,64,5,1131.47,2025-08-12
7499,829,139,45,6,1661.77,2025-03-13
7500,919,93,55,3,954.95,2024-08-25
7501,860,220,80,8,3478.81,2025-02-26
7502,634,233,76,9,2419.79,2025-12-24
7503,964,241,43,9,2446.86,2024-10-23
7504,526,133,58,5,769.07,2026-07-08
7505,242,143,1,5,2419.54,2025-08-17
7506,949,70,93,2,921.34,2026-05-09
7507,219,213,1,10,4957.4,2025-03-22
7508,446,94,90,6,2892.18,2025-04-01
7509,66,358,75,8,1438.23,2025-10-16
7510,918,128,67,4,562.24,2025-01-20
7511,157,431,36,10,330.63,2025-02-25
7512,302,246,78,9,1417.0,2024-10-27
7513,808,343,45,4,890.11,2024-10-24
7514,909,36,47,7,539.26,2026-01-04
7515,412,70,91,7,2002.73,2026-07-08
7516,246,445,8,3,1069.77,2025-08-18
7517,429,172,79,8,268.38,2025-06-02
7518,888,162,30,5,1344.3,2025-11-13
7519,135,362,17,2,403.62,2025-02-06
7520,307,124,32,8,2600.96,2024-09-15
7521,451,492,87,1,122.33,2024-08-22
7522,936,334,92,3,1224.13,2026-05-03
7523,424,326,84,8,418.84,2025-12-24
7524,468,447,46,3,469.35,2026-04-20
7525,65,410,14,7,771.86,2024-07-15
7526,215,279,90,3,960.78,2025-11-23
7527,868,96,72,1,255.94,2025-12-08
7528,818,25,51,8,2232.01,2025-04-05
7529,714,452,39,7,400.65,2025-02-23
7530,523,170,66,6,1913.04,2026-04-29
7531,363,222,42,7,1405.74,2026-06-09
7532,953,15,22,5,291.77,2025-11-21
7533,181,174,18,9,3120.46,2026-04-25
7534,937,340,67,-5,940.62,2025-05-06
7535,599,22,41,9,1826.9,2025-08-17
7536,604,473,92,10,1508.04,2025-03-20
7537,318,90,69,10,2724.67,2025-02-26
7538,710,431,69,9,4027.22,2024-08-16
7539,37,169,20,5,1177.62,2025-08-17
7540,686,113,87,1,136.42,2024-09-19
7541,554,285,59,3,1232.87,2025-07-14
7542,773,443,22,2,800.96,2025-07-15
7543,940,9,27,4,1511.92,2026-03-05
7544,536,224,38,7,3314.01,2026-01-05
7545,952,447,96,3,1194.21,2025-10-10
7546,140,219,70,8,2253.34,2025-08-17
7547,148,271,60,6,656.12,2025-02-25
7548,740,125,20,7,3438.03,2024-08-11
7549,935,248,58,1,262.79,2024-10-21
7550,276,225,11,9,1158.47,2024-08-31
7551,682,275,30,1,215.22,2024-10-15
7552,649,178,97,4,590.64,2025-01-14
7553,351,457,55,6,1503.38,2024-08-11
7554,666,67,58,3,337.74,2024-07-30
7555,786,19,8,8,2634.18,2024-09-08
7556,348,272,46,5,893.42,2026-02-26
7557,63,483,17,10,2455.12,2025-01-03
7558,652,343,17,8,1007.21,2025-10-24
7559,836,474,58,3,853.08,2025-08-21
7560,168,404,33,1,169.84,2024-12-11
7561,995,79,43,1,386.39,2025-08-13
7562,931,211,67,6,1092.72,2025-10-16
7563,718,351,29,10,3686.94,2026-06-25
7564,914,469,59,10,4019.67,2025-03-18
7565,107,213,62,1,160.72,2026-01-12
7566,978,36,47,9,2501.73,2025-02-11
7567,804,443,37,10,2222.36,2025-11-15
7568,472,120,68,7,3061.34,2025-01-03
7569,895,176,49,7,2967.13,2025-02-14
7570,988,495,36,10,248.76,2024-10-05
7571,920,136,96,9,3079.6,2024-09-25
7572,234,107,24,7,1818.19,2026-01-19
7573,73,494,89,3,957.98,2025-03-16
7574,617,170,46,3,468.13,2025-05-29
7575,707,225,4,9,2189.86,2024-07-31
7576,434,457,21,1,336.43,2024-10-21
7577,269,482,41,4,1380.59,2025-01-26
7578,694,432,36,10,4233.47,2025-08-14
7579,33,250,53,3,667.31,2024-08-25
7580,609,166,27,1,325.37,2026-01-25
7581,967,368,7,1,60.87,2026-01-16
7582,251,295,66,4,1730.15,2024-09-16
7583,248,370,65,1,353.03,2026-02-21
7584,778,193,19,8,509.89,2025-09-29
7585,365,218,71,9,1147.01,2025-12-24
7586,913,455,71,10,456.04,2024-11-22
7587,690,9,15,2,76.66,2025-02-19
7588,212,235,36,6,2477.6,2025-06-22
7589,470,11,17,4,706.07,2025-02-11
7590,524,393,59,8,2045.45,2024-11-11
7591,949,196,47,2,998.07,2024-08-01
7592,636,189,60,10,2271.17,2024-12-08
7593,303,181,64,10,3405.37,2025-08-27
7594,627,292,48,6,1756.84,2026-05-25
7595,351,166,84,6,193.2,2025-01-29
7596,397,69,73,4,1401.59,2025-11-03
7597,308,264,47,2,465.39,2025-09-30
7598,573,115,80,5,2254.17,2026-05-30
7599,707,161,17,6,2833.13,2025-02-19
7600,956,32,59,6,533.03,2025-06-23
7601,513,84,100,9,2967.43,2026-01-03
7602,321,50,9,2,418.58,2025-11-15
7603,190,48,39,10,3219.93,2025-02-16
7604,728,152,41,6,1535.31,2026-04-17
7605,210,21,86,3,146.46,2024-09-06
7606,395,392,80,3,741.96,2025-08-14
7607,27,263,94,5,1211.75,2025-11-17
7608,974,30,25,9,791.27,2024-12-22
7609,248,89,93,6,2087.62,2024-08-07
7610,756,146,37,2,794.34,2026-03-03
7611,178,299,26,1,373.66,2026-01-24
7612,660,428,3,7,924.73,2025-11-11
7613,181,409,92,10,1402.47,2026-02-14
7614,923,20,47,2,829.83,2024-12-05
7615,586,163,75,3,569.16,2026-05-05
7616,28,145,62,10,493.43,2025-09-07
7617,91,70,84,10,4582.87,2025-03-11
7618,333,155,53,4,1816.14,2026-03-06
7619,922,305,12,1,61.45,2025-09-08
7620,310,380,94,2,235.79,2025-01-01
7621,515,364,47,4,583.01,2024-08-25
7622,220,308,99,8,423.64,2026-06-11
7623,181,457,60,10,2275.55,2025-10-24
7624,90,96,64,7,1977.47,2025-12-20
7625,132,60,99,4,637.48,2026-05-10
7626,792,85,80,2,184.71,2026-03-16
7627,725,105,65,2,887.54,2026-01-22
7628,41,48,38,2,994.17,2025-04-07
7629,574,18,21,10,4324.63,2025-08-07
7630,617,26,72,10,2723.08,2024-11-28
7631,729,36,75,9,2965.21,2026-06-09
7632,310,415,47,7,2416.16,2024-09-04
7633,845,294,14,3,331.09,2025-07-30
7634,37,263,20,10,4370.53,2025-12-25
7635,197,165,51,2,683.87,2025-10-08
7636,713,106,13,9,3320.9,2026-03-06
7637,240,390,56,8,3842.95,2026-02-03
7638,308,499,92,7,1783.23,2024-11-27
7639,88,6,84,2,914.83,2026-06-09
7640,924,289,12,4,1406.3,2025-03-20
7641,519,407,98,10,752.73,2026-02-20
7642,329,417,4,8,1275.76,2026-02-20
7643,211,401,21,2,269.61,2025-12-08
7644,255,140,34,1,386.45,2026-01-07
7645,29,491,64,10,1965.82,2025-07-17
7646,532,244,99,2,285.86,2024-11-03
7647,847,367,64,7,,2025-06-28
7648,721,79,46,8,1491.53,2024-08-20
7649,78,423,49,8,743.77,2025-11-22
7650,27,428,26,4,305.93,2024-09-03
7651,516,373,10,8,3845.18,2025-04-15
7652,874,344,96,2,666.23,2026-01-18
7653,911,354,97,1,171.42,2024-08-24
7654,995,16,25,8,3909.97,2025-03-05
7655,881,396,27,10,3137.85,2025-01-21
7656,891,237,3,1,223.77,2024-08-12
7657,623,144,52,1,185.78,2025-11-20
7658,992,204,51,10,4340.78,2026-05-18
7659,733,71,99,10,1378.71,2026-06-23
7660,473,31,4,4,498.94,2026-04-01
7661,698,163,67,8,575.08,2025-11-30
7662,594,254,9,1,395.05,2026-01-25
7663,573,216,26,5,1674.31,2024-11-27
7664,306,111,4,4,430.6,2024-07-17
7665,548,399,63,7,1274.49,2026-02-10
7666,713,278,89,5,784.75,2024-10-04
7667,639,449,84,9,2564.9,2026-03-06
7668,344,308,94,3,410.5,2025-05-02
7669,505,96,19,1,423.55,2026-02-28
7670,333,468,70,9,3855.97,2025-06-07
7671,564,485,44,3,1047.69,2025-01-10
7672,892,58,28,5,954.57,2024-10-02
7673,916,295,54,10,3892.62,2025-03-14
7674,942,160,67,1,482.65,2024-08-12
7675,241,220,64,3,1180.73,2024-11-13
7676,212,281,91,9,2602.63,2025-03-07
7677,900,289,82,8,910.54,2026-02-24
7678,247,273,3,4,359.11,2025-10-01
7679,242,211,33,1,143.89,2025-01-03
7680,319,212,54,8,1558.11,2025-02-21
7681,756,246,92,5,1341.43,2025-05-30
7682,237,252,99,5,335.84,2026-04-21
7683,410,117,14,2,165.06,2026-02-08
7684,912,87,74,8,1438.4,2024-12-27
7685,39,63,34,8,2006.22,2026-05-26
7686,5,263,14,6,1598.55,2024-11-23
7687,276,130,11,2,759.32,2025-09-04
7688,558,58,91,6,1385.51,2025-11-08
7689,720,195,9,5,1807.21,2025-09-15
7690,391,61,14,2,437.51,2024-10-31
7691,32,441,26,5,1028.11,2024-12-16
7692,529,312,22,7,395.79,2024-09-09
7693,23,401,43,7,2655.01,2025-10-09
7694,646,139,49,6,1098.58,2024-12-07
7695,180,380,51,6,2740.13,2025-04-19
7696,389,260,97,9,4369.44,2024-07-16
7697,966,399,30,5,2319.76,2025-01-17
7698,274,414,4,8,1895.98,2025-04-18
7699,819,347,35,4,636.93,2025-08-19
7700,347,434,73,6,928.73,2025-01-17
7701,807,218,4,6,2062.75,2024-08-18
7702,8,436,12,1,130.82,2026-03-23
7703,424,330,18,2,616.93,2025-11-09
7704,154,490,29,3,775.02,2025-09-10
7705,602,242,35,9,1806.08,2026-05-13
7706,668,439,94,3,1054.27,2026-05-08
7707,823,107,50,8,3015.98,2026-02-22
7708,377,337,8,9,1181.18,2025-08-11
7709,696,324,58,10,1759.25,2025-06-04
7710,600,100,34,1,490.32,2024-12-12
7711,620,294,11,1,394.83,2026-04-01
7712,929,185,5,7,2434.77,2024-08-22
7713,194,211,89,9,670.33,2025-02-09
7714,772,397,3,5,2154.72,2024-12-02
7715,541,322,33,4,608.18,2025-12-30
7716,893,382,61,9,1355.08,2024-11-13
7717,708,216,23,8,290.28,2025-07-10
7718,339,365,85,8,3723.34,2024-09-12
7719,727,64,40,10,1809.84,2025-08-31
7720,364,131,37,3,915.24,2025-06-20
7721,439,295,43,10,3794.46,2026-06-01
7722,87,380,97,5,431.65,2024-11-29
7723,715,497,46,8,3395.47,2025-08-12
7724,352,87,65,7,578.25,2025-07-12
7725,115,213,96,1,484.27,2024-08-27
7726,458,105,35,2,662.43,2025-11-12
7727,679,401,37,5,1206.3,2026-06-21
7728,240,161,87,6,1805.02,2024-11-30
7729,729,109,71,2,823.47,2024-11-27
7730,433,143,94,4,1660.76,2024-07-21
7731,736,47,88,9,2798.09,2026-03-07
7732,456,7,60,1,45.45,2026-04-07
7733,106,65,88,9,4352.93,2025-06-01
7734,672,173,58,10,1562.58,2026-01-31
7735,756,379,31,7,3338.85,2025-12-13
7736,895,399,73,1,431.09,2025-11-27
7737,93,358,37,5,1442.65,2025-11-20
7738,913,327,32,3,960.74,2024-10-28
7739,793,77,70,6,2175.26,2024-09-16
7740,495,87,87,4,1308.62,2026-04-09
7741,731,184,52,9,3677.81,2026-01-26
7742,569,64,85,8,2363.31,2026-04-03
7743,142,213,42,4,172.69,2024-12-20
7744,468,487,92,7,1060.37,2024-11-12
7745,85,175,67,8,528.09,2025-04-18
7746,747,374,9,9,741.14,2025-05-22
7747,984,240,5,9,3918.12,2025-06-23
7748,285,38,93,9,3594.51,2025-02-18
7749,591,62,15,1,254.07,2024-10-14
7750,308,478,52,7,540.71,2026-06-28
7751,730,333,11,5,710.99,2026-04-30
7752,877,259,31,2,999.38,2026-01-04
7753,469,186,39,1,383.96,2026-03-26
7754,310,448,63,3,1113.29,2025-08-28
7755,833,395,86,4,1922.47,2024-10-06
7756,879,334,98,9,4142.5,2026-07-04
7757,190,124,64,6,2913.8,2025-05-19
7758,573,346,94,8,3886.68,2025-05-22
7759,58,241,72,8,1920.61,2025-05-03
7760,648,76,44,9,4013.38,2024-12-25
7761,954,49,21,4,411.36,2026-02-11
7762,745,395,72,2,760.93,2025-12-30
7763,168,387,22,1,284.29,2026-07-08
7764,995,300,8,7,1763.12,2025-01-20
7765,416,211,94,10,2163.68,2025-07-31
7766,441,185,93,1,91.23,2025-06-18
7767,221,425,74,4,1134.68,2025-07-09
7768,420,158,52,6,1443.0,2024-09-09
7769,112,394,92,9,757.14,2024-09-24
7770,194,350,96,1,417.97,2025-11-25
7771,776,384,76,8,196.96,2025-12-29
7772,831,126,63,1,234.57,2024-08-02
7773,541,324,66,9,3535.4,2025-11-16
7774,722,392,56,7,3228.0,2026-03-31
7775,38,256,97,10,1279.02,2024-12-14
7776,911,456,66,1,293.91,2025-03-04
7777,278,305,20,4,604.09,2024-11-15
7778,312,277,57,7,1792.14,2024-09-23
7779,181,316,53,7,3277.8,2026-07-05
7780,487,409,37,6,290.68,2026-06-09
7781,405,163,57,5,2048.98,2025-10-30
7782,405,185,87,3,674.98,2025-04-24
7783,613,262,21,5,315.55,2026-01-06
7784,601,139,64,9,624.8,2025-06-06
7785,4,440,6,8,2377.2,2025-10-13
7786,784,68,97,4,670.08,2024-08-23
7787,448,500,23,3,147.85,2024-10-27
7788,232,30,28,7,2194.49,2025-04-19
7789,399,340,33,3,1277.03,2026-05-20
7790,949,191,57,6,614.87,2025-12-10
7791,627,467,92,4,543.72,2026-01-11
7792,473,386,100,1,499.57,2024-09-21
7793,41,376,49,5,1961.34,2025-11-12
7794,444,264,44,4,723.22,2025-01-22
7795,279,239,52,3,992.11,2026-02-12
7796,129,176,91,8,1573.49,2025-11-22
7797,779,325,74,9,1044.46,2026-04-25
7798,64,369,46,10,4920.53,2025-11-01
7799,947,393,53,4,846.93,2026-04-04
7800,199,70,64,10,4667.38,2024-07-20
7801,265,67,20,7,914.64,2026-02-24
7802,714,205,21,9,4256.68,2025-09-14
7803,144,459,29,9,1177.39,2024-10-24
7804,191,173,97,8,2748.81,2024-08-15
7805,37,120,30,10,1197.91,2025-08-04
7806,751,358,92,8,3326.28,2026-04-24
7807,710,300,40,1,23.31,2025-01-22
7808,258,480,5,3,1003.17,2026-03-25
7809,12,137,26,4,1506.68,2025-02-07
7810,780,101,88,4,527.79,2025-07-06
7811,551,455,66,2,646.97,2024-09-01
7812,376,205,82,4,1104.08,2025-04-30
7813,662,250,71,2,162.77,2025-05-07
7814,225,226,13,1,149.3,2025-08-31
7815,728,329,81,10,2714.07,2026-01-25
7816,704,347,15,6,2287.89,2025-02-05
7817,586,338,50,8,3805.99,2025-08-21
7818,669,322,50,9,251.55,2026-06-20
7819,723,183,40,5,986.87,2025-04-13
7820,708,74,13,5,1846.98,2026-01-01
7821,714,277,29,6,1529.67,2024-11-25
7822,162,223,38,8,2543.58,2026-02-02
7823,731,75,81,1,175.14,2025-12-12
7824,993,496,78,8,921.16,2024-09-12
7825,372,316,27,7,1895.25,2025-01-08
7826,136,270,72,5,1841.99,2026-06-17
7827,586,20,29,4,1300.47,2024-10-31
7828,933,311,60,10,2392.71,2025-01-22
7829,694,109,11,9,3906.04,2024-07-20
7830,169,49,77,6,185.83,2025-02-07
7831,596,423,87,9,1796.25,2025-03-04
7832,818,186,100,7,3378.88,2025-09-20
7833,745,16,17,2,693.7,2025-12-20
7834,447,223,95,6,153.65,2024-11-23
7835,688,393,5,9,1928.68,2026-05-11
7836,229,153,64,7,2311.34,2025-10-18
7837,892,153,73,7,1722.66,2024-07-09
7838,439,127,19,10,3456.99,2025-03-10
7839,742,316,12,9,2701.04,2025-02-16
7840,343,95,40,1,130.93,2026-04-27
7841,391,87,20,3,1293.38,2026-05-16
7842,580,389,52,2,352.24,2024-08-20
7843,453,152,27,4,1822.49,2025-06-08
7844,425,117,77,10,3447.99,2024-08-15
7845,345,470,77,10,1434.42,2025-03-23
7846,570,289,45,5,117.33,2025-02-28
7847,293,213,47,6,2389.08,2026-04-15
7848,669,189,26,7,2756.42,2025-10-27
7849,526,252,28,2,491.13,2026-01-12
7850,757,437,12,1,45.72,2025-01-25
7851,754,414,60,1,337.85,2025-01-19
7852,386,114,88,4,809.93,2026-01-05
7853,400,337,60,3,565.33,2024-09-30
7854,847,96,22,4,1462.05,2026-06-08
7855,518,232,35,4,627.36,2026-06-10
7856,67,219,86,10,1226.37,2025-09-14
7857,99,298,16,7,157.1,2025-05-27
7858,310,281,67,1,309.54,2024-11-10
7859,994,373,3,7,1471.67,2025-08-07
7860,880,382,20,8,958.23,2026-02-21
7861,947,387,58,7,1180.06,2025-06-25
7862,644,354,26,9,4009.97,2025-06-24
7863,629,186,81,8,2134.14,2024-08-14
7864,442,408,8,5,319.28,2024-10-22
7865,614,102,64,10,3420.3,2024-09-25
7866,300,469,99,2,921.72,2025-10-18
7867,573,56,2,6,1958.88,2025-05-13
7868,503,418,32,5,940.17,2024-09-25
7869,985,295,39,5,1104.32,2025-08-03
7870,812,110,89,5,2294.0,2026-03-03
7871,787,282,8,4,1115.96,2025-08-05
7872,967,294,4,6,496.61,2025-01-29
7873,354,471,12,6,1240.29,2025-09-02
7874,556,410,39,9,1006.77,2024-07-15
7875,608,271,97,8,1859.36,2025-10-18
7876,456,141,32,9,2350.61,2025-01-21
7877,621,420,52,5,951.42,2024-08-01
7878,220,258,6,9,1557.7,2025-05-19
7879,332,30,20,7,670.02,2026-01-27
7880,882,293,83,4,166.55,2025-01-24
7881,400,144,51,10,4177.75,2025-05-05
7882,170,136,29,10,4771.05,2026-04-01
7883,238,184,33,5,1958.87,2026-06-21
7884,338,91,15,9,1932.63,2026-04-24
7885,703,183,50,3,1241.16,2026-04-21
7886,517,232,9,1,414.82,2024-11-16
7887,47,108,43,1,270.13,2026-06-29
7888,298,196,55,5,1107.06,2025-12-05
7889,602,411,8,1,454.26,2024-11-09
7890,266,226,36,4,995.72,2025-11-30
7891,936,299,16,8,1812.4,2024-11-04
7892,191,91,15,2,448.99,2026-03-11
7893,773,122,94,6,247.53,2024-07-27
7894,415,358,41,10,4117.51,2025-02-23
7895,419,364,65,6,1707.6,2026-06-22
7896,925,328,6,2,652.93,2026-06-28
7897,310,63,41,1,398.16,2024-09-29
7898,221,111,48,9,2781.41,2026-06-22
7899,426,366,92,3,1276.93,2025-11-15
7900,835,115,66,7,144.27,2024-08-16
7901,1,393,4,6,1029.08,2025-10-20
7902,805,438,62,3,904.01,2026-05-03
7903,12,55,4,4,1596.45,2024-10-19
7904,302,416,46,2,216.99,2025-11-19
7905,555,48,48,8,523.56,2026-04-06
7906,766,469,84,9,416.73,2024-12-09
7907,623,291,99,2,613.83,2025-10-13
7908,936,206,81,10,756.49,2024-08-21
7909,365,173,16,6,224.2,2024-08-30
7910,833,379,76,10,655.47,2025-09-08
7911,591,211,69,4,1679.96,2024-10-24
7912,444,408,85,8,472.9,2025-12-22
7913,8,275,2,8,454.92,2026-03-30
7914,152,306,27,5,1564.77,2025-01-30
7915,971,491,72,3,1141.75,2026-01-21
7916,941,467,90,6,169.75,2025-02-09
7917,86,79,76,2,616.16,2026-04-24
7918,144,39,98,4,478.47,2026-04-20
7919,362,84,18,4,616.54,2025-08-18
7920,965,441,99,1,290.02,2025-08-16
7921,54,484,28,5,199.24,2025-12-25
7922,75,480,61,8,3511.48,2026-05-23
7923,570,179,50,8,1554.75,2025-04-02
7924,262,277,1,3,1091.54,2026-06-13
7925,70,354,24,7,1482.07,2026-03-24
7926,759,68,93,7,2791.02,2025-07-17
7927,939,31,50,1,331.84,2026-01-30
7928,380,483,10,10,4983.88,2024-07-18
7929,690,48,22,7,1208.48,2024-08-22
7930,442,25,83,2,153.16,2024-09-21
7931,921,63,86,2,560.36,2025-08-18
7932,728,331,100,3,1303.41,2026-02-01
7933,630,433,78,4,1759.62,2026-02-27
7934,187,167,46,4,455.68,2026-05-20
7935,521,394,64,10,4399.12,2025-08-21
7936,139,31,55,10,3659.09,2024-11-19
7937,810,146,85,3,378.47,2026-03-11
7938,569,337,89,6,1848.09,2025-05-08
7939,867,418,14,9,3208.81,2025-06-10
7940,721,199,82,1,443.11,2025-02-20
7941,415,441,71,2,587.89,2026-04-23
7942,368,16,45,1,484.11,2024-10-29
7943,145,387,7,3,188.24,2025-06-03
7944,7,266,16,4,1601.8,2025-10-14
7945,795,53,89,7,2781.04,2026-05-06
7946,260,131,96,9,3500.69,2025-01-26
7947,898,278,90,7,2961.84,2025-04-26
7948,512,465,14,2,704.12,2026-03-28
7949,794,283,31,5,191.54,2025-01-02
7950,334,135,36,5,1119.65,2025-05-09
7951,31,420,52,10,4401.35,2025-02-06
7952,832,436,95,1,303.5,2024-08-10
7953,934,257,5,6,2506.47,2025-12-12
7954,709,484,59,7,2921.06,2026-03-03
7955,443,305,72,5,917.15,2025-11-10
7956,653,280,45,4,1393.77,2024-12-25
7957,499,133,19,10,3338.53,2025-06-05
7958,81,157,19,10,4917.45,2025-01-25
7959,298,318,46,10,3358.04,2025-02-10
7960,667,227,56,8,3730.86,2026-02-28
7961,196,346,98,3,515.32,2026-03-26
7962,416,386,50,9,1422.67,2026-01-16
7963,615,413,45,10,610.76,2025-09-25
7964,401,481,37,4,166.2,2026-01-10
7965,646,206,16,8,693.7,2025-06-16
7966,689,365,49,8,3958.64,2025-04-05
7967,929,8,18,9,1563.13,2025-07-21
7968,826,229,50,7,575.04,2026-03-19
7969,400,199,18,2,156.12,2025-01-01
7970,9,394,25,9,1903.76,2025-08-30
7971,131,139,52,5,1532.23,2026-03-10
7972,647,403,87,9,2748.22,2024-12-06
7973,48,64,51,7,1763.27,2025-06-03
7974,860,255,96,6,1210.02,2024-10-04
7975,303,23,21,8,3314.64,2025-05-13
7976,842,479,64,2,900.97,2025-01-13
7977,735,481,19,3,357.05,2024-07-24
7978,184,493,26,6,546.12,2026-05-21
7979,848,381,50,6,555.95,2025-01-29
7980,329,382,67,1,20.33,2025-04-02
7981,400,450,9,10,1682.72,2024-08-25
7982,371,490,8,8,850.25,2024-07-09
7983,9,321,47,6,2345.42,2026-03-29
7984,786,45,25,4,714.48,2026-03-19
7985,381,471,53,2,534.43,2025-01-30
7986,984,425,80,1,178.11,2025-09-09
7987,153,125,20,4,633.26,2025-02-21
7988,729,64,1,3,1104.87,2025-06-12
7989,151,472,75,10,608.95,2026-04-25
7990,911,382,29,5,2299.4,2025-04-08
7991,284,466,90,2,801.12,2026-02-13
7992,32,414,69,2,309.8,2025-07-11
7993,272,356,26,8,2126.06,2024-10-31
7994,494,303,98,8,3523.65,2026-01-28
7995,895,156,6,9,832.88,2024-10-08
7996,118,219,68,3,199.2,2026-02-06
7997,223,252,80,3,388.44,2025-07-28
7998,923,382,67,10,4354.37,2024-12-31
7999,669,8,6,2,522.16,2025-04-09
8000,883,160,21,10,2037.76,2026-01-16
8001,475,266,99,7,1295.18,2024-09-27
8002,446,416,28,10,3823.14,2026-04-08
8003,485,232,37,6,1161.47,2024-12-23
8004,428,110,99,6,2616.5,2025-07-04
8005,974,273,19,5,1305.44,2025-12-08
8006,506,422,81,4,1518.05,2026-05-30
8007,303,383,24,3,512.98,2026-06-29
8008,208,168,15,3,980.73,2024-08-11
8009,994,270,87,2,903.07,2024-10-29
8010,567,13,43,9,3451.22,2025-06-25
8011,258,173,47,1,492.75,2026-01-05
8012,540,96,66,4,1143.72,2025-03-29
8013,269,226,51,8,769.94,2025-01-09
8014,938,194,91,8,1830.97,2024-09-11
8015,554,280,64,1,275.49,2024-07-24
8016,714,424,65,5,870.29,2025-08-12
8017,682,67,8,8,463.48,2024-11-14
8018,74,351,28,8,1363.48,2024-08-28
8019,619,98,14,7,2006.3,2024-10-08
8020,727,70,51,6,2358.15,2024-12-24
8021,671,18,62,3,197.21,2024-08-05
8022,964,43,33,5,1808.49,2025-03-30
8023,651,420,16,5,627.68,2024-11-06
8024,84,143,37,1,406.53,2024-11-23
8025,808,445,77,6,529.93,2025-06-08
8026,361,363,60,7,3269.42,2025-04-12
8027,210,110,9,5,750.93,2025-06-22
8028,871,246,13,10,4019.34,2025-02-05
8029,372,117,30,2,696.18,2025-01-23
8030,805,298,58,4,1783.35,2025-05-08
8031,863,316,60,3,956.0,2025-07-24
8032,769,24,96,1,64.27,2026-05-04
8033,310,116,38,4,1600.3,2025-12-24
8034,509,187,95,5,1539.41,2026-01-24
8035,834,283,92,9,3208.39,2025-10-12
8036,752,272,68,7,2246.38,2025-10-26
8037,955,244,66,9,578.82,2026-05-08
8038,728,477,17,7,320.39,2026-05-01
8039,605,79,64,2,391.7,2025-05-27
8040,468,224,29,10,1424.61,2025-06-03
8041,925,148,75,9,731.07,2026-02-25
8042,216,110,16,1,477.24,2024-09-26
8043,235,446,78,3,301.03,2025-02-25
8044,42,476,57,6,880.43,2025-04-24
8045,212,352,16,1,159.12,2025-02-15
8046,900,378,68,5,1856.41,2025-03-10
8047,569,238,40,4,1611.31,2024-08-25
8048,880,255,33,8,1970.94,2024-11-11
8049,227,207,50,1,240.34,2026-06-08
8050,781,181,52,7,3028.35,2024-09-02
8051,991,231,49,1,21.79,2025-09-27
8052,563,437,20,3,293.36,2025-11-28
8053,186,404,88,2,870.84,2024-07-30
8054,595,425,28,9,728.9,2025-12-08
8055,982,276,22,9,1974.26,2026-01-19
8056,268,391,57,8,2293.49,2025-05-22
8057,726,405,28,3,674.39,2025-11-18
8058,871,6,39,10,1188.75,2025-09-23
8059,859,221,73,6,1974.28,2025-03-26
8060,38,461,52,3,1013.65,2024-07-12
8061,407,17,35,7,2358.05,2026-06-15
8062,238,49,24,9,1702.0,2026-04-19
8063,937,136,27,4,564.56,2025-12-01
8064,745,142,75,6,1620.63,2025-01-06
8065,990,267,85,9,575.59,2025-05-03
8066,818,222,45,5,2455.47,2025-03-06
8067,268,93,16,2,187.86,2025-12-17
8068,768,121,60,1,439.0,2026-04-13
8069,486,388,91,9,3127.14,2025-02-09
8070,728,372,29,1,167.33,2025-01-25
8071,973,271,13,7,988.13,2026-06-17
8072,745,174,75,2,701.73,2024-07-29
8073,756,420,71,6,2786.06,2024-10-02
8074,265,86,10,6,1769.42,2026-03-17
8075,588,387,26,10,1384.37,2025-01-18
8076,874,210,25,2,240.23,2024-12-05
8077,509,91,63,7,1270.49,2025-03-06
8078,533,253,61,7,1689.69,2025-07-18
8079,215,185,72,8,1565.85,2024-10-04
8080,854,398,40,7,381.59,2025-10-02
8081,610,38,75,2,506.11,2025-11-06
8082,834,285,4,6,753.77,2024-07-15
8083,819,153,23,9,2998.18,2025-09-19
8084,876,67,25,7,2783.05,2026-05-08
8085,14,348,63,4,1246.99,2026-06-23
8086,887,15,5,7,526.34,2024-08-13
8087,230,313,14,2,112.0,2025-04-12
8088,991,1,40,6,1006.89,2025-11-14
8089,204,212,33,5,540.23,2026-04-16
8090,777,39,34,8,2534.94,2024-07-13
8091,90,2,93,10,3097.8,2025-01-04
8092,100,410,50,9,4287.29,2024-07-30
8093,721,311,3,5,2081.24,2025-02-10
8094,820,338,78,5,2114.19,2026-05-02
8095,351,464,62,10,4787.46,2025-07-06
8096,945,14,49,4,1098.21,2026-04-30
8097,587,196,60,8,2514.29,2026-05-29
8098,186,19,75,4,823.24,2024-11-18
8099,821,93,98,7,537.06,2025-01-10
8100,443,157,29,4,959.49,2025-01-27
8101,522,409,50,3,142.27,2025-07-25
8102,163,459,35,10,2916.34,2026-01-31
8103,481,54,86,6,1906.9,2026-06-30
8104,699,228,80,6,1162.31,2025-02-07
8105,898,251,60,4,381.36,2026-03-24
8106,698,172,40,1,76.9,2025-11-25
8107,989,239,87,10,660.2,2024-12-27
8108,828,94,94,8,949.51,2024-11-22
8109,990,301,55,7,155.46,2024-10-25
8110,521,283,89,9,1650.23,2026-01-17
8111,704,282,54,9,3927.53,2024-09-27
8112,775,269,44,2,73.54,2025-07-25
8113,965,178,65,10,2476.56,2025-05-16
8114,491,442,76,7,3454.0,2025-05-28
8115,972,357,25,5,2090.27,2024-11-09
8116,905,255,7,7,1059.99,2026-03-04
8117,154,251,51,3,611.06,2026-01-19
8118,907,411,98,8,2686.16,2024-08-08
8119,828,447,34,6,1832.24,2025-04-03
8120,672,380,50,6,1612.54,2026-05-16
8121,839,299,82,7,2219.91,2025-12-21
8122,763,41,45,5,2433.87,2024-09-15
8123,829,378,31,6,2544.84,2026-06-03
8124,929,130,41,5,2148.81,2024-12-25
8125,133,130,4,1,364.11,2025-06-26
8126,508,87,77,6,815.05,2026-03-30
8127,280,348,96,1,288.4,2026-02-14
8128,323,450,30,9,2820.13,2025-12-25
8129,899,14,31,10,,2025-06-20
8130,358,144,71,8,3250.16,2025-10-31
8131,494,269,1,1,390.97,2026-06-25
8132,222,102,94,6,781.17,2025-01-07
8133,413,298,25,9,1786.49,2024-10-03
8134,124,127,53,3,1099.13,2026-03-01
8135,1000,380,68,10,2022.92,2024-12-30
8136,284,416,100,1,354.38,2026-03-24
8137,470,108,8,1,247.86,2026-01-17
8138,2,370,50,5,309.67,2024-12-04
8139,724,132,4,4,419.22,2025-04-10
8140,822,378,19,6,417.68,2026-04-18
8141,236,446,69,7,1352.84,2024-11-12
8142,443,106,26,8,2585.5,2025-04-28
8143,479,144,83,5,2318.86,2024-12-06
8144,808,489,51,7,1035.37,2026-03-12
8145,254,112,18,7,2645.11,2025-05-16
8146,803,293,80,8,914.81,2025-05-13
8147,344,305,19,8,1175.51,2025-01-08
8148,777,295,37,1,360.18,2024-07-28
8149,91,11,23,2,91.24,2024-07-21
8150,495,412,69,8,1835.05,2024-11-05
8151,611,168,15,2,694.78,2025-12-21
8152,531,135,76,7,1144.74,2024-09-06
8153,650,241,26,8,1986.98,2025-07-10
8154,242,442,3,9,1028.07,2024-08-01
8155,258,111,42,7,432.98,2024-12-13
8156,381,139,91,8,3470.89,2025-12-15
8157,216,438,44,8,2187.92,2026-06-07
8158,934,177,86,1,474.0,2024-12-18
8159,191,390,60,3,650.25,2025-11-28
8160,882,271,61,1,368.58,2025-11-04
8161,482,31,62,6,1366.21,2025-07-12
8162,937,359,70,2,651.05,2024-10-16
8163,615,94,31,2,943.78,2025-09-29
8164,884,112,73,7,3239.4,2025-11-28
8165,504,237,33,2,162.28,2026-05-10
8166,603,267,39,6,1842.88,2025-05-13
8167,990,107,32,2,711.89,2026-07-02
8168,513,229,2,8,1739.11,2024-11-19
8169,518,399,2,6,2760.0,2026-03-02
8170,777,23,81,8,2382.51,2025-01-26
8171,373,61,4,7,2979.27,2025-12-27
8172,508,19,59,7,1038.22,2024-10-30
8173,551,349,83,9,1065.53,2025-04-02
8174,749,138,66,5,1159.28,2026-05-18
8175,234,131,67,4,1626.62,2026-06-03
8176,444,477,43,6,1451.83,2026-01-18
8177,8,445,38,5,1756.24,2024-09-25
8178,491,95,66,5,1588.46,2025-10-13
8179,194,61,58,1,314.88,2024-10-13
8180,519,126,85,9,3934.66,2025-12-10
8181,263,126,95,7,2840.06,2025-06-07
8182,763,266,42,2,450.9,2024-09-19
8183,274,486,34,10,2612.36,2025-04-01
8184,565,288,85,5,2233.02,2025-03-02
8185,761,301,28,10,4524.8,2026-03-17
8186,191,498,81,1,115.95,2026-01-12
8187,909,191,56,1,241.36,2025-03-04
8188,845,176,20,1,425.48,2025-05-06
8189,800,28,16,7,2220.89,2025-07-22
8190,854,467,84,6,577.79,2025-10-15
8191,622,486,77,1,451.49,2024-10-21
8192,201,113,3,10,2130.59,2025-10-23
8193,170,467,32,10,4148.1,2026-03-07
8194,410,181,34,6,2567.1,2026-02-05
8195,31,226,77,1,489.67,2025-07-30
8196,362,141,8,10,763.23,2025-09-13
8197,214,474,21,3,1042.97,2025-12-06
8198,888,500,81,1,76.39,2025-08-11
8199,96,286,42,10,1914.96,2025-10-17
8200,132,103,11,1,30.56,2025-08-25
8201,40,389,89,9,784.94,2025-01-01
8202,130,414,8,7,3275.82,2025-03-25
8203,128,401,89,5,1368.03,2026-01-12
8204,932,496,8,1,291.98,2026-03-20
8205,295,363,58,6,976.29,2024-07-11
8206,368,228,97,4,1837.22,2024-09-11
8207,907,105,76,8,2464.01,2025-01-02
8208,154,139,92,9,4245.86,2026-07-04
8209,336,122,68,6,1957.68,2025-06-23
8210,87,275,21,2,399.76,2025-08-24
8211,695,97,98,8,718.1,2025-06-29
8212,448,478,36,9,3939.87,2024-07-18
8213,889,490,13,3,905.11,2025-03-21
8214,892,186,47,9,1663.04,2026-06-07
8215,793,271,68,8,2792.55,2025-04-23
8216,347,303,6,2,363.08,2025-05-17
8217,526,64,74,4,182.98,2024-10-23
8218,873,426,80,7,2585.85,2025-05-22
8219,269,380,65,6,2553.5,2026-02-25
8220,692,410,44,8,1648.69,2025-03-27
8221,781,151,66,1,415.79,2024-11-01
8222,758,59,92,9,1397.05,2024-11-30
8223,523,293,18,6,2242.83,2026-06-16
8224,729,149,6,5,791.46,2025-02-02
8225,28,228,53,4,1841.5,2025-02-11
8226,355,402,46,10,4665.35,2025-01-11
8227,793,479,27,10,3549.29,2024-10-26
8228,521,262,10,6,2599.52,2026-02-12
8229,729,69,85,1,263.74,2024-12-23
8230,795,169,39,3,703.16,2024-09-29
8231,463,322,64,8,3107.73,2025-04-05
8232,589,448,24,8,1202.6,2025-11-15
8233,726,61,17,6,937.55,2024-11-10
8234,152,436,37,4,1067.48,2024-12-10
8235,255,248,77,10,4098.72,2025-04-02
8236,18,253,8,8,2524.27,2025-08-27
8237,915,187,77,5,2198.0,2026-05-16
8238,318,292,89,5,1413.81,2025-06-15
8239,272,473,93,7,1691.8,2026-04-19
8240,136,102,87,2,458.92,2025-08-11
8241,432,338,63,10,1836.41,2025-12-26
8242,373,301,29,2,187.88,2025-07-22
8243,953,87,100,6,2716.72,2025-09-24
8244,270,320,94,8,1814.76,2026-01-20
8245,127,401,20,1,200.29,2026-05-07
8246,696,248,51,3,766.78,2025-12-26
8247,65,483,37,6,688.35,2025-05-20
8248,711,322,26,6,2851.49,2025-12-19
8249,929,476,82,5,347.73,2025-07-27
8250,290,492,47,1,46.82,2026-05-07
8251,810,149,46,6,1720.37,2025-04-07
8252,345,455,47,6,1912.76,2026-03-17
8253,982,63,55,7,2832.77,2026-06-16
8254,680,110,27,9,4311.27,2025-09-21
8255,951,337,62,6,2407.68,2024-11-13
8256,56,287,79,7,1533.6,2026-04-12
8257,309,412,96,6,2304.85,2025-08-01
8258,515,214,98,10,639.96,2025-05-07
8259,82,243,12,1,160.98,2026-03-24
8260,697,242,72,6,2742.87,2024-07-31
8261,96,321,92,6,,2025-04-18
8262,238,115,51,10,2392.6,2024-07-28
8263,48,399,79,9,1837.65,2024-11-11
8264,685,349,54,4,1751.05,2025-04-25
8265,979,494,67,1,271.29,2026-03-31
8266,662,348,4,9,2540.11,2024-07-28
8267,381,405,98,2,72.08,2024-08-05
8268,81,48,14,9,1030.62,2025-08-06
8269,178,23,21,6,2542.71,2025-01-31
8270,34,313,91,7,1097.72,2024-11-22
8271,752,122,91,4,1397.07,2025-01-27
8272,444,125,64,4,1885.63,2025-01-08
8273,932,2,86,10,404.31,2026-03-28
8274,652,230,67,4,1123.22,2024-08-16
8275,975,33,72,3,1418.84,2026-01-17
8276,541,153,37,9,2836.53,2024-09-12
8277,771,388,53,8,2155.78,2025-11-22
8278,255,383,35,8,1819.94,2025-09-10
8279,557,120,39,3,1124.37,2025-01-26
8280,191,151,24,9,3201.23,2024-10-07
8281,493,143,20,7,1601.48,2026-02-08
8282,869,16,33,7,1171.37,2026-03-13
8283,199,393,88,8,2649.26,2025-12-02
8284,614,421,56,3,1156.74,2025-05-14
8285,609,402,84,7,945.12,2025-03-09
8286,700,355,71,6,1612.66,2025-01-23
8287,876,155,35,8,1863.53,2026-06-17
8288,319,199,68,10,2919.1,2026-03-10
8289,314,478,33,8,2708.81,2025-04-28
8290,223,407,73,7,2879.9,2024-10-29
8291,256,48,42,10,3575.06,2025-05-25
8292,414,160,84,6,2447.29,2026-06-12
8293,286,6,20,3,342.22,2026-03-10
8294,598,389,2,7,2801.92,2026-01-16
8295,825,193,35,9,4235.37,2025-03-12
8296,429,342,67,10,2065.28,2025-08-05
8297,125,339,69,2,960.39,2025-02-21
8298,591,401,19,3,1269.29,2025-09-01
8299,666,323,83,4,1356.78,2025-07-31
8300,574,252,18,3,443.46,2025-05-21
8301,232,240,27,3,1360.77,2025-10-07
8302,572,397,35,4,1013.06,2024-11-19
8303,692,365,9,1,491.0,2025-12-30
8304,504,471,39,4,1068.19,2024-11-13
8305,508,257,32,9,4343.02,2025-04-14
8306,807,169,42,1,465.56,2026-04-01
8307,820,468,42,10,2048.2,2025-02-26
8308,668,420,86,8,2704.35,2026-04-27
8309,472,258,50,6,2497.94,2025-10-07
8310,56,454,46,9,3104.65,2024-09-06
8311,753,68,51,6,313.26,2025-07-29
8312,268,328,33,8,2662.37,2026-07-05
8313,992,213,29,10,1467.04,2025-01-04
8314,377,211,14,3,732.32,2025-10-06
8315,364,99,33,5,2409.11,2025-04-13
8316,63,150,20,5,526.17,2025-12-24
8317,523,221,57,2,981.46,2024-09-03
8318,103,444,48,5,1194.19,2025-05-31
8319,334,43,81,3,133.02,2026-03-18
8320,995,271,45,10,644.9,2024-09-16
8321,419,192,81,1,406.14,2024-12-16
8322,325,451,71,2,266.02,2026-06-14
8323,90,321,34,6,263.03,2025-02-04
8324,853,96,91,4,1831.89,2024-09-30
8325,952,244,55,10,2603.38,2025-05-10
8326,210,96,63,7,2526.33,2026-04-05
8327,49,400,36,10,3520.83,2025-09-11
8328,562,50,1,3,358.38,2025-10-03
8329,762,410,65,7,276.27,2024-07-29
8330,755,422,63,10,4858.61,2025-06-10
8331,155,65,78,1,38.32,2024-07-14
8332,358,236,84,2,547.6,2024-08-02
8333,786,209,47,5,1492.91,2025-07-07
8334,342,434,17,10,3073.27,2026-03-02
8335,185,180,79,8,232.75,2025-04-27
8336,981,58,38,10,2260.23,2025-02-21
8337,516,421,25,4,687.74,2025-09-12
8338,889,4,81,1,169.81,2026-01-30
8339,919,380,93,8,1999.88,2024-10-19
8340,42,220,10,6,475.69,2024-09-05
8341,157,460,18,1,305.76,2025-02-10
8342,602,234,37,2,425.4,2024-09-20
8343,206,422,59,6,2434.3,2025-07-14
8344,458,123,20,2,311.22,2025-01-18
8345,85,313,17,1,156.04,2025-08-23
8346,820,45,23,8,1242.89,2026-06-29
8347,360,204,6,7,1567.95,2025-05-17
8348,412,45,53,3,379.2,2025-04-26
8349,23,215,98,6,1098.49,2026-05-24
8350,334,170,44,3,420.79,2025-08-25
8351,963,72,7,3,666.22,2025-02-20
8352,914,243,96,4,857.95,2026-01-12
8353,742,161,15,1,89.11,2025-01-06
8354,984,183,96,1,23.7,2025-01-16
8355,43,219,75,7,1987.53,2025-11-22
8356,980,39,99,1,173.22,2025-09-22
8357,86,358,67,2,972.61,2026-02-09
8358,465,446,89,2,855.42,2024-07-12
8359,185,498,31,10,1172.53,2024-09-18
8360,193,295,30,6,2422.38,2025-08-31
8361,886,190,35,4,112.06,2026-05-07
8362,597,359,41,9,1397.7,2025-01-30
8363,429,170,61,2,876.04,2026-02-10
8364,596,152,25,1,450.26,2025-11-14
8365,724,271,30,3,1299.39,2025-08-16
8366,181,203,88,1,90.99,2024-07-19
8367,542,402,43,5,1089.44,2024-07-24
8368,588,13,19,6,2248.94,2026-04-14
8369,877,397,84,1,166.2,2026-07-01
8370,313,279,65,2,350.07,2024-09-15
8371,101,26,78,1,393.95,2026-04-20
8372,401,397,47,4,445.49,2025-06-29
8373,427,104,98,4,510.6,2025-10-15
8374,494,363,99,4,92.51,2025-04-09
8375,199,239,90,6,2135.72,2026-02-08
8376,840,277,37,1,21.39,2024-09-27
8377,270,120,58,2,429.4,2026-05-31
8378,663,76,13,8,286.74,2025-12-25
8379,990,383,35,8,201.18,2026-04-05
8380,839,95,44,8,396.11,2025-06-10
8381,921,349,29,10,1014.16,2026-04-05
8382,643,420,73,4,1847.22,2025-10-20
8383,658,431,70,8,515.33,2025-08-13
8384,112,233,49,6,1216.36,2024-09-05
8385,38,182,78,10,2333.36,2025-10-14
8386,758,122,89,2,513.84,2025-12-03
8387,782,360,9,10,1347.1,2024-07-20
8388,739,186,76,1,349.1,2026-02-08
8389,622,394,71,2,783.47,2026-03-15
8390,667,38,63,4,554.91,2025-06-03
8391,911,193,37,10,1217.04,2026-01-03
8392,617,366,33,8,267.25,2024-07-18
8393,359,361,92,5,203.58,2025-06-08
8394,891,182,20,5,2327.38,2024-09-07
8395,954,431,48,6,1764.29,2026-04-15
8396,510,437,49,8,242.38,2024-08-22
8397,268,201,24,6,139.31,2026-04-06
8398,902,332,42,1,245.11,2026-05-08
8399,965,370,24,7,634.61,2024-11-08
8400,678,420,21,8,584.93,2025-07-03
8401,132,478,81,7,227.59,2025-09-16
8402,839,492,9,7,2786.46,2026-05-14
8403,525,441,3,2,578.67,2024-08-27
8404,621,454,29,2,65.33,2025-09-30
8405,602,333,9,7,2957.15,2025-07-19
8406,586,2,72,10,1536.02,2025-12-20
8407,51,26,26,2,667.53,2024-11-15
8408,416,342,22,3,779.42,2026-03-13
8409,952,433,86,9,284.21,2025-11-17
8410,844,252,64,9,2175.12,2026-05-20
8411,688,302,60,1,60.62,2025-03-11
8412,519,67,13,3,1064.63,2026-03-14
8413,438,332,84,2,580.64,2025-02-22
8414,314,223,4,10,4562.05,2025-08-24
8415,651,163,77,8,1886.46,2025-10-15
8416,818,289,88,6,1244.19,2025-05-07
8417,838,86,20,2,990.87,2026-02-15
8418,836,462,16,1,189.97,2025-12-31
8419,246,439,94,4,787.32,2025-07-08
8420,679,236,37,10,4682.0,2025-06-08
8421,625,90,46,9,3560.12,2025-04-12
8422,366,55,55,1,43.38,2026-04-28
8423,901,415,93,8,3028.51,2025-09-18
8424,485,97,47,9,1977.4,2025-10-07
8425,134,375,15,9,701.2,2026-01-31
8426,269,261,58,8,2951.44,2025-02-02
8427,622,123,48,5,1297.9,2025-08-15
8428,683,348,43,10,4656.84,2024-08-12
8429,550,121,48,9,1505.79,2025-10-20
8430,605,241,97,7,2170.82,2025-10-08
8431,149,396,5,2,210.35,2025-11-05
8432,64,357,49,2,627.17,2025-09-26
8433,592,64,20,5,1121.89,2024-09-23
8434,115,296,12,7,2861.12,2025-07-22
8435,600,295,25,10,2217.1,2026-06-29
8436,695,20,28,4,789.56,2025-05-06
8437,569,245,72,2,275.5,2025-12-07
8438,657,202,68,4,156.04,2025-01-22
8439,756,371,62,3,802.46,2025-11-06
8440,338,432,43,6,788.57,2025-08-09
8441,176,28,18,3,669.88,2025-08-15
8442,795,282,63,10,3442.58,2024-11-11
8443,127,59,24,5,1252.13,2025-07-13
8444,606,438,86,9,861.02,2024-09-03
8445,764,189,16,10,1145.45,2025-03-12
8446,997,85,17,8,1046.11,2026-01-29
8447,85,226,83,3,893.77,2026-03-21
8448,344,464,2,8,2121.02,2025-03-13
8449,284,352,93,4,1169.9,2025-01-07
8450,777,330,83,8,1594.32,2024-09-18
8451,989,247,89,1,171.81,2025-02-17
8452,800,433,73,8,2943.12,2025-06-02
8453,209,38,17,2,480.33,2025-06-24
8454,657,164,27,5,608.04,2026-02-16
8455,948,357,10,6,833.19,2025-02-27
8456,507,181,5,2,702.34,2024-09-29
8457,992,236,21,10,875.47,2025-06-28
8458,528,18,94,1,317.07,2026-02-07
8459,719,438,48,4,810.63,2026-04-24
8460,428,96,79,8,2631.62,2024-12-30
8461,591,52,53,5,572.99,2026-02-09
8462,847,405,59,9,1811.09,2025-12-17
8463,550,162,42,1,407.16,2025-08-01
8464,778,140,30,1,211.87,2024-09-11
8465,280,137,14,10,3287.44,2025-09-01
8466,70,9,39,1,397.21,2026-03-12
8467,799,384,76,3,1295.67,2025-02-08
8468,198,179,36,8,1160.1,2025-08-31
8469,943,491,1,10,921.22,2025-11-17
8470,819,37,65,2,856.77,2025-07-11
8471,630,213,79,9,3969.9,2024-12-22
8472,220,492,20,10,3279.21,2025-09-29
8473,460,498,42,10,1378.02,2025-12-24
8474,816,258,82,4,1095.05,2026-06-09
8475,333,367,64,2,136.72,2025-06-06
8476,307,235,48,1,430.44,2025-11-03
8477,95,446,53,7,318.79,2026-04-20
8478,900,352,21,5,2119.75,2025-07-30
8479,853,482,43,7,769.58,2024-07-22
8480,167,2,23,6,937.44,2025-12-11
8481,350,364,33,2,837.31,2024-12-23
8482,713,87,19,7,2233.22,2025-07-07
8483,5,251,11,4,1173.66,2025-08-26
8484,303,118,36,8,1105.1,2026-01-28
8485,64,471,80,7,1426.96,2024-08-14
8486,266,242,88,6,2519.62,2024-08-21
8487,52,214,7,1,365.96,2025-06-24
8488,539,437,10,4,1858.57,2024-12-05
8489,793,184,14,1,231.92,2025-01-28
8490,137,39,34,7,778.02,2025-06-01
8491,1,468,22,2,750.6,2025-01-27
8492,110,250,44,3,479.13,2025-07-25
8493,527,22,78,7,366.38,2025-11-18
8494,681,425,11,6,1376.03,2026-04-18
8495,930,172,35,9,3341.95,2025-06-12
8496,691,101,56,2,224.08,2026-02-11
8497,823,7,18,7,1348.45,2025-06-16
8498,963,306,9,9,1651.15,2026-01-04
8499,714,389,41,6,2725.8,2024-12-31
8500,663,314,13,9,683.59,2026-05-28
8501,562,88,73,6,2213.84,2025-08-25
8502,182,378,39,1,357.87,2025-05-20
8503,88,417,75,10,1055.75,2026-04-30
8504,106,334,37,2,657.4,2024-10-18
8505,933,312,35,3,881.42,2025-07-21
8506,113,146,1,9,667.74,2025-04-29
8507,526,493,47,2,247.74,2024-09-05
8508,596,98,75,7,3168.3,2025-06-07
8509,173,212,42,2,313.13,2025-02-01
8510,124,425,21,3,68.24,2024-11-12
8511,310,456,6,1,71.87,2026-01-16
8512,924,260,83,3,134.36,2024-10-16
8513,447,317,65,5,1784.42,2025-08-02
8514,401,207,47,9,4328.74,2025-06-03
8515,76,354,70,10,1627.02,2026-02-03
8516,963,410,77,3,727.23,2025-05-26
8517,395,235,86,2,277.4,2025-11-17
8518,975,53,54,6,2854.34,2025-06-30
8519,711,328,74,5,2395.82,2025-01-27
8520,990,161,25,2,996.3,2026-02-16
8521,574,336,4,3,1095.83,2025-12-26
8522,64,265,41,2,134.44,2025-12-31
8523,368,207,69,3,373.53,2024-10-25
8524,242,149,24,3,1337.58,2024-08-02
8525,733,499,2,9,1263.05,2025-05-07
8526,744,449,95,3,272.47,2025-08-31
8527,966,202,62,5,1046.89,2025-06-26
8528,800,81,2,2,644.54,2024-11-28
8529,960,428,97,3,510.91,2025-03-05
8530,550,218,57,5,481.42,2024-07-21
8531,486,198,4,1,410.5,2025-08-20
8532,634,471,94,5,1954.62,2025-09-12
8533,650,479,85,4,1331.48,2026-03-03
8534,506,328,91,10,3806.21,2024-10-06
8535,932,241,39,7,2519.98,2024-07-27
8536,718,449,64,1,486.24,2025-01-20
8537,77,21,58,8,3474.91,2025-12-01
8538,300,432,89,6,634.02,2026-01-13
8539,853,112,90,1,29.82,2025-07-16
8540,380,438,10,1,443.59,2024-11-07
8541,834,412,97,1,350.2,2024-08-28
8542,505,495,19,10,3630.49,2025-11-24
8543,824,500,18,5,2015.87,2025-07-17
8544,443,178,38,6,916.35,2026-06-08
8545,831,342,69,2,459.39,2025-10-26
8546,608,92,63,10,3420.38,2025-06-03
8547,977,386,91,7,2668.25,2026-04-06
8548,327,359,24,4,1195.39,2025-11-18
8549,106,413,71,4,1146.66,2025-01-20
8550,524,296,25,3,1204.85,2026-06-03
8551,994,344,81,7,2317.63,2025-12-12
8552,471,282,84,3,1178.98,2026-04-30
8553,490,453,95,7,1873.67,2024-08-12
8554,667,449,30,1,151.61,2025-09-25
8555,468,396,84,6,2722.91,2025-12-28
8556,629,309,48,4,231.82,2025-04-28
8557,841,42,93,10,1329.27,2024-10-14
8558,608,96,87,7,,2025-11-10
8559,327,128,40,2,664.77,2026-03-14
8560,355,4,61,8,2924.47,2026-06-14
8561,384,4,93,1,257.9,2025-02-02
8562,793,463,39,9,2562.82,2025-12-07
8563,592,313,79,10,1556.25,2024-09-30
8564,355,234,49,7,804.67,2025-01-24
8565,982,213,17,9,1977.76,2025-05-06
8566,957,6,42,2,268.17,2024-12-24
8567,626,400,33,10,1920.33,2026-01-18
8568,368,143,96,9,1387.33,2026-04-11
8569,380,299,43,3,294.55,2026-03-25
8570,837,434,25,6,410.37,2026-02-24
8571,628,35,45,1,376.4,2025-09-25
8572,424,107,85,5,331.04,2024-08-15
8573,766,361,13,6,436.03,2024-08-11
8574,510,159,44,1,306.39,2025-03-16
8575,882,414,55,2,685.62,2024-12-20
8576,365,376,78,4,851.65,2025-12-11
8577,344,376,4,1,472.54,2025-08-08
8578,244,255,19,5,255.73,2025-10-11
8579,138,215,90,3,401.65,2025-09-09
8580,806,415,60,8,3398.19,2025-05-18
8581,204,453,87,1,496.66,2026-06-25
8582,846,280,15,3,371.73,2025-10-11
8583,452,33,68,3,802.97,2025-11-28
8584,584,385,30,10,3338.44,2024-12-10
8585,315,346,57,6,2840.26,2025-03-23
8586,978,421,16,6,2646.7,2024-07-27
8587,452,384,41,2,907.03,2025-06-14
8588,776,439,64,10,2230.94,2024-09-18
8589,314,311,27,4,215.03,2026-01-10
8590,108,460,3,4,1981.82,2026-04-26
8591,166,499,31,9,2356.71,2026-04-25
8592,750,393,43,1,411.88,2024-09-03
8593,690,426,4,10,4465.38,2025-08-14
8594,951,273,13,1,132.74,2026-05-09
8595,250,361,54,9,3641.04,2025-11-04
8596,382,367,12,5,1413.14,2026-03-03
8597,133,35,65,1,460.49,2025-04-16
8598,724,130,4,3,498.55,2026-01-16
8599,47,69,67,9,556.89,2025-09-22
8600,65,218,82,5,2434.04,2024-12-23
8601,457,329,81,9,2212.91,2025-12-20
8602,66,145,73,4,432.74,2026-06-12
8603,883,469,2,10,2954.92,2025-08-06
8604,986,11,36,4,1356.3,2025-04-23
8605,681,254,33,4,1316.92,2024-07-17
8606,315,157,17,4,1470.53,2026-06-20
8607,370,34,6,2,81.65,2026-02-21
8608,405,1,9,1,161.23,2026-06-12
8609,114,103,16,1,321.92,2024-12-29
8610,342,492,96,4,725.56,2025-01-21
8611,137,25,93,8,2353.5,2025-12-05
8612,151,351,88,8,3077.78,2024-09-27
8613,612,492,46,3,1037.78,2024-07-27
8614,710,238,17,7,2676.87,2026-06-17
8615,814,400,10,2,509.56,2026-02-06
8616,615,457,98,9,3639.19,2026-02-04
8617,568,255,92,9,4244.88,2025-02-25
8618,843,233,63,9,4094.88,2025-03-31
8619,449,470,48,7,1739.77,2024-11-29
8620,492,238,85,2,249.03,2025-08-02
8621,219,311,69,2,163.64,2026-03-06
8622,588,115,79,2,551.71,2025-07-19
8623,820,83,6,8,2629.98,2025-05-13
8624,231,20,36,5,1316.03,2025-03-10
8625,259,164,44,6,456.7,2025-08-29
8626,523,414,11,9,1950.72,2025-05-09
8627,229,144,15,8,3340.67,2025-06-14
8628,703,16,64,9,2579.85,2026-02-28
8629,798,160,94,10,3355.14,2025-11-21
8630,649,408,14,1,139.03,2025-09-02
8631,825,164,66,6,2643.95,2026-03-23
8632,929,292,14,6,1905.07,2024-10-18
8633,245,339,51,9,2934.26,2025-03-14
8634,923,143,40,3,107.47,2024-10-29
8635,242,299,24,10,1117.82,2024-10-06
8636,578,162,33,8,471.62,2024-08-29
8637,234,265,41,1,472.71,2026-05-13
8638,9,72,7,7,3151.92,2025-05-30
8639,77,394,46,8,3859.97,2025-09-13
8640,673,143,24,4,960.58,2025-08-14
8641,355,184,88,1,349.66,2024-08-28
8642,774,113,87,6,2190.69,2025-02-27
8643,960,389,5,6,888.9,2025-06-13
8644,941,265,91,8,3073.96,2025-12-14
8645,467,240,90,10,3452.15,2025-08-14
8646,551,498,76,9,3957.96,2025-05-03
8647,920,374,18,3,987.86,2025-11-01
8648,33,380,5,2,771.79,2025-02-24
8649,696,342,2,8,3153.76,2024-09-29
8650,775,317,40,5,151.99,2026-03-10
8651,70,64,23,8,3077.69,2026-02-06
8652,705,228,47,5,1066.08,2025-11-01
8653,16,457,36,8,2223.67,2024-12-29
8654,24,488,89,2,944.91,2024-10-16
8655,419,248,11,5,1424.68,2024-07-24
8656,974,140,20,9,1987.65,2026-03-02
8657,300,154,64,7,563.64,2025-12-22
8658,577,281,54,1,353.94,2025-03-15
8659,825,9,16,8,475.51,2025-05-06
8660,798,8,30,9,2180.96,2024-12-02
8661,475,398,7,4,381.5,2026-07-07
8662,230,403,97,5,1683.07,2025-03-12
8663,138,158,49,1,242.52,2025-10-20
8664,580,315,62,7,2736.2,2024-11-15
8665,831,348,8,5,1541.73,2026-06-13
8666,59,134,30,4,1307.05,2025-01-27
8667,823,238,57,9,4424.88,2025-05-07
8668,759,257,76,10,3055.05,2024-09-27
8669,414,431,74,10,885.11,2025-10-22
8670,23,145,68,3,468.43,2026-05-25
8671,958,349,25,2,141.07,2026-03-16
8672,437,394,37,1,64.76,2025-12-03
8673,86,417,34,4,340.93,2025-04-13
8674,836,191,13,6,2105.3,2025-08-07
8675,171,238,48,9,3580.45,2025-09-20
8676,837,244,8,-5,587.23,2026-01-14
8677,248,463,98,1,137.95,2024-11-07
8678,747,432,20,8,1199.92,2025-10-29
8679,826,350,61,6,2678.3,2024-07-10
8680,833,407,89,5,168.0,2025-01-03
8681,142,162,12,6,724.76,2025-11-23
8682,75,421,44,3,355.93,2025-09-07
8683,69,59,76,5,362.13,2025-06-09
8684,29,195,2,1,327.24,2025-05-20
8685,755,206,84,8,553.45,2025-04-30
8686,803,17,47,10,1178.73,2026-04-06
8687,692,159,34,3,314.21,2026-05-06
8688,435,402,57,3,991.29,2025-07-30
8689,375,418,26,4,1516.66,2026-04-25
8690,140,162,100,9,1327.02,2026-04-10
8691,853,210,14,7,542.93,2024-11-08
8692,637,293,92,6,2044.06,2025-02-23
8693,753,73,53,10,1693.2,2026-04-06
8694,872,424,43,2,552.58,2026-01-15
8695,782,397,41,6,723.8,2025-07-14
8696,412,272,17,9,4375.7,2026-06-23
8697,547,55,35,10,1969.97,2025-05-10
8698,873,337,40,10,2986.54,2025-03-02
8699,197,69,25,1,107.83,2025-06-23
8700,608,118,45,6,1718.86,2026-04-12
8701,212,486,86,9,421.76,2024-09-01
8702,176,261,67,6,2642.58,2025-09-28
8703,949,413,64,1,181.31,2025-01-01
8704,510,367,86,6,251.24,2026-04-26
8705,703,452,81,9,560.29,2024-10-05
8706,370,133,38,8,3263.85,2025-12-23
8707,288,361,90,3,575.71,2026-06-15
8708,495,130,37,8,2050.59,2025-01-11
8709,271,407,76,5,1457.19,2026-02-11
8710,438,145,7,4,145.13,2026-07-02
8711,396,291,69,1,228.69,2025-02-11
8712,400,153,70,9,4171.37,2025-03-10
8713,760,344,59,7,563.04,2024-12-21
8714,822,107,64,6,2441.93,2024-12-04
8715,805,454,72,8,2439.78,2024-09-06
8716,887,149,84,6,2721.25,2025-06-18
8717,104,72,16,7,209.54,2025-06-27
8718,261,13,60,1,445.26,2025-05-17
8719,260,415,46,3,1297.98,2025-04-12
8720,45,48,97,4,1237.86,2026-04-14
8721,854,315,29,7,343.1,2025-05-05
8722,762,130,60,3,1273.07,2025-03-21
8723,147,204,18,1,231.37,2025-06-03
8724,915,407,14,6,2045.08,2025-05-09
8725,128,352,51,8,1299.13,2025-07-31
8726,381,31,84,1,124.45,2024-10-12
8727,710,398,75,4,1519.08,2025-12-30
8728,650,306,66,5,691.66,2024-08-23
8729,274,481,20,9,1297.4,2024-08-29
8730,367,80,88,8,2298.15,2025-02-06
8731,806,436,64,4,900.57,2026-01-24
8732,584,213,93,10,4569.57,2024-11-18
8733,818,157,78,5,906.7,2026-01-29
8734,363,432,59,6,2168.41,2025-08-08
8735,178,230,93,9,3963.66,2025-07-19
8736,505,364,37,4,1473.24,2024-11-25
8737,110,271,30,3,692.81,2026-05-14
8738,955,350,36,3,1284.01,2025-08-29
8739,615,495,27,1,97.47,2025-08-14
8740,937,67,61,7,3037.99,2024-12-18
8741,419,471,35,7,483.94,2025-07-26
8742,284,21,36,1,387.89,2025-11-16
8743,376,51,11,7,1270.16,2025-03-23
8744,237,259,11,3,855.5,2025-06-24
8745,359,4,18,2,966.23,2025-04-07
8746,618,83,5,3,825.93,2025-08-12
8747,299,348,82,8,3135.79,2024-09-21
8748,174,407,68,6,1812.47,2025-01-07
8749,954,461,54,3,696.99,2026-05-13
8750,280,94,27,8,2009.03,2025-11-19
8751,716,136,28,10,1208.94,2024-11-25
8752,902,234,25,4,1654.25,2025-06-08
8753,533,494,28,3,1090.25,2026-04-11
8754,765,297,24,10,2207.51,2024-11-25
8755,353,62,6,2,831.88,2025-04-05
8756,2,251,57,1,86.22,2025-11-03
8757,199,458,81,3,157.51,2025-02-02
8758,714,268,50,5,2389.02,2025-10-04
8759,392,498,44,10,3399.12,2025-01-20
8760,70,185,46,4,1759.21,2025-01-05
8761,993,14,46,8,1114.73,2026-06-15
8762,582,287,25,3,66.19,2024-08-27
8763,228,16,86,2,573.87,2024-08-01
8764,53,244,80,10,4943.09,2024-08-18
8765,479,231,30,4,1695.29,2024-12-03
8766,627,244,25,2,983.11,2024-07-31
8767,760,160,67,5,2359.22,2024-10-27
8768,786,82,88,6,268.81,2025-10-07
8769,383,311,82,8,2732.19,2024-09-03
8770,422,279,92,1,272.23,2025-06-22
8771,61,242,20,1,20.12,2025-01-20
8772,671,322,62,3,99.63,2025-12-16
8773,967,386,16,2,876.55,2024-08-16
8774,771,500,36,9,2704.36,2024-11-22
8775,611,330,90,6,638.36,2024-12-20
8776,791,20,17,6,1762.28,2026-03-28
8777,833,168,80,4,482.63,2025-12-05
8778,476,485,45,10,2677.25,2025-04-27
8779,457,405,80,2,481.83,2026-06-11
8780,202,8,71,1,114.9,2025-02-14
8781,814,223,1,9,2506.01,2025-11-12
8782,69,239,44,10,1558.45,2024-07-29
8783,815,376,36,1,101.26,2025-03-15
8784,956,13,7,2,948.94,2025-05-20
8785,560,217,64,8,2130.83,2025-05-06
8786,801,249,42,6,1605.14,2024-11-17
8787,347,487,1,6,2086.38,2025-02-16
8788,772,50,39,10,1826.14,2025-03-02
8789,634,425,57,6,244.11,2025-09-09
8790,401,212,80,3,1357.81,2024-07-11
8791,132,229,23,5,1725.17,2024-09-01
8792,348,54,70,9,2034.35,2024-09-12
8793,707,69,6,2,316.51,2024-08-18
8794,941,116,84,5,2003.75,2024-12-16
8795,679,166,6,9,1348.09,2025-10-18
8796,150,55,63,5,2276.0,2026-02-07
8797,199,476,38,7,1016.26,2026-05-30
8798,879,294,37,10,4375.13,2026-06-20
8799,900,472,92,2,448.72,2024-08-08
8800,992,18,57,7,1649.09,2026-05-09
8801,574,345,89,9,4043.84,2026-02-22
8802,754,427,90,7,2033.83,2025-12-30
8803,458,139,80,6,1654.75,2025-10-07
8804,89,28,51,2,959.43,2026-03-30
8805,155,220,38,7,1677.97,2026-04-12
8806,640,121,84,2,523.84,2026-07-07
8807,626,458,41,10,2360.08,2025-10-05
8808,54,38,21,4,952.67,2026-01-16
8809,900,432,15,5,1479.98,2024-10-24
8810,365,347,86,7,2628.2,2026-02-03
8811,151,475,34,10,2703.38,2024-07-08
8812,450,280,2,4,1974.21,2025-04-21
8813,300,21,62,5,1156.95,2025-06-21
8814,353,35,66,10,1164.35,2024-09-01
8815,806,297,23,8,1593.36,2025-10-17
8816,925,302,18,7,3163.78,2025-06-06
8817,793,399,29,1,420.17,2026-02-27
8818,214,494,44,3,736.26,2025-05-02
8819,373,200,62,8,612.39,2024-09-15
8820,159,437,32,3,1484.17,2024-12-28
8821,800,175,59,1,32.89,2026-04-10
8822,358,404,76,9,3906.1,2024-07-25
8823,146,362,40,2,392.71,2025-05-21
8824,398,195,3,3,550.2,2025-06-11
8825,804,371,1,1,298.56,2025-09-03
8826,831,276,28,6,2760.6,2025-10-20
8827,48,358,27,7,2335.3,2025-02-16
8828,932,138,10,1,117.05,2026-03-17
8829,416,174,84,4,1657.88,2025-01-28
8830,528,166,56,4,320.02,2025-07-13
8831,912,348,78,9,1333.3,2025-09-10
8832,822,226,4,8,3484.45,2025-12-16
8833,437,23,4,8,3236.87,2026-05-25
8834,387,51,36,8,1205.85,2025-01-10
8835,456,17,7,4,555.24,2024-07-24
8836,82,374,85,5,1859.81,2025-12-08
8837,914,487,37,8,3968.64,2026-04-27
8838,449,43,85,4,824.04,2025-03-14
8839,933,360,59,7,940.89,2025-05-02
8840,82,465,46,7,766.5,2025-06-11
8841,820,155,1,8,2878.23,2025-04-30
8842,384,427,65,6,854.3,2025-07-18
8843,537,77,38,7,1581.72,2026-03-27
8844,315,35,36,9,3309.55,2024-12-31
8845,371,452,30,3,764.21,2024-09-06
8846,744,376,78,2,280.66,2025-06-22
8847,178,215,27,9,2342.46,2025-08-10
8848,177,43,82,5,1746.52,2025-05-16
8849,731,113,74,3,256.35,2024-08-12
8850,537,460,21,10,4205.59,2025-04-06
8851,805,13,2,2,341.48,2024-08-23
8852,126,109,18,8,2842.92,2026-02-07
8853,280,486,66,1,158.94,2026-01-12
8854,360,215,59,5,2315.19,2026-04-27
8855,850,424,86,8,432.91,2026-04-06
8856,974,238,84,5,365.11,2025-12-16
8857,304,162,54,7,1452.37,2025-04-08
8858,237,296,11,9,2724.9,2024-09-24
8859,839,379,40,2,425.79,2025-01-31
8860,411,252,86,6,1387.69,2026-02-27
8861,410,478,48,8,3047.05,2026-04-21
8862,395,206,33,8,2923.17,2026-01-09
8863,48,288,46,8,3895.03,2025-07-23
8864,688,378,44,3,72.13,2024-11-07
8865,319,169,42,3,904.01,2025-10-16
8866,373,32,37,3,161.68,2025-10-18
8867,532,254,68,10,3191.38,2025-01-18
8868,514,250,19,3,914.33,2024-10-11
8869,759,142,19,8,1544.68,2025-09-08
8870,79,352,90,3,67.12,2025-04-10
8871,42,213,78,9,1743.04,2025-12-07
8872,550,240,87,3,916.67,2025-08-19
8873,443,402,88,4,1319.08,2025-03-04
8874,390,410,62,5,183.28,2025-10-24
8875,882,492,56,3,499.62,2024-08-22
8876,252,84,12,4,1201.58,2025-07-19
8877,199,46,70,5,693.21,2025-06-10
8878,841,460,31,4,1999.66,2026-01-26
8879,919,41,14,4,1655.93,2025-01-01
8880,521,135,86,2,808.93,2026-06-13
8881,258,257,69,1,212.23,2025-06-11
8882,511,164,48,6,1108.24,2025-05-02
8883,365,79,73,3,1063.0,2024-08-13
8884,77,142,25,7,490.59,2024-12-26
8885,959,130,45,7,2184.94,2025-09-04
8886,536,109,41,8,2876.84,2025-03-31
8887,981,293,70,2,939.96,2024-11-07
8888,468,365,12,4,1328.32,2026-01-22
8889,993,204,55,-5,710.1,2026-04-27
8890,898,127,85,10,2273.73,2025-01-27
8891,556,365,74,4,1631.14,2024-12-24
8892,763,276,56,6,2166.5,2025-07-09
8893,670,274,19,5,263.9,2025-07-08
8894,397,463,6,6,2840.31,2025-08-11
8895,768,299,15,2,616.01,2025-08-24
8896,882,218,78,7,573.13,2024-12-01
8897,432,361,22,5,1621.17,2025-12-12
8898,821,454,88,10,1140.45,2025-03-20
8899,442,269,47,9,1406.7,2025-08-04
8900,605,235,25,2,505.84,2024-09-01
8901,745,430,78,7,1757.46,2025-01-12
8902,899,3,17,1,63.42,2026-03-30
8903,622,389,8,8,3282.65,2025-03-07
8904,738,380,87,10,1701.48,2026-05-21
8905,193,277,85,3,1264.83,2025-10-01
8906,938,66,16,8,769.97,2025-11-20
8907,586,22,82,6,1954.39,2025-03-26
8908,749,408,49,5,2257.69,2025-01-21
8909,836,371,35,3,1249.81,2026-06-24
8910,155,19,13,7,2453.79,2025-03-07
8911,418,112,81,7,1270.91,2025-11-16
8912,695,181,5,4,1235.12,2025-08-02
8913,194,375,17,9,852.45,2025-08-30
8914,247,345,69,7,570.84,2025-01-31
8915,15,121,7,2,956.23,2026-03-09
8916,968,438,77,8,1365.29,2025-10-26
8917,68,345,36,9,3800.96,2026-06-20
8918,906,145,68,3,148.26,2024-08-03
8919,971,178,7,5,555.1,2025-12-15
8920,15,390,96,8,1235.28,2025-01-12
8921,888,127,24,10,1219.32,2025-03-12
8922,599,328,73,9,413.75,2025-02-25
8923,26,72,34,10,3997.84,2025-09-06
8924,951,404,26,5,109.38,2025-12-31
8925,635,7,60,2,63.09,2025-01-28
8926,571,90,31,8,529.38,2025-10-14
8927,248,481,17,6,2143.5,2026-05-06
8928,659,113,63,8,1982.91,2025-12-10
8929,264,226,51,7,1331.45,2025-01-09
8930,455,183,61,2,460.07,2024-08-21
8931,318,286,14,4,728.1,2025-12-06
8932,100,93,50,5,1223.57,2026-01-07
8933,348,457,88,7,1578.05,2026-06-28
8934,818,396,74,4,1193.79,2026-01-19
8935,184,237,91,3,934.39,2025-06-16
8936,985,36,45,1,419.49,2025-11-26
8937,101,107,33,1,468.19,2024-12-07
8938,584,26,56,4,1302.25,2025-01-30
8939,876,380,70,3,740.47,2025-08-31
8940,339,259,24,10,3291.36,2024-12-17
8941,485,97,28,5,2049.65,2024-08-08
8942,135,309,78,10,535.38,2025-05-23
8943,942,58,89,1,126.1,2025-03-31
8944,453,178,77,10,726.28,2025-11-24
8945,807,186,41,4,1169.33,2024-07-25
8946,90,486,37,8,2724.96,2024-11-14
8947,758,46,54,3,181.36,2025-03-16
8948,35,427,91,3,1475.55,2024-07-20
8949,739,345,42,7,3017.42,2025-12-27
8950,4,368,36,10,626.44,2026-05-09
8951,258,449,28,5,555.02,2025-07-19
8952,258,108,21,7,1037.27,2024-10-04
8953,429,302,12,10,4080.15,2026-02-09
8954,707,390,91,5,453.65,2024-08-10
8955,475,323,20,1,323.14,2024-07-12
8956,981,227,51,3,1384.58,2024-11-10
8957,161,237,66,9,1212.38,2025-11-19
8958,520,463,58,1,426.65,2025-09-25
8959,494,55,8,9,1560.71,2024-12-10
8960,193,277,97,10,4596.81,2024-12-22
8961,15,23,76,6,747.98,2026-06-17
8962,682,217,28,1,451.77,2025-03-13
8963,749,441,55,3,552.63,2025-08-12
8964,906,170,37,8,3738.22,2025-05-25
8965,424,62,62,7,1382.11,2024-12-30
8966,317,494,60,3,855.95,2025-01-16
8967,281,412,54,1,135.84,2025-03-03
8968,729,147,49,4,502.82,2025-01-04
8969,996,390,86,6,1987.7,2025-06-05
8970,542,146,99,7,3015.05,2026-01-14
8971,767,211,95,2,360.82,2025-11-04
8972,477,161,64,4,719.16,2025-10-23
8973,775,35,66,4,682.08,2026-05-08
8974,747,432,64,6,431.69,2025-08-08
8975,396,184,91,7,2051.44,2026-03-19
8976,594,210,42,10,1932.47,2024-07-21
8977,805,476,82,7,182.36,2025-05-27
8978,459,381,41,4,1434.25,2025-04-01
8979,864,203,95,3,322.57,2026-05-29
8980,653,72,12,5,1338.01,2024-12-15
8981,189,498,17,1,290.7,2026-02-09
8982,272,174,46,6,386.63,2026-02-18
8983,650,189,93,8,3684.39,2025-09-02
8984,134,118,63,4,950.07,2025-09-03
8985,280,36,37,7,1528.39,2026-01-27
8986,315,110,8,3,1407.43,2024-07-18
8987,484,24,70,3,951.11,2025-08-06
8988,499,80,23,2,251.85,2026-05-22
8989,125,9,80,10,2885.91,2024-12-01
8990,776,77,40,4,774.47,2025-01-09
8991,171,311,82,4,1243.73,2025-10-27
8992,734,345,86,6,214.86,2025-04-03
8993,920,69,72,5,1462.64,2024-11-09
8994,825,222,87,5,161.39,2025-08-13
8995,203,309,7,10,,2024-12-04
8996,957,109,85,9,2201.06,2025-05-11
8997,413,235,88,5,1903.66,2026-07-01
8998,974,225,65,10,315.43,2026-03-23
8999,409,221,51,3,507.41,2026-06-04
9000,705,288,29,7,2181.42,2026-03-14
9001,840,3,88,7,3262.4,2026-01-09
9002,216,266,53,10,3242.16,2026-03-31
9003,699,381,46,9,865.88,2025-11-10
9004,344,297,24,1,274.1,2024-10-21
9005,438,85,74,6,2386.93,2024-08-10
9006,387,195,73,8,3204.19,2025-07-11
9007,936,399,19,3,363.43,2025-02-18
9008,835,82,63,6,1410.03,2024-09-19
9009,312,368,53,4,1293.45,2026-02-15
9010,621,365,22,9,3722.56,2026-04-19
9011,746,350,35,8,3850.02,2026-07-08
9012,800,345,88,8,839.05,2025-02-17
9013,258,449,56,4,566.37,2024-11-03
9014,48,181,13,7,1476.47,2026-02-26
9015,762,198,12,5,1538.79,2025-02-07
9016,388,446,66,9,388.21,2025-10-03
9017,834,282,50,7,707.19,2025-06-09
9018,979,242,79,9,3184.11,2025-08-04
9019,257,310,33,3,451.45,2024-12-28
9020,697,479,98,1,381.88,2025-02-24
9021,533,491,55,10,1929.09,2025-12-17
9022,428,410,12,10,3594.93,2026-05-23
9023,280,25,72,4,1361.06,2025-06-18
9024,672,121,13,9,1164.35,2024-07-10
9025,29,63,51,9,1249.52,2026-04-20
9026,275,241,54,10,3757.77,2026-02-26
9027,139,331,27,10,526.96,2025-01-25
9028,617,497,32,8,3867.74,2025-02-26
9029,3,47,100,10,2844.96,2025-10-29
9030,819,15,10,3,290.32,2025-09-07
9031,514,392,47,7,862.61,2025-09-12
9032,643,79,31,3,104.75,2025-07-03
9033,156,111,10,10,677.15,2025-12-07
9034,846,203,82,4,545.34,2025-08-18
9035,299,394,1,4,1383.47,2024-10-15
9036,82,86,63,10,2855.9,2025-05-12
9037,126,282,77,1,108.12,2026-03-22
9038,36,427,15,7,1765.93,2025-04-26
9039,619,10,32,3,,2025-01-31
9040,468,249,82,2,676.56,2025-04-11
9041,590,358,89,6,1268.7,2026-04-03
9042,6,354,14,1,23.75,2025-12-11
9043,770,384,11,10,3266.5,2026-01-06
9044,351,432,28,8,1604.68,2025-11-22
9045,871,159,68,3,1412.18,2025-02-08
9046,224,402,66,4,573.78,2025-05-06
9047,936,38,41,8,596.73,2025-09-03
9048,312,223,80,5,1825.08,2025-08-22
9049,1000,321,8,2,149.02,2026-04-10
9050,137,248,19,9,2133.49,2025-09-12
9051,928,17,33,9,4359.01,2024-09-21
9052,244,337,94,1,42.36,2024-12-18
9053,891,280,94,9,221.78,2025-02-23
9054,731,291,83,4,623.42,2024-09-14
9055,210,86,15,2,211.57,2026-01-13
9056,13,13,48,7,2377.98,2026-02-06
9057,220,92,34,10,4378.09,2025-01-13
9058,143,350,95,2,564.53,2024-12-11
9059,462,197,21,6,658.28,2025-03-03
9060,890,22,21,6,544.96,2025-08-03
9061,102,224,60,2,251.43,2026-06-17
9062,298,85,68,10,1862.35,2024-07-28
9063,396,253,87,4,401.53,2024-09-16
9064,776,43,52,1,68.73,2024-08-11
9065,116,412,56,8,2101.26,2025-03-21
9066,760,275,53,8,3211.52,2026-04-03
9067,8,92,41,3,1432.44,2024-07-30
9068,520,204,33,2,359.77,2025-06-16
9069,240,400,3,3,682.53,2026-05-09
9070,630,294,39,-5,306.41,2025-12-07
9071,827,477,44,2,503.99,2025-06-06
9072,24,145,87,4,1310.18,2025-09-29
9073,203,40,78,1,193.29,2024-08-21
9074,77,32,86,9,1393.97,2025-10-17
9075,331,408,41,6,199.11,2025-03-12
9076,514,164,21,1,273.26,2025-08-27
9077,952,251,58,9,1438.04,2026-02-11
9078,509,259,33,1,131.69,2024-09-25
9079,504,26,94,7,1659.0,2025-04-19
9080,744,117,4,1,288.38,2026-01-24
9081,676,151,6,8,1667.98,2026-03-10
9082,238,165,42,6,2809.24,2026-04-27
9083,925,84,57,1,60.42,2024-08-20
9084,610,227,32,3,714.57,2024-12-02
9085,579,14,16,3,849.84,2025-07-05
9086,134,6,47,9,4101.59,2025-11-05
9087,162,33,25,2,126.39,2025-08-06
9088,917,101,50,5,166.45,2024-11-17
9089,908,317,77,9,314.07,2026-02-13
9090,184,156,6,1,194.66,2026-04-02
9091,68,346,61,7,1197.72,2024-12-07
9092,487,411,10,5,2154.07,2024-08-30
9093,685,202,35,2,482.45,2024-11-08
9094,832,440,57,9,1699.1,2025-05-05
9095,523,285,52,10,2291.02,2025-01-23
9096,92,84,33,4,1291.05,2025-12-28
9097,677,310,4,1,234.96,2026-02-16
9098,557,351,11,5,1623.33,2026-01-07
9099,674,267,16,4,1121.42,2025-05-25
9100,128,52,97,10,499.72,2025-08-27
9101,344,358,53,5,2070.27,2026-03-05
9102,412,238,57,8,3215.6,2025-08-27
9103,599,441,44,7,3171.12,2025-08-31
9104,409,378,4,3,445.88,2026-02-05
9105,582,79,13,2,504.58,2024-11-01
9106,340,39,62,8,1781.12,2026-05-09
9107,42,67,20,8,3072.19,2025-07-01
9108,258,361,45,4,1145.83,2025-10-09
9109,517,448,21,4,666.24,2026-06-30
9110,140,166,25,8,1928.12,2026-06-08
9111,940,181,82,3,145.42,2025-11-01
9112,187,273,35,10,3292.8,2024-10-25
9113,486,402,31,9,2616.6,2024-12-22
9114,511,90,59,6,,2024-11-13
9115,898,487,25,3,951.93,2026-07-03
9116,348,359,61,4,1286.95,2024-11-17
9117,923,131,4,1,98.44,2025-03-23
9118,516,206,86,10,1364.86,2025-12-28
9119,621,410,68,7,796.71,2025-11-08
9120,294,274,37,5,1937.9,2024-09-30
9121,466,128,75,5,424.76,2026-05-13
9122,741,389,51,9,1184.48,2024-07-24
9123,246,309,10,-5,496.91,2025-09-25
9124,427,339,59,9,3346.74,2026-06-18
9125,995,80,61,7,697.83,2025-09-27
9126,888,116,31,4,720.3,2025-04-13
9127,962,200,81,5,2247.89,2026-02-16
9128,107,211,55,3,141.39,2025-01-20
9129,799,31,15,4,552.02,2025-11-25
9130,137,48,48,5,1758.78,2026-04-23
9131,262,452,89,7,2457.44,2025-03-01
9132,895,213,28,6,629.91,2025-01-19
9133,890,271,72,7,715.66,2026-02-26
9134,223,100,47,7,751.34,2024-08-14
9135,283,137,47,8,283.47,2026-01-28
9136,121,379,84,6,2421.73,2024-12-18
9137,893,149,19,5,588.13,2025-08-27
9138,479,174,34,2,114.4,2024-10-03
9139,582,171,62,10,1471.89,2025-09-11
9140,833,42,81,5,500.08,2026-01-28
9141,307,92,81,9,2475.99,2024-09-23
9142,518,57,47,5,1008.56,2025-05-12
9143,114,63,53,2,194.96,2025-06-20
9144,658,313,23,5,1905.83,2026-01-07
9145,296,92,76,5,1685.51,2026-03-02
9146,453,89,33,10,4416.52,2025-09-19
9147,331,110,84,8,2957.21,2026-05-29
9148,904,254,48,10,3167.94,2024-11-11
9149,369,123,1,10,4097.51,2026-04-07
9150,829,62,34,1,243.06,2025-05-12
9151,667,39,68,6,2946.93,2024-12-24
9152,492,453,73,4,1724.73,2025-05-29
9153,920,121,7,3,1381.06,2025-03-13
9154,833,455,72,6,2878.64,2026-01-26
9155,758,101,10,3,434.51,2026-03-28
9156,94,72,33,1,367.62,2025-11-30
9157,926,487,31,7,3431.77,2025-09-27
9158,697,423,50,8,2214.68,2024-12-06
9159,763,25,82,3,504.3,2025-04-02
9160,648,213,2,2,924.08,2026-05-16
9161,762,303,50,7,1553.61,2024-07-31
9162,387,415,77,2,736.38,2026-05-22
9163,457,468,40,7,954.28,2025-02-01
9164,832,76,9,10,691.71,2025-02-18
9165,613,490,90,9,4123.56,2024-10-06
9166,10,218,10,1,205.16,2026-04-10
9167,359,298,2,5,1150.65,2025-10-05
9168,169,164,1,2,143.18,2026-03-15
9169,196,42,54,3,1107.09,2025-02-14
9170,261,390,7,1,20.79,2025-12-14
9171,493,85,72,3,1370.92,2024-07-13
9172,809,493,66,10,2797.44,2025-01-26
9173,116,474,23,4,1306.63,2025-01-12
9174,910,41,34,1,286.01,2025-02-16
9175,145,191,5,10,2830.38,2026-04-19
9176,782,195,80,8,2534.95,2025-11-02
9177,771,495,58,10,4109.19,2024-11-10
9178,168,17,8,9,3960.42,2025-02-18
9179,285,430,35,2,314.48,2024-07-17
9180,15,329,61,3,430.64,2026-06-19
9181,174,127,91,4,1697.0,2025-01-17
9182,70,368,46,9,4142.98,2025-01-15
9183,532,361,42,10,1967.43,2025-08-10
9184,615,140,59,10,3601.7,2025-08-19
9185,715,224,28,6,2019.93,2024-12-12
9186,624,258,22,8,2856.94,2026-06-08
9187,349,161,64,10,1302.19,2024-10-22
9188,676,421,77,8,2367.16,2024-09-18
9189,214,200,57,9,3846.03,2026-05-09
9190,320,369,81,7,193.32,2025-02-24
9191,601,112,78,2,78.75,2026-02-11
9192,549,53,41,5,1851.43,2026-01-16
9193,837,434,30,1,390.5,2025-08-13
9194,243,175,56,10,467.24,2024-10-12
9195,544,183,99,1,439.79,2025-01-09
9196,634,324,50,9,2913.15,2025-05-30
9197,876,317,54,7,2548.07,2024-10-07
9198,693,240,51,4,765.87,2025-08-17
9199,335,433,11,1,455.24,2026-04-21
9200,91,257,38,3,185.38,2024-12-21
9201,680,71,49,3,620.76,2025-08-25
9202,293,469,14,5,2112.3,2025-10-15
9203,804,67,36,9,280.83,2025-12-14
9204,63,257,45,6,1797.39,2025-08-02
9205,330,208,48,10,3239.37,2025-03-23
9206,821,142,83,4,725.82,2025-10-09
9207,465,392,94,4,983.61,2025-09-21
9208,843,229,93,10,1788.09,2024-11-01
9209,949,186,100,7,3235.06,2024-07-23
9210,229,249,33,6,1441.19,2025-09-09
9211,819,373,46,9,3689.65,2026-01-08
9212,175,88,43,3,535.57,2026-04-26
9213,430,235,76,9,3763.22,2025-12-02
9214,504,413,42,1,59.5,2025-10-13
9215,873,246,76,3,1287.02,2025-06-13
9216,577,352,98,3,954.48,2024-09-10
9217,166,108,80,7,1241.26,2025-12-20
9218,695,448,75,7,1807.74,2026-05-20
9219,146,31,29,10,3159.49,2025-07-14
9220,39,225,1,9,1646.29,2025-10-31
9221,778,46,44,1,288.93,2026-01-10
9222,964,66,37,10,3629.59,2024-11-18
9223,758,164,61,3,657.38,2025-11-01
9224,712,279,44,6,757.56,2026-03-04
9225,207,346,78,2,718.88,2024-08-20
9226,254,171,21,8,1600.45,2026-06-04
9227,73,160,17,10,1564.74,2025-02-18
9228,23,139,8,7,2652.73,2026-01-05
9229,23,204,32,9,1710.0,2026-07-01
9230,418,40,9,4,585.85,2025-04-05
9231,539,254,25,9,2766.9,2025-05-17
9232,184,334,49,8,712.66,2024-12-18
9233,915,426,25,6,2990.21,2025-02-24
9234,43,147,14,4,1407.76,2024-07-24
9235,88,412,50,10,516.59,2025-04-24
9236,208,425,95,1,496.34,2025-07-23
9237,835,192,38,4,197.42,2024-10-09
9238,666,155,32,5,308.41,2024-10-17
9239,886,221,7,7,2333.04,2024-10-23
9240,646,310,26,3,1034.86,2026-04-24
9241,933,284,70,2,253.62,2024-08-21
9242,701,466,9,1,370.96,2025-01-28
9243,953,213,63,1,298.57,2024-11-05
9244,469,401,60,7,1815.53,2025-04-26
9245,427,176,98,8,1082.25,2024-10-19
9246,366,179,39,8,1609.5,2025-07-03
9247,60,107,33,6,1898.34,2025-10-08
9248,339,413,90,9,658.77,2024-11-20
9249,791,379,93,5,584.9,2025-05-13
9250,52,72,49,2,143.56,2025-01-27
9251,323,191,27,10,1180.73,2025-02-01
9252,551,317,94,4,1659.36,2025-01-11
9253,256,97,84,3,336.68,2025-04-19
9254,696,382,9,2,237.54,2024-12-21
9255,533,162,44,5,2437.13,2025-01-05
9256,147,193,33,1,242.96,2025-08-18
9257,820,408,55,1,227.44,2024-07-16
9258,289,368,14,1,205.04,2024-11-16
9259,127,383,39,6,1940.86,2025-01-15
9260,489,224,21,5,2055.92,2025-08-21
9261,927,216,37,2,935.24,2024-11-30
9262,753,131,85,9,4431.18,2026-02-01
9263,900,428,75,3,712.56,2025-07-15
9264,179,299,37,8,1117.11,2024-09-16
9265,336,423,62,1,229.66,2025-05-10
9266,683,18,21,3,556.62,2026-06-18
9267,794,491,47,4,1501.81,2025-03-21
9268,465,237,99,9,2858.42,2026-06-17
9269,560,93,69,2,194.38,2025-05-01
9270,785,287,78,5,1373.73,2024-12-12
9271,912,424,92,2,608.07,2025-11-19
9272,308,426,78,10,4777.84,2024-09-07
9273,394,348,93,6,2860.89,2025-09-23
9274,69,384,91,6,,2026-01-16
9275,857,419,51,10,1526.23,2025-10-29
9276,443,129,99,5,2496.25,2025-10-25
9277,845,300,1,6,535.81,2025-12-23
9278,992,190,22,1,143.76,2026-03-07
9279,898,450,95,5,2195.25,2026-06-12
9280,552,188,43,9,1802.94,2025-04-23
9281,10,404,9,5,1284.91,2024-11-15
9282,781,250,77,9,2719.82,2025-03-09
9283,128,458,88,6,2321.76,2026-01-01
9284,962,23,96,5,1001.8,2024-07-31
9285,234,217,63,10,3459.54,2026-07-05
9286,976,176,6,3,1152.63,2026-01-04
9287,715,15,8,3,1366.92,2025-06-10
9288,473,248,92,5,1698.48,2025-04-09
9289,508,124,35,1,417.75,2025-12-07
9290,255,55,53,7,284.12,2025-04-22
9291,306,7,96,2,252.7,2025-10-07
9292,131,411,88,8,2415.64,2026-03-23
9293,275,180,62,2,409.93,2025-06-25
9294,500,177,37,6,2547.93,2025-10-08
9295,729,472,86,3,1093.28,2025-03-13
9296,779,288,97,4,1748.87,2025-10-30
9297,921,258,44,7,1786.02,2026-02-22
9298,697,27,55,2,961.09,2025-02-26
9299,521,36,45,7,1890.79,2024-10-26
9300,113,355,42,6,2259.02,2026-01-15
9301,694,214,11,6,2527.25,2026-03-03
9302,597,457,39,7,1533.0,2024-09-19
9303,431,479,96,1,291.52,2025-11-02
9304,418,328,2,4,824.98,2025-02-08
9305,380,161,16,6,1757.78,2026-05-07
9306,929,37,29,7,531.67,2025-04-12
9307,426,97,24,4,1207.06,2025-03-20
9308,381,477,10,3,435.55,2026-03-03
9309,405,311,52,9,821.91,2024-11-26
9310,84,486,19,2,609.72,2025-10-25
9311,462,433,95,7,3175.9,2025-08-03
9312,779,359,50,5,1439.3,2025-07-11
9313,312,270,62,10,2533.2,2025-02-17
9314,520,322,78,10,3817.59,2024-11-27
9315,88,293,55,7,2624.81,2025-10-02
9316,166,254,81,4,192.23,2024-07-15
9317,210,200,74,1,144.74,2026-01-11
9318,356,417,73,3,319.82,2024-10-02
9319,137,121,1,2,445.08,2024-12-14
9320,289,208,76,2,168.78,2025-01-12
9321,400,105,14,1,73.09,2024-09-28
9322,846,258,55,10,634.29,2025-04-02
9323,699,334,3,4,976.05,2026-05-07
9324,355,116,50,9,1747.39,2026-01-16
9325,154,89,25,1,221.63,2025-02-16
9326,357,214,61,1,218.35,2026-02-08
9327,362,252,59,4,1311.05,2026-06-01
9328,749,149,22,6,1247.79,2024-09-26
9329,820,34,1,10,2700.02,2026-01-07
9330,859,499,91,5,2211.69,2025-06-18
9331,763,82,61,1,124.2,2025-05-06
9332,771,66,40,4,115.46,2024-11-22
9333,456,156,89,9,932.18,2024-08-02
9334,813,167,17,7,835.58,2026-04-08
9335,860,212,11,4,1591.13,2025-10-25
9336,708,386,20,2,574.52,2024-10-25
9337,855,500,70,1,483.36,2024-07-30
9338,440,439,87,1,349.63,2024-07-17
9339,683,212,18,10,1781.67,2025-05-26
9340,205,471,84,2,579.69,2024-09-20
9341,97,336,21,2,721.76,2024-09-19
9342,478,249,78,9,3472.31,2026-04-13
9343,215,327,51,1,408.58,2025-10-03
9344,235,201,84,7,1433.39,2024-12-17
9345,180,260,10,10,1657.85,2025-07-23
9346,975,435,42,4,384.06,2025-08-17
9347,345,6,25,10,2674.02,2025-12-25
9348,504,313,7,4,1956.18,2024-09-04
9349,616,143,4,3,1021.69,2025-08-19
9350,224,177,82,4,1021.89,2025-10-07
9351,111,338,26,4,1359.29,2026-07-07
9352,758,176,17,3,1083.11,2025-02-04
9353,338,213,58,8,3818.96,2025-07-03
9354,351,25,94,2,598.77,2024-08-01
9355,413,257,59,4,184.67,2026-06-10
9356,809,35,17,-5,446.06,2025-06-04
9357,291,435,80,7,1248.0,2026-03-05
9358,619,37,65,5,2009.16,2026-05-12
9359,741,307,65,6,580.72,2025-06-07
9360,922,87,1,4,1054.74,2026-02-21
9361,284,301,60,2,354.89,2024-09-03
9362,275,295,12,8,2067.14,2024-11-26
9363,87,210,46,4,847.92,2025-04-04
9364,355,71,66,8,1749.49,2025-05-27
9365,721,485,97,3,1440.68,2025-02-17
9366,582,336,42,7,504.63,2025-01-29
9367,578,342,4,-5,1800.24,2024-07-08
9368,576,439,34,3,870.32,2025-12-01
9369,195,344,96,10,3937.74,2025-04-26
9370,328,235,62,5,1876.85,2025-08-19
9371,79,370,31,7,3041.16,2025-07-12
9372,448,176,81,9,2495.76,2025-06-16
9373,755,490,5,6,167.39,2026-03-09
9374,715,189,77,10,4283.91,2026-04-12
9375,763,228,66,6,2194.36,2026-04-20
9376,214,289,90,4,351.96,2026-05-09
9377,775,303,97,6,2882.71,2025-08-05
9378,16,473,15,4,816.56,2025-09-16
9379,90,79,82,10,3944.95,2026-05-26
9380,393,55,72,8,277.85,2024-10-27
9381,420,18,91,6,2053.5,2025-08-11
9382,43,480,57,9,2308.56,2026-01-23
9383,144,15,29,3,61.03,2025-01-15
9384,563,52,9,4,1137.11,2024-11-28
9385,935,296,80,3,76.43,2024-12-18
9386,489,220,29,7,1470.62,2024-11-08
9387,18,103,83,8,789.34,2026-04-08
9388,793,129,65,8,1018.41,2025-11-22
9389,385,186,54,4,1974.9,2025-05-23
9390,656,52,75,8,163.69,2024-10-25
9391,676,439,42,1,186.8,2025-01-20
9392,860,442,25,8,3253.23,2025-10-03
9393,490,18,41,10,2158.58,2024-08-09
9394,462,104,77,5,1038.62,2025-03-01
9395,258,372,77,4,225.72,2026-06-02
9396,761,175,35,1,303.36,2025-10-09
9397,670,273,64,7,3144.73,2024-09-14
9398,52,387,46,4,1459.87,2025-04-19
9399,440,274,16,9,4362.22,2026-03-22
9400,339,109,13,1,427.92,2024-12-20
9401,821,91,55,3,1453.36,2026-07-06
9402,279,254,100,7,569.34,2024-07-13
9403,703,17,73,9,4044.61,2026-01-02
9404,314,8,12,6,1605.16,2025-07-25
9405,852,162,78,5,1026.65,2025-06-22
9406,14,21,4,8,3111.3,2026-01-20
9407,688,29,5,2,919.71,2025-07-23
9408,519,481,41,8,965.0,2024-09-08
9409,940,389,91,5,1041.97,2024-07-17
9410,746,255,37,4,1291.14,2026-01-15
9411,772,294,30,4,1701.53,2025-03-11
9412,34,284,78,10,3253.89,2025-01-11
9413,110,295,68,5,351.12,2025-07-09
9414,388,255,9,6,2845.39,2024-08-20
9415,112,103,2,9,1126.23,2025-09-07
9416,955,339,70,6,966.12,2024-12-22
9417,727,90,46,5,1671.39,2025-05-11
9418,990,463,75,2,139.42,2026-04-30
9419,362,308,39,1,114.23,2025-02-20
9420,171,339,74,1,297.36,2024-12-03
9421,186,161,73,5,251.33,2025-01-21
9422,757,421,76,8,2546.36,2025-05-27
9423,234,390,99,1,369.78,2025-07-03
9424,556,364,58,3,415.54,2024-10-20
9425,399,437,56,7,3457.18,2026-01-16
9426,397,426,22,1,497.0,2025-02-22
9427,328,459,10,9,2673.67,2024-10-30
9428,852,159,3,4,1579.71,2026-06-10
9429,838,499,61,4,1163.22,2024-09-26
9430,473,147,38,9,1121.19,2026-04-26
9431,103,262,26,4,120.99,2025-05-11
9432,708,388,73,7,942.43,2024-10-03
9433,894,351,58,4,1296.59,2025-12-20
9434,771,196,32,1,106.57,2025-09-05
9435,5,242,16,9,900.77,2025-11-02
9436,573,41,71,6,2808.21,2025-10-26
9437,229,423,14,6,457.59,2024-08-07
9438,522,213,8,2,820.2,2024-07-14
9439,460,208,58,6,1380.62,2024-11-18
9440,140,361,86,8,434.47,2025-03-13
9441,139,391,5,9,2567.54,2025-11-08
9442,160,272,57,4,193.42,2024-08-16
9443,277,18,46,6,2435.02,2025-09-18
9444,930,96,31,9,2876.74,2025-07-02
9445,14,194,57,1,120.42,2024-09-20
9446,114,305,83,8,2194.68,2025-11-27
9447,612,242,85,3,443.46,2025-01-24
9448,350,385,60,3,604.33,2025-06-07
9449,415,145,74,2,221.77,2024-11-13
9450,265,358,47,7,1741.46,2026-06-23
9451,317,162,30,2,706.61,2024-09-25
9452,182,182,57,8,1528.57,2025-07-18
9453,305,348,67,5,2434.15,2025-01-19
9454,877,166,18,9,811.66,2026-03-06
9455,971,310,74,7,2339.78,2025-09-12
9456,836,267,47,1,359.45,2025-05-18
9457,106,420,15,2,771.42,2025-03-04
9458,488,458,32,6,2239.14,2026-06-03
9459,353,39,41,4,1123.42,2026-03-19
9460,754,216,64,8,1802.85,2025-11-10
9461,62,339,53,1,331.52,2025-04-10
9462,624,279,26,9,219.94,2026-02-16
9463,70,441,75,9,3356.21,2025-12-31
9464,332,360,8,4,577.62,2024-08-25
9465,328,261,55,3,1153.54,2025-12-26
9466,641,154,96,1,139.34,2024-12-04
9467,705,124,27,6,1205.25,2024-11-11
9468,251,154,80,9,2677.32,2024-10-23
9469,788,165,58,6,518.61,2025-03-06
9470,325,443,44,1,182.72,2026-05-20
9471,962,488,82,8,3436.4,2024-08-23
9472,549,279,1,3,639.5,2026-05-24
9473,985,138,87,4,1623.87,2026-01-30
9474,387,57,86,3,728.14,2024-12-06
9475,400,396,21,9,3408.95,2025-12-26
9476,387,297,60,9,4108.07,2025-12-30
9477,741,413,24,5,1255.36,2024-08-09
9478,26,108,88,4,1294.58,2025-02-08
9479,286,241,72,9,1668.42,2026-03-07
9480,712,95,53,8,3048.06,2025-06-24
9481,889,97,16,9,594.65,2025-06-21
9482,742,293,36,10,944.08,2024-07-16
9483,730,494,23,2,781.02,2024-10-04
9484,772,357,1,4,347.84,2025-10-25
9485,247,351,75,7,763.04,2025-05-18
9486,98,467,65,5,2182.1,2025-06-29
9487,377,143,9,6,910.78,2025-08-05
9488,326,276,68,9,2827.8,2025-02-26
9489,785,2,7,4,244.23,2024-09-05
9490,231,15,26,4,746.54,2024-11-12
9491,442,244,25,3,787.32,2024-08-30
9492,892,314,2,6,2043.09,2025-12-25
9493,594,417,97,5,2461.25,2024-12-14
9494,369,227,13,9,4289.28,2026-06-05
9495,516,300,92,7,2923.15,2025-03-18
9496,95,100,19,7,2338.26,2025-01-24
9497,428,89,70,6,291.89,2026-03-19
9498,322,198,38,7,3188.27,2024-11-07
9499,396,26,88,4,652.27,2025-02-19
9500,966,276,23,9,3739.7,2025-10-13
9501,175,436,47,4,118.95,2024-08-07
9502,534,307,84,9,2078.04,2025-04-26
9503,956,449,86,5,1048.14,2025-03-05
9504,80,204,26,4,834.43,2025-05-21
9505,568,151,50,4,111.58,2025-01-23
9506,162,382,51,1,69.5,2024-10-06
9507,15,121,27,3,800.38,2025-01-13
9508,51,264,37,7,1186.96,2026-03-18
9509,83,324,12,8,1240.14,2026-02-16
9510,246,131,84,7,2851.57,2025-01-16
9511,697,18,30,4,1728.22,2025-06-07
9512,974,354,13,2,98.62,2026-01-25
9513,788,193,56,7,1524.48,2024-12-23
9514,995,74,68,3,1478.01,2026-02-15
9515,326,157,10,5,970.8,2025-02-20
9516,547,326,43,5,1900.31,2025-02-25
9517,949,438,49,8,2522.83,2025-01-25
9518,589,181,10,3,294.49,2026-05-10
9519,524,160,68,2,648.5,2026-01-20
9520,392,375,100,7,408.12,2024-08-09
9521,758,338,8,7,2651.46,2024-11-03
9522,913,4,38,3,1307.48,2026-01-04
9523,653,54,57,7,2126.22,2025-08-14
9524,344,103,66,5,,2025-07-30
9525,843,369,49,10,708.57,2025-07-24
9526,285,38,4,3,1358.2,2024-10-24
9527,504,280,70,7,1446.57,2025-07-26
9528,482,448,29,5,866.68,2026-03-27
9529,441,179,8,3,1369.22,2026-04-04
9530,281,79,28,3,1372.09,2025-04-02
9531,355,137,96,9,2652.06,2024-09-26
9532,15,236,10,5,2133.13,2026-05-09
9533,16,352,60,2,656.55,2026-05-08
9534,384,13,22,3,947.82,2025-04-03
9535,27,178,82,4,1349.55,2025-03-31
9536,445,228,13,1,423.46,2024-10-16
9537,240,477,29,5,1398.13,2025-08-18
9538,512,392,11,4,1570.31,2025-02-26
9539,779,163,46,5,1192.2,2025-12-25
9540,68,88,73,5,1865.3,2026-05-14
9541,300,386,98,9,3182.4,2025-12-10
9542,6,421,24,10,1053.31,2024-08-28
9543,923,282,10,9,4319.46,2025-08-18
9544,186,25,66,6,2384.08,2024-07-23
9545,697,182,18,10,4325.72,2025-03-07
9546,894,201,71,2,850.95,2025-04-12
9547,835,81,54,1,77.7,2025-12-12
9548,343,495,6,10,2264.53,2024-10-22
9549,489,378,30,6,2306.62,2025-05-24
9550,941,308,9,3,461.12,2026-06-29
9551,303,123,7,4,1783.81,2024-10-25
9552,705,385,22,4,1651.2,2025-06-24
9553,774,87,63,6,251.98,2025-10-09
9554,834,78,31,5,1540.85,2024-11-13
9555,984,145,38,9,1175.13,2026-05-07
9556,954,486,87,1,384.17,2026-06-20
9557,403,182,33,4,1005.12,2025-12-22
9558,607,137,20,4,1224.56,2026-06-03
9559,756,269,3,9,3452.46,2026-02-03
9560,27,268,53,4,511.55,2025-10-20
9561,295,285,53,5,2070.71,2025-11-15
9562,605,333,6,4,1672.62,2026-04-23
9563,21,171,8,9,1559.48,2024-11-01
9564,524,438,64,5,2349.65,2025-12-03
9565,29,429,41,2,361.2,2025-04-16
9566,934,109,60,2,574.81,2026-02-02
9567,61,315,7,8,814.32,2025-01-26
9568,264,241,74,8,1132.04,2025-04-19
9569,709,37,61,4,1170.56,2026-06-18
9570,258,438,92,2,505.05,2025-04-09
9571,728,132,46,1,34.19,2026-01-23
9572,912,259,89,7,1913.65,2024-09-30
9573,543,203,43,5,2296.86,2025-09-24
9574,491,151,100,8,3056.56,2024-11-24
9575,415,194,1,5,1537.3,2025-07-07
9576,404,194,94,8,678.79,2025-09-22
9577,872,452,61,1,388.39,2024-07-25
9578,7,286,14,5,348.49,2026-03-16
9579,447,265,77,9,186.79,2025-10-19
9580,158,183,17,4,1042.06,2024-10-15
9581,600,321,37,9,3110.6,2026-03-09
9582,595,127,100,1,166.95,2025-09-16
9583,19,71,51,6,456.86,2024-09-26
9584,337,248,57,10,3915.94,2024-07-13
9585,941,221,54,6,501.31,2024-08-11
9586,573,479,7,9,1431.37,2024-12-12
9587,102,219,26,4,1359.56,2025-08-04
9588,72,236,41,7,1718.8,2025-12-27
9589,664,284,9,3,436.74,2024-11-30
9590,500,198,35,4,729.54,2024-11-30
9591,901,485,66,3,938.13,2025-05-02
9592,226,6,27,4,1531.26,2025-08-07
9593,367,124,77,10,3861.79,2025-10-14
9594,715,452,51,6,510.67,2025-09-23
9595,551,178,25,1,270.52,2026-06-03
9596,573,429,60,3,924.13,2026-03-29
9597,886,16,12,-5,637.34,2026-01-15
9598,830,309,63,2,283.8,2025-02-18
9599,337,140,94,5,1192.71,2025-04-22
9600,891,335,58,8,934.55,2025-05-29
9601,780,302,79,8,301.85,2025-01-18
9602,428,235,69,1,296.44,2026-05-08
9603,374,422,50,2,619.03,2026-01-16
9604,969,231,30,6,1775.9,2025-06-18
9605,799,476,5,10,2047.74,2025-11-27
9606,257,11,44,4,1564.76,2024-08-03
9607,919,206,70,8,949.48,2024-12-09
9608,53,266,96,10,663.54,2026-06-10
9609,113,362,87,1,160.8,2026-01-14
9610,322,220,80,8,3870.88,2025-11-19
9611,33,243,92,5,2236.98,2025-07-13
9612,920,351,65,3,1219.37,2024-12-16
9613,465,411,9,9,2151.28,2024-07-19
9614,591,302,13,7,3341.7,2026-06-09
9615,474,93,30,7,1216.12,2025-08-08
9616,782,36,16,7,970.75,2026-03-13
9617,880,170,57,1,146.57,2025-09-17
9618,430,231,15,9,4142.3,2025-05-17
9619,829,245,89,3,614.45,2026-01-23
9620,69,284,19,3,850.87,2024-12-04
9621,171,435,63,10,4232.32,2025-11-17
9622,869,274,66,9,2874.78,2026-05-07
9623,169,133,74,6,2745.97,2024-11-30
9624,901,208,4,10,507.11,2025-09-09
9625,737,357,45,9,1442.32,2025-01-11
9626,897,189,25,9,3542.63,2025-08-01
9627,64,362,36,8,2898.93,2024-08-29
9628,427,105,16,4,955.01,2025-01-28
9629,580,207,64,9,1566.14,2025-06-09
9630,127,223,97,1,256.66,2025-04-05
9631,262,281,91,10,4206.12,2026-05-02
9632,313,2,1,2,300.14,2025-06-06
9633,279,19,57,1,378.25,2024-09-10
9634,153,123,100,6,1301.66,2024-08-22
9635,433,160,100,2,88.88,2025-01-21
9636,622,249,21,1,233.38,2026-05-30
9637,759,83,23,10,2173.4,2025-01-30
9638,920,170,96,9,2354.27,2025-02-17
9639,947,106,96,5,469.29,2025-11-13
9640,603,365,63,5,720.7,2026-05-18
9641,614,77,48,10,4149.6,2025-05-21
9642,658,471,77,2,805.08,2024-11-27
9643,832,211,53,8,2808.27,2026-02-20
9644,457,376,47,6,2976.35,2026-01-26
9645,473,429,72,9,4073.77,2025-08-27
9646,496,466,9,4,1913.12,2024-09-12
9647,331,97,76,1,422.96,2026-01-15
9648,732,303,8,3,570.63,2024-10-16
9649,508,236,16,7,2469.16,2025-10-16
9650,732,206,1,9,1578.87,2025-07-28
9651,951,115,90,2,496.45,2026-05-08
9652,987,474,21,1,143.45,2026-01-22
9653,813,31,6,6,1205.82,2024-07-13
9654,922,51,53,5,390.2,2025-10-01
9655,477,181,19,7,2984.99,2025-07-22
9656,1,225,15,8,3141.42,2024-08-09
9657,590,362,95,3,1329.14,2025-06-02
9658,441,110,95,8,553.93,2024-07-10
9659,895,408,98,6,146.7,2025-02-24
9660,714,235,21,5,528.27,2025-03-25
9661,939,13,89,10,3659.36,2025-01-11
9662,561,323,13,5,605.58,2024-12-07
9663,417,237,51,8,3648.44,2024-07-08
9664,172,435,57,3,1403.41,2024-12-09
9665,357,160,32,1,89.04,2026-03-27
9666,238,295,9,2,420.42,2025-07-20
9667,432,140,62,6,1589.59,2025-05-07
9668,56,423,37,3,543.07,2024-11-04
9669,913,263,21,7,2851.18,2024-10-14
9670,447,318,3,1,347.39,2025-09-23
9671,111,164,91,7,2470.85,2025-12-23
9672,833,95,51,6,214.51,2025-02-08
9673,31,360,80,2,268.06,2025-04-09
9674,886,70,20,8,1029.51,2024-10-25
9675,730,222,50,1,411.46,2024-10-17
9676,994,166,37,8,1832.04,2026-05-30
9677,754,326,23,1,175.67,2025-07-16
9678,995,334,15,5,476.25,2025-01-31
9679,285,114,43,7,3425.53,2024-08-14
9680,968,495,65,4,1426.45,2025-11-11
9681,478,282,86,7,3209.32,2024-12-19
9682,911,35,31,1,195.53,2025-05-22
9683,341,232,29,9,318.34,2025-03-20
9684,388,398,57,3,226.67,2025-05-18
9685,935,335,72,9,3451.14,2026-03-03
9686,341,427,48,7,1136.62,2025-09-27
9687,323,62,4,3,648.62,2026-01-13
9688,753,179,86,8,202.76,2025-11-11
9689,9,187,21,6,2947.52,2024-12-29
9690,37,288,52,10,4742.08,2026-03-29
9691,817,137,38,9,2308.52,2024-09-04
9692,196,176,87,2,161.64,2026-06-15
9693,872,496,90,10,2996.19,2026-04-06
9694,672,89,41,9,2725.89,2024-09-06
9695,155,448,52,9,1895.67,2024-09-22
9696,26,18,50,4,682.19,2025-02-02
9697,355,33,47,3,542.01,2025-06-16
9698,780,488,76,2,503.27,2026-04-28
9699,372,39,75,8,2827.98,2025-08-25
9700,534,129,76,4,991.27,2025-03-16
9701,856,89,59,6,747.49,2024-07-13
9702,890,129,43,4,592.87,2025-10-11
9703,686,34,80,9,2972.3,2024-11-12
9704,164,58,26,8,1784.74,2025-05-01
9705,92,204,36,5,1100.5,2024-11-15
9706,153,481,90,7,398.54,2025-07-10
9707,255,78,19,7,2727.27,2026-06-29
9708,810,134,100,3,1279.47,2024-12-16
9709,693,262,13,8,310.24,2025-03-22
9710,541,354,14,1,71.46,2024-12-03
9711,454,38,79,3,899.32,2026-05-09
9712,45,397,72,9,2492.25,2025-04-11
9713,675,129,32,10,4422.66,2025-09-07
9714,972,155,71,8,3109.33,2026-05-03
9715,916,206,66,2,817.12,2024-09-10
9716,949,308,32,2,508.03,2025-03-14
9717,534,437,3,1,369.36,2025-08-17
9718,826,304,78,6,1603.16,2025-06-30
9719,671,466,66,1,178.26,2026-07-05
9720,275,9,25,1,282.32,2025-09-10
9721,860,13,44,4,622.63,2024-07-24
9722,759,58,89,1,285.38,2026-01-07
9723,972,364,29,1,182.77,2026-04-13
9724,531,369,85,6,2876.73,2024-10-09
9725,606,303,5,7,2862.81,2025-12-05
9726,797,121,9,3,1444.46,2025-01-15
9727,425,292,39,2,434.49,2025-02-22
9728,141,492,82,7,214.06,2026-02-20
9729,979,451,38,2,194.33,2026-04-08
9730,850,217,100,7,3374.98,2024-11-07
9731,118,77,91,5,446.05,2025-12-21
9732,885,98,51,6,1750.03,2024-07-24
9733,838,415,35,3,134.27,2024-09-14
9734,574,402,34,10,2644.39,2026-05-31
9735,742,165,77,10,4526.98,2025-06-10
9736,399,3,75,2,853.35,2025-03-01
9737,230,41,93,3,60.7,2025-06-23
9738,379,214,88,5,1888.21,2024-11-10
9739,924,447,16,6,1546.86,2024-08-31
9740,503,436,66,7,1452.9,2026-03-05
9741,293,295,80,2,242.64,2026-04-21
9742,311,121,65,6,2566.17,2025-09-04
9743,406,149,84,10,3441.98,2025-12-19
9744,361,21,68,2,422.02,2025-10-12
9745,742,362,73,7,624.4,2024-09-14
9746,909,67,99,6,667.29,2025-06-13
9747,24,242,19,3,1279.71,2024-08-17
9748,566,470,63,5,2244.03,2025-06-07
9749,939,96,53,7,995.7,2026-01-05
9750,686,444,73,2,896.9,2024-08-25
9751,955,399,47,6,2466.46,2025-04-22
9752,558,204,16,8,1124.97,2024-09-22
9753,705,166,65,9,3402.16,2025-03-29
9754,320,453,5,4,1187.09,2024-10-29
9755,278,325,36,9,1127.15,2025-04-25
9756,486,264,68,3,1032.47,2026-05-29
9757,951,262,16,6,1746.04,2025-01-17
9758,444,314,50,10,1025.53,2024-12-15
9759,201,92,48,6,1216.96,2024-07-21
9760,146,488,59,10,2190.98,2024-10-06
9761,143,123,54,7,2452.82,2026-01-17
9762,826,90,61,9,1199.33,2025-09-03
9763,261,63,69,6,784.4,2024-11-24
9764,622,361,97,4,1257.0,2026-05-14
9765,651,241,72,6,2899.93,2025-12-25
9766,985,402,18,1,97.28,2026-05-25
9767,882,233,64,9,256.67,2024-07-21
9768,28,216,17,2,690.83,2025-11-22
9769,889,469,3,10,1621.76,2026-03-15
9770,677,389,74,3,1138.42,2025-10-24
9771,229,398,47,5,741.9,2025-12-03
9772,902,430,83,4,612.94,2024-09-08
9773,637,38,4,5,1771.64,2025-11-08
9774,245,377,90,4,437.66,2026-03-11
9775,442,430,85,2,833.9,2025-11-16
9776,878,294,82,7,3386.88,2026-05-19
9777,433,328,63,1,446.45,2024-09-15
9778,662,325,18,5,1229.67,2026-04-27
9779,100,41,85,1,361.97,2025-02-26
9780,565,118,66,1,161.73,2026-05-09
9781,480,434,72,5,692.56,2025-10-30
9782,812,44,83,3,627.76,2024-10-29
9783,729,244,80,9,2110.89,2025-06-23
9784,193,444,96,6,1975.73,2024-12-06
9785,333,109,76,5,441.92,2025-07-15
9786,133,69,34,4,1887.06,2025-05-02
9787,783,253,62,3,578.52,2026-06-14
9788,467,234,33,8,3116.66,2025-05-10
9789,348,25,22,6,1404.2,2026-06-02
9790,534,270,45,2,672.03,2026-01-16
9791,959,474,37,3,194.26,2026-04-08
9792,36,117,92,9,1514.93,2024-10-03
9793,236,299,51,7,777.07,2024-08-29
9794,853,259,39,-5,2293.28,2024-09-02
9795,17,389,96,3,1228.32,2025-01-24
9796,922,353,81,5,1209.09,2024-12-10
9797,253,189,85,10,3904.92,2025-06-14
9798,319,229,97,9,3599.69,2024-07-27
9799,393,296,90,8,374.95,2025-01-20
9800,182,270,44,4,1390.34,2025-08-31
9801,655,28,20,4,331.14,2026-03-14
9802,84,437,54,6,1014.2,2025-06-10
9803,297,211,96,8,2433.48,2025-06-17
9804,538,341,9,8,2636.2,2024-08-06
9805,584,265,56,9,4472.63,2025-04-16
9806,765,471,11,4,1457.75,2026-03-23
9807,334,317,92,4,1749.88,2025-10-30
9808,336,403,75,5,1972.64,2025-01-17
9809,67,59,92,3,1074.14,2026-05-07
9810,449,89,30,9,1628.57,2026-01-19
9811,53,45,80,6,2888.35,2025-09-10
9812,507,250,74,5,1205.5,2024-12-13
9813,691,101,65,7,602.47,2025-08-12
9814,851,181,38,10,2019.55,2024-11-15
9815,899,253,87,10,4729.54,2025-10-11
9816,725,246,71,8,2349.54,2026-04-26
9817,814,70,3,3,1226.53,2026-03-11
9818,661,64,3,1,284.07,2026-04-09
9819,262,92,65,1,66.76,2025-03-30
9820,611,30,51,7,2383.82,2026-04-09
9821,330,251,42,3,520.42,2026-04-10
9822,260,444,75,10,1832.94,2025-05-17
9823,408,228,13,1,291.23,2024-07-16
9824,9,1,92,1,338.62,2026-04-17
9825,362,264,89,5,1614.79,2026-01-18
9826,280,81,85,8,3616.81,2026-05-24
9827,690,461,83,3,756.63,2026-03-06
9828,738,355,76,5,2203.77,2026-05-15
9829,721,338,17,7,1563.09,2025-04-13
9830,529,102,6,10,1627.57,2024-10-12
9831,128,301,60,6,451.11,2025-12-01
9832,66,93,84,3,1129.84,2025-09-03
9833,263,106,98,4,1740.12,2024-11-15
9834,968,222,60,4,708.89,2026-06-10
9835,697,248,64,6,2065.48,2025-03-30
9836,925,370,17,8,976.68,2024-11-29
9837,788,172,69,7,2825.2,2025-03-06
9838,212,341,9,8,1399.06,2025-06-08
9839,663,303,57,1,163.79,2025-07-23
9840,2,241,62,10,642.32,2025-08-27
9841,703,322,24,2,644.37,2024-07-09
9842,808,212,11,9,308.94,2026-02-13
9843,493,432,34,10,3062.38,2025-02-17
9844,725,212,78,7,1460.6,2025-02-08
9845,280,243,20,8,3356.9,2025-07-01
9846,769,480,22,2,481.08,2026-06-02
9847,378,200,55,5,1943.31,2026-05-04
9848,251,401,95,9,3015.79,2025-09-21
9849,357,388,26,1,124.65,2025-10-23
9850,868,470,74,7,3265.59,2024-10-18
9851,905,186,42,6,2179.57,2025-03-07
9852,754,456,49,9,2104.51,2024-12-04
9853,747,6,61,8,954.42,2024-11-28
9854,765,29,85,9,3460.05,2024-12-22
9855,706,115,84,8,835.29,2024-10-26
9856,473,431,50,10,1628.17,2026-02-08
9857,426,384,87,5,2373.49,2024-11-19
9858,388,46,34,2,216.08,2025-08-02
9859,808,312,27,10,3548.81,2025-11-23
9860,243,55,99,7,2391.8,2026-01-28
9861,882,493,57,10,2095.33,2025-08-07
9862,306,131,29,6,1256.05,2025-07-29
9863,40,299,41,10,4363.94,2024-11-10
9864,857,173,51,2,644.37,2026-04-12
9865,17,32,84,7,871.51,2025-12-04
9866,149,365,16,7,814.86,2025-04-11
9867,80,200,34,1,192.18,2025-02-19
9868,474,446,95,1,233.76,2025-06-27
9869,860,466,65,1,438.13,2024-07-12
9870,759,335,47,2,126.79,2026-03-20
9871,705,374,61,4,1757.4,2026-05-14
9872,374,477,21,4,1240.36,2026-05-03
9873,909,84,98,8,3700.15,2025-09-02
9874,768,279,51,10,1721.13,2025-03-12
9875,714,32,43,8,1929.51,2025-02-26
9876,607,300,92,6,978.81,2026-03-25
9877,187,356,76,1,247.62,2026-04-09
9878,784,308,13,10,2044.07,2024-08-25
9879,563,94,62,6,962.23,2024-08-09
9880,131,294,32,1,43.82,2026-03-14
9881,846,54,28,4,1569.79,2025-06-08
9882,586,100,61,3,623.18,2026-03-29
9883,161,33,32,5,1109.66,2024-11-12
9884,865,275,37,7,2686.36,2024-10-23
9885,494,43,89,2,385.32,2024-09-07
9886,70,270,35,3,1128.26,2024-08-17
9887,662,192,9,3,1068.55,2026-02-22
9888,424,386,11,10,1895.33,2025-11-16
9889,929,187,44,8,1833.22,2024-12-28
9890,159,113,89,9,2772.15,2026-05-14
9891,133,354,70,6,1161.21,2025-07-29
9892,685,14,56,6,1722.35,2025-08-11
9893,683,78,99,4,91.02,2026-04-27
9894,891,366,23,3,847.59,2026-03-11
9895,817,121,46,10,4656.25,2026-05-19
9896,450,270,79,3,842.16,2024-12-12
9897,744,458,25,8,558.86,2025-09-26
9898,613,333,53,6,2432.15,2026-02-25
9899,161,211,68,5,1262.62,2024-10-25
9900,511,137,53,5,2141.18,2026-05-16
9901,329,18,59,5,1722.13,2024-07-13
9902,252,53,98,3,1351.49,2025-05-15
9903,126,282,46,1,463.18,2025-09-28
9904,51,479,70,1,272.64,2026-04-09
9905,758,159,45,8,1373.79,2025-04-07
9906,347,278,15,1,378.64,2026-05-28
9907,11,56,1,1,173.63,2025-10-11
9908,570,456,88,9,4087.35,2025-10-31
9909,504,412,34,7,1774.58,2025-02-17
9910,82,302,28,5,1298.92,2026-03-26
9911,791,374,71,8,2200.54,2026-02-04
9912,850,197,82,7,1406.48,2026-04-25
9913,339,125,29,5,1032.79,2025-10-24
9914,455,227,36,4,656.67,2025-07-24
9915,235,102,62,10,2160.43,2025-06-28
9916,152,80,89,10,4491.99,2025-08-02
9917,175,258,15,7,3230.79,2024-10-04
9918,354,1,24,10,4639.38,2026-04-16
9919,212,282,82,4,1011.05,2026-03-20
9920,321,26,42,8,1100.32,2026-07-08
9921,297,5,41,3,226.04,2024-09-25
9922,134,385,54,1,141.2,2024-08-23
9923,886,466,83,1,319.67,2025-05-04
9924,610,39,35,10,2249.92,2026-05-28
9925,499,231,31,6,2854.49,2024-09-19
9926,586,273,97,7,1408.9,2025-06-10
9927,622,286,12,6,1792.13,2026-03-30
9928,497,369,30,8,3045.28,2025-01-23
9929,210,315,57,7,1604.41,2025-01-27
9930,537,231,39,9,2457.3,2026-02-14
9931,700,349,45,9,3409.23,2026-07-01
9932,251,58,81,6,1423.73,2026-02-16
9933,983,135,34,10,2769.06,2025-12-24
9934,67,471,56,10,4676.99,2025-07-05
9935,328,93,44,4,1700.97,2026-04-21
9936,489,248,36,8,1123.74,2024-11-30
9937,162,41,19,4,922.09,2025-04-29
9938,528,234,57,4,1054.57,2025-02-21
9939,835,38,80,6,1224.45,2026-04-28
9940,775,289,67,2,930.66,2026-06-26
9941,505,304,86,8,1435.3,2025-10-07
9942,227,65,94,9,3844.85,2025-10-23
9943,42,328,100,3,1232.13,2025-06-07
9944,332,302,2,1,460.71,2024-08-19
9945,758,59,57,6,945.56,2025-02-14
9946,564,187,37,4,809.19,2026-04-23
9947,581,35,74,1,174.81,2024-10-30
9948,948,95,38,4,612.32,2025-01-29
9949,674,379,61,7,562.3,2025-09-30
9950,193,313,30,2,981.45,2026-03-29
9951,933,29,100,4,1880.45,2025-10-30
9952,208,191,25,7,1269.75,2026-02-26
9953,484,161,75,6,1884.09,2024-09-12
9954,406,416,21,9,266.99,2024-09-17
9955,721,62,77,9,983.11,2026-05-07
9956,538,251,72,7,3218.52,2024-09-24
9957,334,325,61,8,3093.4,2026-05-19
9958,566,75,100,9,,2024-07-22
9959,477,437,55,8,3939.45,2025-12-23
9960,955,241,59,4,171.01,2025-05-09
9961,833,264,93,4,1195.61,2025-04-19
9962,866,198,53,4,1745.87,2024-09-15
9963,674,292,64,1,293.23,2025-05-14
9964,953,172,2,9,3680.99,2024-12-28
9965,300,143,47,1,349.34,2025-06-12
9966,144,308,52,1,232.97,2026-03-26
9967,917,499,94,3,1421.02,2026-05-03
9968,18,476,57,1,349.41,2025-04-04
9969,187,354,19,10,1310.35,2025-02-03
9970,460,265,21,7,1335.13,2026-03-04
9971,244,9,43,6,954.19,2026-07-01
9972,81,378,45,10,1660.59,2026-04-11
9973,70,235,57,7,1819.58,2025-11-07
9974,565,431,99,6,705.49,2024-12-03
9975,821,327,41,8,792.03,2025-09-24
9976,901,303,71,9,571.22,2024-09-24
9977,519,344,65,8,2735.09,2024-10-26
9978,338,365,41,5,117.15,2025-10-18
9979,826,2,47,4,1406.11,2025-01-28
9980,347,317,81,4,1503.98,2024-07-28
9981,535,112,80,8,705.03,2025-12-24
9982,465,380,90,6,215.72,2025-04-14
9983,817,98,6,1,187.62,2025-11-11
9984,460,94,9,7,2176.19,2026-02-14
9985,326,199,71,3,830.01,2025-01-01
9986,801,15,24,4,1141.36,2024-09-26
9987,534,480,43,8,3481.8,2026-06-05
9988,899,417,72,4,943.61,2025-12-29
9989,984,372,74,3,220.76,2024-12-14
9990,229,243,14,3,506.66,2024-08-19
9991,892,454,55,8,1086.72,2025-08-12
9992,849,491,68,4,1167.41,2025-09-19
9993,35,209,72,6,1648.4,2025-08-21
9994,514,105,55,5,1740.32,2026-04-08
9995,434,227,21,9,4192.7,2026-06-21
9996,436,173,86,4,1108.6,2025-05-15
9997,409,244,62,7,294.32,2026-06-26
9998,359,289,46,6,2987.56,2024-07-08
9999,753,468,97,8,3173.1,2026-02-16
10000,831,2,41,6,956.96,2025-08-01
1,661,477,23,9,3175.63,2026-05-30
2,296,72,24,9,900.86,2025-04-27
3,635,28,46,6,2544.92,2025-09-20
4,200,418,50,1,252.61,2024-09-05
5,507,210,88,9,2363.49,2024-07-25
6,861,228,63,8,1756.02,2025-06-16
7,32,408,98,3,179.05,2025-04-25
8,282,116,69,4,640.81,2024-11-05
9,469,290,96,5,503.7,2025-06-14
10,116,294,15,8,2270.95,2025-02-06
11,844,188,70,5,1960.27,2025-11-24
12,452,280,28,1,384.8,2026-06-17
13,850,335,97,7,484.12,2025-12-04
14,34,231,34,4,651.6,2024-09-30
15,90,225,16,6,2603.13,2026-03-09
16,756,302,89,4,482.97,2024-07-25
17,625,324,55,6,2599.82,2026-01-11
18,804,106,27,3,947.26,2025-04-23
19,546,144,77,1,293.64,2025-11-15
20,721,150,38,9,907.39,2025-04-27
21,879,264,87,10,1483.25,2026-04-21
22,769,403,53,2,170.17,2025-11-21
23,888,336,17,1,496.39,2024-10-06
24,729,165,32,3,419.54,2025-02-21
25,592,324,35,7,1784.58,2025-09-17
26,78,325,99,7,1400.58,2026-05-30
27,768,143,89,2,426.74,2026-02-10
28,500,168,75,6,1429.52,2026-04-20
29,868,376,12,1,437.08,2024-10-12
30,715,184,9,8,2597.79,2025-01-22
31,992,220,28,9,1898.13,2024-07-17
32,849,146,44,8,1191.18,2026-02-28
33,580,437,63,9,2676.67,2025-05-16
34,781,25,6,6,2695.17,2025-06-02
35,857,236,3,2,641.13,2025-06-23
36,162,226,59,2,932.26,2024-10-24
37,439,104,89,1,496.08,2025-07-28
38,310,82,36,3,1330.29,2025-07-27
39,257,43,48,2,668.4,2024-09-26
40,641,157,93,3,134.57,2024-10-11
41,94,361,13,4,904.12,2025-10-23
42,80,68,76,1,122.44,2024-09-04
43,456,5,2,4,1077.33,2026-03-29
44,881,217,89,6,2473.27,2026-05-24
45,235,197,12,3,747.89,2025-09-11
46,377,452,39,2,139.07,2024-12-07
47,833,386,18,3,611.12,2025-12-12
48,577,5,79,3,158.51,2024-11-03
49,740,110,81,3,693.74,2026-04-15
50,631,352,57,3,1384.65,2024-12-12
