order_id,customer_id,order_date,status
1,227,2025-05-02,Delivered
2,58,2025-04-09,Cancelled
3,280,2024-12-30,Shipped
4,76,2024-11-29,Returned
5,461,2025-06-02,Delivered
6,461,2025-10-20,Delivered
7,182,2024-07-13,Pending
8,499,2025-09-29,Cancelled
9,443,2025-07-29,Cancelled
10,452,2026-04-26,Returned
11,401,2026-01-26,Cancelled
12,137,2025-01-07,Pending
13,447,2026-01-12,Cancelled
14,419,2025-08-01,Cancelled
15,115,2025-02-02,Returned
16,143,2025-05-23,Returned
17,180,2026-06-27,Shipped
18,170,2025-09-05,Returned
19,92,2025-09-28,Delivered
20,56,2025-04-19,Returned
21,224,2024-08-02,Pending
22,461,2024-08-06,Pending
23,1,2025-09-22,Cancelled
24,187,2025-07-18,Returned
25,320,2026-01-06,Returned
26,260,2025-04-20,Pending
27,357,2024-10-03,Pending
28,341,2025-10-01,Cancelled
29,316,2025-07-17,Delivered
30,156,2025-12-26,Shipped
31,311,2024-09-08,Pending
32,346,2024-10-26,Cancelled
33,338,2026-01-26,Shipped
34,172,2026-01-27,Cancelled
35,345,2025-08-20,Cancelled
36,13,2026-05-06,Shipped
37,436,2026-02-10,Shipped
38,100,2026-03-04,Pending
39,125,2025-02-10,Delivered
40,399,2025-07-04,Shipped
41,238,2025-08-13,Delivered
42,234,2024-09-06,Shipped
43,287,2025-08-18,Pending
44,314,2026-05-30,Pending
45,426,2025-10-24,Cancelled
46,381,2024-09-14,Cancelled
47,431,2025-01-14,Shipped
48,249,2025-07-09,Delivered
49,366,2025-11-09,Returned
50,458,2026-02-04,Cancelled
51,197,2025-12-05,Delivered
52,213,2025-12-09,Pending
53,32,2024-09-06,Shipped
54,485,2025-12-21,Shipped
55,195,2025-11-12,Returned
56,386,2025-08-30,Pending
57,276,2026-03-19,Shipped
58,460,2025-10-01,Pending
59,249,2025-03-07,Pending
60,371,2025-10-27,Cancelled
61,319,2024-08-17,Shipped
62,289,2026-06-09,Pending
63,70,2025-03-31,Returned
64,195,2025-08-27,Returned
65,390,2026-03-04,Pending
66,130,2024-07-16,Shipped
67,27,2025-07-07,Delivered
68,400,2025-06-25,Delivered
69,487,2025-08-10,Shipped
70,79,2026-06-11,Delivered
71,289,2025-07-07,Returned
72,393,2025-09-26,Delivered
73,399,2026-01-28,Delivered
74,297,2025-03-22,Pending
75,204,2025-05-31,Shipped
76,354,2025-04-08,Returned
77,436,2026-03-19,Shipped
78,401,2025-02-21,Returned
79,36,2025-02-17,Pending
80,422,2024-11-15,Returned
81,326,2024-08-04,Cancelled
82,223,2025-12-29,Returned
83,316,2026-06-24,Pending
84,239,2025-10-15,Returned
85,166,2026-02-10,Delivered
86,143,2025-03-01,Pending
87,292,2026-01-23,Delivered
88,254,2026-03-09,Cancelled
89,182,2025-09-18,Shipped
90,360,2025-01-26,Shipped
91,486,2024-08-24,Pending
92,251,2025-11-08,Pending
93,331,2025-07-10,Delivered
94,48,2025-09-30,Cancelled
95,157,2024-11-16,Shipped
96,272,2025-09-25,Shipped
97,170,2024-08-17,Returned
98,129,2025-11-29,Returned
99,62,2025-02-19,Cancelled
100,99,2026-03-28,Shipped
101,390,2026-01-31,Delivered
102,427,2025-11-04,Cancelled
103,535,2024-07-29,Delivered
104,499,2025-02-15,Cancelled
105,327,2025-07-19,Delivered
106,294,2024-09-10,Returned
107,95,2024-10-14,Pending
108,59,2025-08-04,Delivered
109,296,2024-09-05,Cancelled
110,416,2026-04-30,Cancelled
111,61,2026-03-08,Shipped
112,405,2025-02-08,Pending
113,231,2025-01-19,Shipped
114,220,2024-10-18,Shipped
115,492,2025-10-29,Cancelled
116,321,2025-02-11,Cancelled
117,123,2025-02-06,Delivered
118,210,2026-05-05,Returned
119,17,2025-01-23,Pending
120,37,2024-07-19,Shipped
121,339,2026-02-03,Delivered
122,279,2024-10-02,Returned
123,424,2025-10-20,Returned
124,305,2024-11-20,Returned
125,225,2026-06-14,Pending
126,483,2025-10-10,Pending
127,42,2026-02-01,Returned
128,310,2024-11-02,Shipped
129,301,2025-12-01,Returned
130,296,2025-06-19,Pending
131,266,2025-04-21,Cancelled
132,300,2026-03-27,Delivered
133,241,2024-11-21,Delivered
134,440,2025-01-26,Pending
135,148,2026-03-07,Shipped
136,19,2026-01-03,Returned
137,60,2025-01-07,Shipped
138,423,2025-07-19,Shipped
139,237,2024-11-25,Returned
140,319,2026-03-20,Delivered
141,105,2025-08-21,Returned
142,225,2026-05-08,Delivered
143,499,2024-08-02,Cancelled
144,160,2025-03-31,Delivered
145,116,2024-09-11,Pending
146,485,2024-10-28,Pending
147,478,2025-10-13,Returned
148,213,2026-07-03,Cancelled
149,234,2026-04-07,Shipped
150,261,2024-11-04,Delivered
151,142,2026-04-19,Returned
152,479,2025-07-28,Delivered
153,145,2026-02-12,Shipped
154,338,2025-05-24,Shipped
155,248,2026-02-26,Shipped
156,194,2025-05-01,Cancelled
157,358,2025-01-08,Pending
158,23,2025-12-03,Pending
159,198,2025-06-14,Cancelled
160,254,2026-01-22,Shipped
161,170,2025-11-15,Pending
162,52,2024-11-14,Cancelled
163,210,2024-12-18,Delivered
164,241,2025-09-29,Shipped
165,355,2026-01-29,Returned
166,437,2026-04-22,Returned
167,321,2025-04-02,Shipped
168,19,2024-08-19,Returned
169,117,2025-11-18,Delivered
170,390,2025-01-29,Pending
171,86,2026-02-14,Delivered
172,167,2026-04-05,Returned
173,221,2024-10-06,Shipped
174,350,2024-08-17,Delivered
175,313,2024-11-15,Cancelled
176,255,2025-07-03,Pending
177,327,2025-05-13,Delivered
178,461,2025-07-12,Shipped
179,81,2025-02-27,Shipped
180,154,2025-07-12,Returned
181,234,2026-02-07,Pending
182,437,2026-02-12,Shipped
183,184,2026-06-24,Returned
184,12,2025-08-25,Returned
185,5,2025-01-05,Delivered
186,467,2025-04-28,Returned
187,398,2025-12-20,Returned
188,113,2026-01-07,Cancelled
189,322,2025-05-06,Delivered
190,159,2025-07-11,Returned
191,375,2025-01-27,Returned
192,383,2024-10-28,Shipped
193,449,2025-08-24,Returned
194,426,2026-05-14,Pending
195,496,2025-06-10,Returned
196,412,2024-07-17,Cancelled
197,387,2025-02-17,Pending
198,496,2026-06-28,Delivered
199,405,2026-03-19,Delivered
200,233,2025-06-21,Returned
201,300,2025-04-30,Returned
202,56,2025-12-17,Shipped
203,453,2025-03-10,Shipped
204,114,2025-08-23,Pending
205,466,2025-12-20,Delivered
206,72,2024-08-08,Pending
207,60,2024-09-21,Cancelled
208,199,2026-06-20,Shipped
209,215,2025-08-24,Pending
210,336,2025-11-15,Pending
211,481,2025-04-08,Returned
212,112,2026-04-24,Returned
213,51,2025-06-08,Returned
214,32,2025-10-25,Delivered
215,486,2026-06-21,Cancelled
216,329,2025-11-26,Delivered
217,403,2026-05-05,Shipped
218,106,2025-02-04,Cancelled
219,301,2025-03-25,Returned
220,397,2025-02-02,Delivered
221,142,2025-01-31,Cancelled
222,277,2026-03-23,Delivered
223,516,2024-09-22,Delivered
224,90,2025-01-22,Pending
225,270,2025-11-28,Pending
226,399,2025-10-04,Pending
227,258,2025-05-07,Shipped
228,155,2025-07-01,Delivered
229,246,2026-02-28,Delivered
230,252,2025-12-14,Delivered
231,165,2026-02-09,Returned
232,320,2025-01-11,Returned
233,196,2026-01-29,Pending
234,259,2025-12-11,Delivered
235,437,2025-10-08,Shipped
236,370,2026-02-26,Cancelled
237,212,2024-12-06,Pending
238,374,2025-08-15,Returned
239,192,2025-03-27,Pending
240,35,2025-12-16,Pending
241,50,2025-12-26,Cancelled
242,285,2024-11-24,Shipped
243,169,2025-03-08,Pending
244,445,2025-09-06,Returned
245,308,2024-07-16,Shipped
246,109,2025-12-12,Delivered
247,180,2024-07-14,Returned
248,294,2026-04-14,Shipped
249,499,2024-08-29,Shipped
250,14,2024-07-17,Returned
251,15,2025-05-23,Returned
252,472,2026-09-03,Cancelled
253,290,2025-08-19,Delivered
254,47,2024-09-26,Pending
255,233,2025-12-22,Returned
256,398,2025-06-19,Delivered
257,80,2025-04-07,Delivered
258,140,2024-12-25,Shipped
259,227,2026-01-22,Shipped
260,59,2025-02-13,Shipped
261,250,2025-01-19,Cancelled
262,203,2024-12-04,Cancelled
263,155,2024-08-03,Returned
264,149,2026-08-26,Pending
265,90,2025-11-01,Cancelled
266,257,2024-09-17,Returned
267,37,2024-08-21,Pending
268,10,2026-07-06,Returned
269,295,2025-10-12,Pending
270,149,2025-11-30,Returned
271,88,2026-06-02,Returned
272,46,2026-04-17,Pending
273,302,2024-12-23,Returned
274,382,2025-10-16,Cancelled
275,40,2025-11-15,Shipped
276,100,2024-10-10,Cancelled
277,121,2026-01-08,Cancelled
278,309,2024-10-09,Delivered
279,91,2024-09-13,Pending
280,387,2026-05-04,Shipped
281,330,2025-10-20,Returned
282,78,2024-10-16,Returned
283,408,2025-04-26,Shipped
284,38,2025-11-29,Delivered
285,189,2026-02-21,Delivered
286,315,2026-06-06,Shipped
287,284,2025-11-23,Delivered
288,231,2025-09-20,Cancelled
289,165,2026-03-23,Delivered
290,231,2024-11-28,Returned
291,366,2026-06-03,Delivered
292,127,2024-10-02,Shipped
293,268,2025-12-30,Returned
294,199,2024-11-28,Shipped
295,27,2025-01-20,Delivered
296,169,2025-02-21,Returned
297,130,2025-07-05,Shipped
298,448,2025-12-03,Cancelled
299,470,2026-07-05,Pending
300,67,2024-09-04,Returned
301,287,2025-11-16,Cancelled
302,344,2025-06-25,Shipped
303,48,2026-06-24,Returned
304,10,2025-02-07,Cancelled
305,175,2026-02-25,Cancelled
306,71,2025-06-04,Delivered
307,260,2025-12-27,Shipped
308,20,2026-06-09,Shipped
309,68,2025-12-08,Cancelled
310,426,2026-02-25,Cancelled
311,370,2026-02-26,Cancelled
312,497,2025-03-16,Pending
313,120,2025-01-23,Pending
314,463,2024-11-10,Shipped
315,226,2026-03-06,Pending
316,258,2024-09-03,Cancelled
317,411,2025-02-08,Delivered
318,329,2026-03-03,Delivered
319,365,2024-08-25,Returned
320,43,2025-05-01,Shipped
321,76,2025-05-05,Cancelled
322,419,2025-03-23,Delivered
323,213,2024-08-23,Cancelled
324,198,2025-01-24,Delivered
325,164,2026-03-31,Returned
326,406,2025-01-29,Pending
327,357,2024-11-23,Pending
328,230,2025-06-15,Delivered
329,132,2024-08-30,Shipped
330,271,2025-07-24,Cancelled
331,155,2026-06-29,Shipped
332,235,2024-12-10,Pending
333,306,2025-10-25,Shipped
334,124,2025-05-08,Delivered
335,315,2024-11-23,Cancelled
336,341,2025-11-21,Returned
337,35,2025-07-25,Shipped
338,284,2024-09-30,Delivered
339,326,2024-10-27,Delivered
340,183,2025-08-31,Delivered
341,396,2026-02-25,Cancelled
342,23,2025-06-07,Cancelled
343,426,2024-12-24,Pending
344,324,2025-10-27,Pending
345,19,2025-11-19,Cancelled
346,454,2024-09-28,Shipped
347,204,2026-06-16,Returned
348,19,2025-06-15,Returned
349,442,2026-01-14,Returned
350,140,2025-01-25,Pending
351,381,2024-09-26,Returned
352,499,2024-08-04,Returned
353,474,2024-09-02,Delivered
354,373,2024-08-31,Cancelled
355,280,2025-09-24,Returned
356,339,2026-01-24,Pending
357,86,2025-01-18,Delivered
358,373,2026-03-03,Pending
359,141,2025-06-19,Delivered
360,39,2024-07-22,Shipped
361,411,2026-06-04,Delivered
362,74,2025-07-29,Pending
363,18,2024-10-31,Returned
364,186,2025-11-27,Shipped
365,79,2025-11-17,Returned
366,228,2024-07-08,Shipped
367,188,2026-07-02,Cancelled
368,492,2024-08-06,Pending
369,266,2025-12-06,Returned
370,397,2025-05-07,Shipped
371,147,2025-01-30,Cancelled
372,63,2024-11-02,Cancelled
373,461,2026-01-02,Returned
374,342,2025-03-21,Shipped
375,149,2026-06-10,Cancelled
376,407,2025-05-07,Cancelled
377,406,2025-09-27,Delivered
378,185,2024-07-10,Shipped
379,67,2025-08-12,Returned
380,204,2026-01-08,Shipped
381,211,2026-07-08,Delivered
382,65,2026-02-26,Pending
383,239,2025-07-24,Shipped
384,328,2025-07-14,Cancelled
385,222,2025-06-11,Delivered
386,266,2025-05-17,Returned
387,479,2026-04-24,Shipped
388,459,2026-01-24,Cancelled
389,326,2026-03-06,Returned
390,315,2026-03-30,Cancelled
391,304,2026-03-10,Shipped
392,369,2024-08-31,Shipped
393,22,2025-08-31,Delivered
394,486,2024-12-30,Cancelled
395,393,2024-07-10,Delivered
396,255,2025-05-02,Returned
397,248,2025-12-25,Pending
398,153,2026-04-04,Cancelled
399,226,2026-03-05,Returned
400,311,2025-07-17,Returned
401,376,2024-10-10,Pending
402,67,2025-09-21,Delivered
403,164,2025-08-27,Pending
404,127,2026-07-04,Pending
405,443,2025-04-12,Cancelled
406,417,2025-03-23,Returned
407,98,2025-12-19,Shipped
408,240,2025-02-28,Delivered
409,47,2025-05-15,Cancelled
410,111,2024-08-19,Returned
411,254,2025-11-11,Pending
412,147,2025-11-22,Pending
413,69,2024-09-16,Pending
414,188,2025-04-17,Shipped
415,100,2025-08-27,Pending
416,259,2026-05-01,Shipped
417,349,2025-03-29,Delivered
418,202,2024-09-08,Shipped
419,481,2026-04-22,Shipped
420,261,2025-06-30,Delivered
421,71,2026-02-18,Shipped
422,234,2026-02-23,Cancelled
423,168,2025-02-18,Pending
424,316,2025-11-23,Returned
425,260,2024-12-12,Shipped
426,154,2026-07-31,Delivered
427,214,2025-09-11,Delivered
428,306,2024-08-07,Shipped
429,296,2025-05-02,Pending
430,88,2025-12-03,Pending
431,76,2024-12-03,Shipped
432,486,2025-02-25,Pending
433,161,2025-12-30,Cancelled
434,211,2025-05-07,Pending
435,447,2026-06-04,Cancelled
436,266,2024-09-28,Pending
437,270,2025-11-09,Pending
438,468,2025-12-25,Returned
439,313,2025-04-13,Returned
440,286,2025-07-20,Returned
441,395,2024-09-11,Pending
442,163,2026-05-26,Returned
443,148,2025-11-11,Pending
444,459,2025-06-13,Cancelled
445,149,2026-01-30,Delivered
446,178,2024-12-02,Pending
447,110,2024-10-24,Shipped
448,357,2024-08-04,Shipped
449,123,2024-12-04,Shipped
450,116,2024-07-27,Pending
451,170,2026-01-18,Cancelled
452,3,2025-10-11,Cancelled
453,209,2025-01-09,Pending
454,245,2025-07-22,Returned
455,165,2025-05-05,Delivered
456,334,2024-08-25,Delivered
457,468,2026-03-15,Cancelled
458,479,2025-08-31,Pending
459,404,2025-11-19,Returned
460,449,2025-03-04,Shipped
461,55,2025-07-31,Pending
462,329,2025-08-26,Cancelled
463,436,2026-04-16,Delivered
464,170,2026-03-30,Returned
465,368,2025-06-21,Returned
466,291,2024-07-20,Shipped
467,439,2024-08-05,Pending
468,264,2025-03-28,Delivered
469,95,2024-08-20,Cancelled
470,4,2025-03-27,Returned
471,489,2026-03-11,Shipped
472,6,2026-01-19,Cancelled
473,32,2024-08-10,Cancelled
474,208,2025-05-18,Returned
475,354,2024-10-07,Returned
476,189,2024-12-19,Cancelled
477,245,2026-03-26,Shipped
478,192,2025-11-27,Pending
479,388,2025-12-08,Cancelled
480,391,2025-08-18,Delivered
481,270,2025-06-29,Delivered
482,470,2026-07-08,Shipped
483,463,2025-12-16,Cancelled
484,85,2026-05-14,Delivered
485,349,2026-05-18,Delivered
486,461,2025-08-28,Pending
487,68,2024-10-31,Delivered
488,287,2026-02-03,Delivered
489,203,2026-07-23,Shipped
490,38,2025-01-04,Delivered
491,278,2026-06-26,Delivered
492,479,2024-09-01,Cancelled
493,394,2024-08-05,Pending
494,192,2026-01-30,Pending
495,193,2024-10-25,Shipped
496,69,2025-07-22,Cancelled
497,276,2025-11-27,Cancelled
498,502,2024-07-22,Pending
499,345,2025-07-09,Pending
500,422,2026-06-12,Cancelled
501,142,2026-06-21,Delivered
502,17,2025-10-31,Delivered
503,124,2024-08-12,Delivered
504,229,2025-01-12,Delivered
505,126,2026-01-03,Cancelled
506,277,2025-11-23,Delivered
507,72,2024-10-17,Shipped
508,164,2024-07-19,Returned
509,122,2024-11-18,Shipped
510,114,2025-11-11,Shipped
511,486,2024-08-15,Cancelled
512,321,2026-06-10,Delivered
513,498,2025-03-03,Pending
514,403,2026-04-06,Pending
515,77,2026-03-16,Shipped
516,243,2024-09-21,Cancelled
517,413,2025-06-27,Pending
518,496,2025-10-25,Pending
519,125,2024-11-17,Delivered
520,473,2026-04-17,Shipped
521,371,2025-10-10,Pending
522,345,2024-08-26,Delivered
523,97,2026-04-04,Shipped
524,112,2026-04-03,Returned
525,156,2026-09-07,Cancelled
526,493,2024-10-04,Pending
527,469,2025-07-29,Cancelled
528,204,2025-10-13,Returned
529,195,2026-03-20,Returned
530,134,2025-10-29,Pending
531,51,2024-12-26,Returned
532,469,2024-08-26,Delivered
533,289,2026-03-24,Delivered
534,134,2024-12-12,Pending
535,152,2025-06-04,Pending
536,292,2025-03-27,Returned
537,132,2026-03-30,Pending
538,236,2026-04-18,Cancelled
539,72,2026-02-01,Shipped
540,329,2025-12-16,Delivered
541,484,2025-05-16,Delivered
542,212,2025-03-16,Delivered
543,363,2024-10-09,Pending
544,192,2025-12-21,Shipped
545,468,2025-09-28,Delivered
546,273,2026-08-12,Returned
547,275,2026-08-31,Pending
548,413,2025-03-14,Delivered
549,269,2026-04-18,Shipped
550,130,2026-03-16,Pending
551,41,2024-12-20,Shipped
552,125,2026-02-21,Delivered
553,335,2024-08-12,Delivered
554,48,2025-10-11,Pending
555,29,2024-11-19,Delivered
556,256,2025-03-25,Returned
557,290,2024-08-26,Shipped
558,471,2024-10-09,Shipped
559,244,2025-02-05,Returned
560,461,2024-10-25,Cancelled
561,476,2026-07-23,Shipped
562,74,2025-05-26,Pending
563,476,2024-11-15,Cancelled
564,291,2025-12-30,Shipped
565,170,2025-04-21,Delivered
566,257,2025-09-10,Delivered
567,224,2024-11-13,Shipped
568,394,2025-06-13,Returned
569,16,2025-01-13,Pending
570,252,2026-06-26,Pending
571,222,2025-10-03,Pending
572,44,2024-08-08,Cancelled
573,366,2024-10-19,Pending
574,365,2024-09-23,Pending
575,163,2026-03-14,Returned
576,228,2026-04-27,Cancelled
577,45,2025-11-11,Shipped
578,263,2025-10-26,Returned
579,284,2025-04-26,Returned
580,443,2026-03-04,Pending
581,399,2024-11-07,Cancelled
582,293,2024-07-20,Cancelled
583,72,2026-05-22,Cancelled
584,33,2025-07-21,Returned
585,248,2024-09-08,Cancelled
586,370,2024-07-12,Cancelled
587,235,2024-07-13,Pending
588,171,2024-11-24,Returned
589,226,2026-06-27,Shipped
590,70,2024-09-15,Cancelled
591,246,2026-01-07,Returned
592,150,2025-11-26,Shipped
593,401,2025-10-12,Pending
594,187,2026-05-27,Shipped
595,280,2025-02-13,Delivered
596,488,2025-05-27,Cancelled
597,225,2025-12-28,Delivered
598,420,2026-03-27,Pending
599,72,2026-03-15,Cancelled
600,367,2026-02-28,Pending
601,307,2025-07-12,Shipped
602,473,2025-12-27,Shipped
603,19,2024-10-14,Shipped
604,305,2024-12-15,Cancelled
605,337,2024-10-27,Shipped
606,23,2025-11-16,Pending
607,496,2025-02-03,Pending
608,517,2025-08-18,Shipped
609,286,2025-06-22,Pending
610,192,2025-05-24,Shipped
611,354,2025-01-09,Delivered
612,248,2026-07-06,Delivered
613,60,2024-11-20,Returned
614,160,2025-10-25,Shipped
615,248,2025-12-27,Pending
616,164,2024-08-06,Delivered
617,12,2025-10-14,Cancelled
618,477,2024-11-24,Cancelled
619,283,2026-01-16,Pending
620,119,2025-07-31,Cancelled
621,328,2025-10-26,Shipped
622,453,2024-09-14,Pending
623,3,2025-11-07,Delivered
624,296,2026-04-10,Cancelled
625,188,2026-03-07,Returned
626,344,2025-02-26,Returned
627,306,2025-04-04,Delivered
628,179,2025-05-29,Cancelled
629,417,2024-07-11,Shipped
630,303,2025-09-14,Delivered
631,123,2025-01-07,Cancelled
632,262,2024-12-04,Shipped
633,197,2024-10-07,Shipped
634,356,2025-08-23,Cancelled
635,285,2024-09-20,Cancelled
636,162,2025-10-31,Returned
637,509,2025-04-15,Pending
638,494,2026-05-09,Pending
639,351,2026-02-19,Pending
640,251,2025-08-31,Cancelled
641,150,2025-08-06,Returned
642,87,2024-12-25,Pending
643,282,2025-07-03,Returned
644,397,2026-02-26,Shipped
645,422,2025-11-06,Pending
646,280,2025-12-02,Cancelled
647,153,2024-12-16,Returned
648,179,2025-02-07,Delivered
649,398,2024-08-18,Shipped
650,353,2024-12-05,Pending
651,85,2024-10-03,Cancelled
652,413,2026-03-18,Returned
653,306,2024-10-31,Returned
654,149,2025-12-22,Shipped
655,461,2026-04-24,Pending
656,471,2026-06-15,Cancelled
657,360,2025-07-11,Returned
658,425,2025-07-29,Pending
659,251,2024-11-21,Pending
660,193,2024-11-09,Delivered
661,207,2025-12-10,Returned
662,233,2026-06-24,Delivered
663,445,2024-08-10,Pending
664,326,2024-08-18,Delivered
665,408,2025-11-20,Pending
666,423,2025-04-16,Returned
667,173,2025-02-14,Pending
668,404,2024-12-17,Delivered
669,24,2025-06-10,Pending
670,9,2025-01-19,Pending
671,528,2025-03-24,Cancelled
672,452,2025-10-30,Returned
673,48,2026-03-25,Returned
674,341,2026-05-30,Pending
675,321,2026-02-17,Cancelled
676,220,2025-06-24,Delivered
677,110,2024-08-10,Cancelled
678,266,2026-08-23,Returned
679,419,2026-02-03,Cancelled
680,245,2024-08-17,Delivered
681,53,2026-06-26,Cancelled
682,196,2025-08-29,Cancelled
683,329,2024-11-21,Shipped
684,542,2024-11-07,Returned
685,370,2026-03-10,Pending
686,316,2024-07-30,Delivered
687,460,2025-07-19,Shipped
688,374,2025-08-11,Returned
689,406,2024-10-06,Delivered
690,128,2024-09-01,Shipped
691,146,2026-06-03,Returned
692,106,2025-01-06,Pending
693,152,2026-01-19,Cancelled
694,254,2025-06-18,Shipped
695,37,2025-10-11,Returned
696,479,2025-10-01,Shipped
697,216,2025-03-18,Pending
698,489,2025-05-29,Shipped
699,514,2024-12-09,Delivered
700,486,2026-02-08,Shipped
701,393,2025-12-15,Delivered
702,328,2026-06-05,Returned
703,43,2025-03-17,Cancelled
704,499,2025-01-02,Pending
705,301,2026-03-05,Delivered
706,159,2024-10-01,Cancelled
707,30,2025-03-18,Delivered
708,233,2024-12-31,Cancelled
709,509,2024-09-22,Cancelled
710,255,2025-01-08,Returned
711,86,2026-02-01,Returned
712,376,2025-05-24,Delivered
713,172,2026-05-14,Delivered
714,135,2024-12-10,Delivered
715,255,2025-04-25,Pending
716,440,2026-05-31,Returned
717,396,2024-12-26,Delivered
718,117,2026-09-02,Delivered
719,126,2025-07-08,Cancelled
720,92,2025-10-05,Shipped
721,412,2025-07-19,Pending
722,115,2024-08-19,Returned
723,139,2026-05-30,Delivered
724,258,2025-06-11,Cancelled
725,412,2024-10-28,Pending
726,36,2024-12-22,Returned
727,168,2026-06-28,Returned
728,103,2025-10-24,Shipped
729,125,2025-06-26,Pending
730,396,2024-11-23,Shipped
731,390,2025-05-04,Pending
732,13,2025-04-24,Delivered
733,487,2024-10-21,Pending
734,435,2025-06-28,Cancelled
735,272,2026-01-18,Delivered
736,498,2024-12-05,Delivered
737,23,2025-11-10,Shipped
738,212,2025-04-12,Delivered
739,298,2025-02-02,Pending
740,39,2024-12-12,Cancelled
741,122,2025-03-25,Pending
742,359,2024-10-14,Pending
743,140,2024-08-01,Cancelled
744,400,2025-12-27,Delivered
745,85,2025-09-22,Delivered
746,275,2024-08-23,Pending
747,158,2025-02-10,Delivered
748,81,2024-10-22,Shipped
749,21,2024-10-02,Cancelled
750,47,2026-04-30,Pending
751,263,2025-07-04,Cancelled
752,16,2025-06-29,Shipped
753,384,2025-05-28,Delivered
754,412,2024-11-17,Delivered
755,426,2026-02-18,Cancelled
756,422,2025-03-31,Delivered
757,299,2024-12-25,Delivered
758,12,2026-05-27,Pending
759,415,2025-02-22,Returned
760,63,2025-10-19,Cancelled
761,474,2024-11-06,Pending
762,255,2026-03-13,Cancelled
763,182,2026-03-17,Returned
764,229,2025-11-15,Shipped
765,316,2025-10-25,Pending
766,452,2026-06-11,Returned
767,197,2024-11-16,Shipped
768,128,2025-09-30,Delivered
769,196,2025-09-10,Shipped
770,401,2026-05-03,Shipped
771,165,2025-01-02,Returned
772,306,2024-09-13,Returned
773,30,2025-05-23,Returned
774,393,2026-05-04,Cancelled
775,52,2025-08-17,Shipped
776,418,2025-07-22,Cancelled
777,295,2026-05-08,Returned
778,479,2024-12-23,Cancelled
779,122,2025-10-10,Returned
780,468,2025-07-10,Returned
781,486,2026-04-19,Cancelled
782,429,2025-07-02,Pending
783,278,2025-02-09,Delivered
784,29,2024-07-19,Shipped
785,540,2026-01-26,Cancelled
786,175,2025-06-05,Returned
787,31,2026-01-30,Cancelled
788,397,2026-05-16,Returned
789,492,2025-01-15,Pending
790,301,2025-01-16,Cancelled
791,500,2025-03-19,Pending
792,333,2025-06-10,Shipped
793,356,2025-10-01,Returned
794,115,2024-12-27,Pending
795,158,2026-05-31,Cancelled
796,545,2026-06-28,Pending
797,436,2025-10-10,Delivered
798,94,2024-10-31,Shipped
799,114,2026-06-17,Pending
800,73,2025-09-26,Returned
801,164,2026-06-05,Delivered
802,421,2024-07-11,Returned
803,514,2025-05-28,Delivered
804,180,2024-08-11,Delivered
805,25,2024-08-08,Cancelled
806,453,2025-07-08,Returned
807,280,2026-01-28,Shipped
808,334,2026-02-24,Pending
809,38,2025-08-03,Delivered
810,164,2024-08-03,Returned
811,88,2025-06-03,Delivered
812,281,2025-08-24,Returned
813,305,2025-05-10,Delivered
814,221,2025-07-15,Pending
815,81,2026-03-28,Cancelled
816,210,2026-03-19,Shipped
817,136,2025-12-31,Delivered
818,26,2026-04-06,Pending
819,79,2026-07-15,Returned
820,422,2025-06-24,Cancelled
821,50,2025-07-27,Returned
822,42,2025-01-10,Pending
823,242,2024-09-10,Delivered
824,329,2025-09-14,Pending
825,190,2026-02-12,Pending
826,239,2024-07-17,Shipped
827,32,2025-12-28,Delivered
828,44,2026-01-27,Pending
829,498,2025-05-19,Delivered
830,431,2024-12-24,Shipped
831,352,2024-10-19,Cancelled
832,244,2025-04-12,Delivered
833,258,2025-02-22,Shipped
834,347,2025-01-09,Pending
835,89,2025-11-23,Cancelled
836,414,2024-09-16,Delivered
837,350,2024-07-20,Cancelled
838,428,2025-07-15,Delivered
839,45,2025-12-09,Returned
840,439,2025-03-01,Delivered
841,403,2024-11-10,Pending
842,58,2026-01-05,Shipped
843,299,2025-06-29,Delivered
844,289,2026-05-05,Shipped
845,451,2025-09-24,Pending
846,336,2026-02-08,Delivered
847,89,2025-10-04,Shipped
848,349,2024-07-26,Returned
849,354,2025-06-26,Returned
850,460,2025-07-03,Returned
851,160,2026-02-27,Delivered
852,498,2024-10-23,Pending
853,397,2026-05-18,Pending
854,310,2026-01-05,Cancelled
855,468,2025-05-18,Shipped
856,445,2024-11-28,Cancelled
857,34,2026-03-13,Cancelled
858,400,2026-05-15,Delivered
859,89,2025-04-21,Delivered
860,128,2025-11-06,Returned
861,361,2025-07-03,Pending
862,259,2026-01-05,Delivered
863,124,2025-11-11,Cancelled
864,492,2024-07-09,Returned
865,177,2026-05-07,Delivered
866,146,2025-11-07,Shipped
867,400,2024-08-31,Cancelled
868,347,2025-05-02,Shipped
869,11,2026-06-01,Delivered
870,243,2025-12-26,Shipped
871,517,2025-03-23,Returned
872,365,2025-08-24,Pending
873,459,2024-08-02,Returned
874,112,2025-02-23,Shipped
875,204,2026-08-21,Returned
876,288,2026-02-12,Returned
877,351,2025-02-02,Returned
878,328,2026-01-01,Returned
879,97,2025-10-26,Delivered
880,413,2025-09-02,Pending
881,339,2025-09-27,Delivered
882,336,2026-03-17,Pending
883,208,2024-12-15,Shipped
884,418,2026-03-11,Cancelled
885,352,2025-12-21,Returned
886,260,2024-09-08,Shipped
887,93,2025-11-01,Returned
888,372,2026-05-23,Cancelled
889,485,2025-03-25,Delivered
890,114,2026-01-30,Returned
891,216,2026-07-02,Returned
892,300,2024-08-19,Pending
893,28,2025-08-11,Shipped
894,37,2026-06-14,Delivered
895,445,2025-12-14,Pending
896,28,2025-04-16,Cancelled
897,176,2026-05-28,Pending
898,74,2024-08-17,Delivered
899,250,2024-10-02,Returned
900,325,2025-05-01,Cancelled
901,390,2025-04-17,Cancelled
902,251,2025-07-04,Cancelled
903,315,2025-10-31,Pending
904,495,2026-08-13,Cancelled
905,375,2026-07-30,Shipped
906,501,2025-04-18,Cancelled
907,116,2024-11-21,Cancelled
908,53,2025-11-23,Cancelled
909,34,2025-09-15,Returned
910,234,2026-01-06,Returned
911,223,2024-08-29,Returned
912,462,2025-09-16,Cancelled
913,486,2026-01-09,Delivered
914,117,2026-02-28,Cancelled
915,376,2024-12-14,Delivered
916,188,2024-10-23,Pending
917,449,2025-03-25,Shipped
918,25,2025-01-09,Delivered
919,335,2025-08-31,Delivered
920,214,2024-10-04,Returned
921,243,2025-11-24,Delivered
922,155,2025-07-14,Shipped
923,139,2026-01-31,Pending
924,426,2026-07-07,Shipped
925,61,2026-02-12,Pending
926,102,2025-10-01,Shipped
927,499,2026-05-15,Returned
928,83,2026-01-04,Cancelled
929,353,2024-12-17,Delivered
930,7,2026-02-13,Shipped
931,343,2026-02-06,Shipped
932,39,2026-02-18,Returned
933,330,2024-12-30,Returned
934,136,2025-03-13,Cancelled
935,448,2025-04-07,Returned
936,219,2026-06-05,Delivered
937,5,2025-01-31,Cancelled
938,169,2025-08-03,Shipped
939,138,2025-12-18,Returned
940,94,2025-06-01,Pending
941,140,2025-02-08,Pending
942,410,2024-08-19,Cancelled
943,58,2024-08-26,Cancelled
944,54,2025-04-23,Shipped
945,348,2025-04-02,Returned
946,314,2025-06-24,Cancelled
947,248,2025-07-20,Pending
948,226,2025-08-01,Returned
949,7,2025-08-21,Shipped
950,371,2026-04-13,Returned
951,266,2024-10-11,Delivered
952,222,2025-07-08,Returned
953,340,2026-01-10,Shipped
954,457,2025-08-25,Cancelled
955,259,2025-12-16,Cancelled
956,39,2026-04-10,Returned
957,497,2025-08-25,Shipped
958,330,2026-06-06,Delivered
959,236,2025-02-20,Delivered
960,439,2025-06-24,Pending
961,382,2025-11-02,Pending
962,19,2026-07-15,Shipped
963,494,2026-03-21,Shipped
964,288,2025-12-12,Returned
965,187,2025-12-28,Pending
966,170,2026-03-28,Pending
967,367,2026-07-08,Delivered
968,50,2026-05-24,Returned
969,182,2024-08-27,Returned
970,281,2024-12-01,Delivered
971,460,2026-05-31,Pending
972,55,2026-05-25,Delivered
973,477,2025-06-28,Cancelled
974,367,2024-09-13,Delivered
975,475,2024-09-08,Delivered
976,396,2025-05-07,Shipped
977,490,2026-06-05,Delivered
978,272,2024-11-23,Pending
979,430,2025-02-16,Cancelled
980,355,2024-09-05,Cancelled
981,54,2024-09-30,Returned
982,259,2024-11-12,Shipped
983,469,2025-02-07,Pending
984,494,2024-10-03,Cancelled
985,71,2025-12-31,Shipped
986,154,2024-10-30,Returned
987,365,2025-07-28,Cancelled
988,103,2024-11-01,Returned
989,472,2026-05-18,Cancelled
990,258,2024-12-13,Delivered
991,390,2025-08-16,Shipped
992,483,2025-11-07,Shipped
993,147,2024-07-25,Delivered
994,268,2025-02-20,Delivered
995,344,2025-05-27,Cancelled
996,147,2025-12-20,Delivered
997,354,2025-09-01,Shipped
998,17,2026-07-01,Shipped
999,445,2024-10-18,Cancelled
1000,381,2025-07-11,Shipped
1001,402,2025-04-03,Delivered
1002,475,2025-05-30,Returned
1003,495,2026-07-26,Cancelled
1004,318,2026-01-31,Pending
1005,425,2025-11-20,Returned
1006,387,2024-07-24,Cancelled
1007,398,2025-02-19,Pending
1008,91,2024-12-01,Cancelled
1009,377,2024-08-25,Pending
1010,143,2024-07-25,Shipped
1011,434,2026-05-16,Cancelled
1012,21,2026-03-22,Delivered
1013,397,2025-01-04,Returned
1014,252,2026-04-17,Delivered
1015,402,2025-08-15,Cancelled
1016,267,2025-11-20,Pending
1017,279,2025-03-25,Cancelled
1018,453,2025-05-23,Returned
1019,151,2025-09-30,Shipped
1020,244,2025-03-31,Delivered
1021,59,2025-11-29,Shipped
1022,471,2025-11-21,Returned
1023,196,2026-03-11,Pending
1024,132,2025-03-18,Shipped
1025,421,2025-07-20,Shipped
1026,229,2025-10-11,Cancelled
1027,165,2025-12-07,Cancelled
1028,498,2025-12-31,Delivered
1029,321,2025-08-23,Cancelled
1030,443,2026-04-22,Cancelled
1031,276,2025-09-07,Pending
1032,332,2025-06-18,Cancelled
1033,13,2025-06-28,Delivered
1034,38,2025-03-01,Shipped
1035,37,2025-09-21,Returned
1036,209,2024-10-18,Pending
1037,544,2026-06-05,Delivered
1038,329,2026-03-13,Shipped
1039,24,2025-03-03,Shipped
1040,55,2024-11-18,Shipped
1041,45,2026-03-13,Pending
1042,203,2025-01-25,Cancelled
1043,274,2024-12-31,Shipped
1044,152,2025-07-19,Returned
1045,491,2025-04-22,Shipped
1046,73,2026-08-17,Pending
1047,276,2026-02-25,Cancelled
1048,384,2026-04-25,Cancelled
1049,212,2024-08-13,Cancelled
1050,83,2024-10-31,Returned
1051,100,2025-04-08,Shipped
1052,437,2025-02-13,Shipped
1053,237,2025-06-27,Delivered
1054,129,2024-11-14,Pending
1055,488,2025-10-31,Cancelled
1056,52,2026-06-25,Cancelled
1057,163,2024-11-09,Returned
1058,356,2026-01-11,Returned
1059,414,2025-08-27,Delivered
1060,161,2025-02-14,Pending
1061,142,2024-11-26,Returned
1062,450,2024-11-21,Returned
1063,250,2026-04-20,Shipped
1064,42,2026-01-09,Cancelled
1065,457,2025-12-28,Delivered
1066,373,2026-08-11,Delivered
1067,417,2025-12-07,Shipped
1068,109,2026-03-17,Shipped
1069,458,2024-11-04,Cancelled
1070,188,2024-11-10,Shipped
1071,376,2025-01-08,Shipped
1072,262,2024-10-06,Delivered
1073,340,2024-08-08,Shipped
1074,351,2025-03-10,Pending
1075,82,2025-09-27,Cancelled
1076,377,2024-10-14,Delivered
1077,113,2025-06-15,Returned
1078,190,2025-01-26,Shipped
1079,465,2025-04-21,Pending
1080,452,2024-11-28,Returned
1081,53,2024-12-14,Returned
1082,428,2025-09-17,Shipped
1083,90,2026-01-08,Shipped
1084,335,2024-08-03,Returned
1085,193,2025-12-06,Pending
1086,181,2025-03-11,Pending
1087,455,2025-04-01,Cancelled
1088,226,2024-10-30,Returned
1089,109,2025-04-23,Shipped
1090,368,2025-06-21,Pending
1091,416,2025-08-31,Pending
1092,246,2024-11-11,Pending
1093,12,2025-08-26,Shipped
1094,83,2025-02-27,Shipped
1095,76,2024-10-10,Cancelled
1096,265,2026-06-22,Shipped
1097,547,2024-07-27,Returned
1098,485,2025-05-18,Pending
1099,445,2026-07-01,Pending
1100,308,2025-07-30,Cancelled
1101,320,2026-02-24,Returned
1102,473,2024-10-28,Cancelled
1103,194,2025-06-28,Cancelled
1104,268,2026-06-28,Pending
1105,424,2025-03-13,Pending
1106,462,2024-11-06,Shipped
1107,258,2024-07-11,Cancelled
1108,462,2026-02-01,Pending
1109,268,2025-09-05,Shipped
1110,220,2025-08-06,Pending
1111,180,2025-03-22,Shipped
1112,51,2025-11-22,Cancelled
1113,466,2026-01-06,Shipped
1114,210,2026-08-26,Delivered
1115,296,2025-07-11,Pending
1116,336,2026-06-03,Pending
1117,186,2025-02-18,Shipped
1118,130,2026-02-13,Shipped
1119,188,2025-09-26,Pending
1120,387,2025-12-07,Shipped
1121,248,2024-10-30,Pending
1122,130,2026-03-21,Pending
1123,377,2025-09-20,Delivered
1124,383,2026-01-24,Cancelled
1125,52,2026-06-12,Returned
1126,411,2026-06-24,Delivered
1127,83,2025-06-16,Delivered
1128,422,2025-03-28,Pending
1129,46,2025-12-25,Delivered
1130,312,2024-10-03,Pending
1131,315,2026-01-27,Shipped
1132,30,2025-07-15,Pending
1133,543,2026-06-07,Shipped
1134,147,2024-08-08,Shipped
1135,265,2024-10-24,Delivered
1136,185,2026-07-20,Delivered
1137,142,2025-09-08,Pending
1138,208,2024-10-06,Delivered
1139,471,2025-03-04,Shipped
1140,469,2024-07-27,Returned
1141,116,2025-05-15,Pending
1142,512,2025-10-30,Delivered
1143,287,2026-04-22,Delivered
1144,412,2024-12-26,Shipped
1145,417,2025-06-19,Pending
1146,495,2025-04-11,Cancelled
1147,388,2024-09-17,Pending
1148,460,2025-03-18,Delivered
1149,133,2024-08-19,Cancelled
1150,347,2025-10-23,Pending
1151,490,2025-11-18,Returned
1152,128,2024-12-06,Returned
1153,39,2025-10-04,Returned
1154,182,2025-08-20,Cancelled
1155,485,2024-12-27,Cancelled
1156,256,2026-03-06,Cancelled
1157,447,2026-07-04,Cancelled
1158,429,2026-02-23,Delivered
1159,62,2025-02-08,Pending
1160,535,2024-12-07,Pending
1161,191,2024-07-25,Shipped
1162,445,2024-09-10,Shipped
1163,144,2025-08-30,Cancelled
1164,28,2026-04-28,Shipped
1165,17,2025-06-18,Cancelled
1166,235,2025-12-15,Pending
1167,162,2026-07-23,Pending
1168,298,2024-09-13,Returned
1169,96,2025-08-09,Pending
1170,491,2025-05-10,Pending
1171,218,2024-12-06,Returned
1172,187,2025-07-23,Cancelled
1173,293,2025-03-11,Cancelled
1174,417,2025-10-19,Cancelled
1175,285,2025-10-20,Cancelled
1176,410,2025-08-09,Delivered
1177,91,2024-08-20,Shipped
1178,274,2026-06-13,Returned
1179,129,2025-12-07,Pending
1180,51,2025-04-14,Returned
1181,244,2025-05-12,Returned
1182,134,2024-10-30,Returned
1183,508,2026-01-15,Shipped
1184,102,2026-05-02,Shipped
1185,90,2025-06-05,Returned
1186,345,2025-04-21,Pending
1187,456,2025-05-03,Pending
1188,324,2025-04-23,Returned
1189,216,2024-07-17,Delivered
1190,41,2025-02-14,Returned
1191,335,2025-04-01,Pending
1192,139,2025-04-06,Returned
1193,383,2025-03-04,Pending
1194,86,2025-06-19,Cancelled
1195,339,2026-05-18,Delivered
1196,108,2025-09-16,Delivered
1197,480,2024-09-14,Delivered
1198,395,2024-12-22,Delivered
1199,54,2026-01-24,Pending
1200,159,2026-05-28,Pending
1201,321,2025-06-18,Cancelled
1202,15,2026-02-03,Returned
1203,443,2025-05-26,Shipped
1204,479,2026-03-24,Shipped
1205,91,2025-06-16,Shipped
1206,223,2025-02-17,Returned
1207,466,2024-11-12,Delivered
1208,227,2026-03-25,Cancelled
1209,534,2026-01-24,Cancelled
1210,177,2026-06-05,Pending
1211,485,2025-06-02,Pending
1212,409,2026-01-24,Delivered
1213,281,2026-06-04,Shipped
1214,224,2025-05-25,Pending
1215,425,2024-10-24,Pending
1216,321,2026-04-17,Shipped
1217,414,2025-10-07,Shipped
1218,415,2025-10-15,Delivered
1219,94,2024-09-12,Pending
1220,317,2024-10-27,Pending
1221,97,2024-12-16,Shipped
1222,12,2025-02-28,Returned
1223,65,2025-07-11,Cancelled
1224,47,2026-05-12,Returned
1225,216,2025-08-20,Returned
1226,238,2025-03-25,Delivered
1227,432,2024-08-28,Returned
1228,398,2026-07-02,Cancelled
1229,99,2025-10-09,Pending
1230,550,2026-02-15,Pending
1231,395,2025-04-25,Delivered
1232,102,2024-09-14,Shipped
1233,341,2024-07-13,Returned
1234,480,2025-05-22,Delivered
1235,382,2025-11-16,Returned
1236,247,2026-06-18,Delivered
1237,443,2025-02-05,Cancelled
1238,325,2026-08-29,Returned
1239,300,2024-11-20,Delivered
1240,497,2025-09-12,Pending
1241,353,2025-07-01,Delivered
1242,128,2026-01-10,Shipped
1243,174,2025-09-22,Delivered
1244,31,2026-02-14,Shipped
1245,406,2026-06-18,Returned
1246,286,2024-10-22,Pending
1247,376,2024-12-09,Returned
1248,371,2024-11-29,Pending
1249,362,2026-04-15,Pending
1250,98,2025-04-30,Returned
1251,375,2025-02-17,Shipped
1252,469,2025-09-11,Shipped
1253,80,2025-07-24,Shipped
1254,188,2024-08-09,Shipped
1255,195,2026-04-08,Shipped
1256,439,2026-04-10,Returned
1257,370,2025-02-27,Pending
1258,98,2026-04-17,Shipped
1259,79,2025-10-05,Returned
1260,57,2025-03-01,Delivered
1261,428,2025-07-26,Delivered
1262,104,2025-09-15,Delivered
1263,293,2026-02-02,Pending
1264,270,2025-07-02,Delivered
1265,188,2024-12-29,Delivered
1266,477,2024-07-28,Delivered
1267,240,2026-03-14,Shipped
1268,381,2024-07-09,Returned
1269,407,2024-11-04,Returned
1270,271,2025-01-28,Returned
1271,40,2025-02-26,Delivered
1272,52,2025-11-17,Cancelled
1273,99,2026-04-16,Cancelled
1274,286,2025-11-14,Delivered
1275,393,2025-07-10,Pending
1276,360,2024-10-12,Cancelled
1277,406,2025-11-27,Returned
1278,337,2025-12-07,Pending
1279,478,2026-06-01,Returned
1280,433,2025-02-16,Pending
1281,423,2025-05-28,Shipped
1282,280,2024-11-24,Returned
1283,185,2025-07-25,Pending
1284,1,2026-06-12,Shipped
1285,9,2025-12-24,Returned
1286,4,2025-11-20,Returned
1287,12,2025-01-14,Returned
1288,471,2024-07-30,Shipped
1289,80,2024-10-08,Cancelled
1290,71,2026-02-21,Cancelled
1291,120,2025-02-08,Shipped
1292,205,2025-07-25,Delivered
1293,371,2024-08-28,Pending
1294,423,2025-10-16,Delivered
1295,305,2026-02-07,Shipped
1296,196,2025-04-14,Returned
1297,179,2025-10-02,Delivered
1298,446,2025-07-16,Shipped
1299,550,2025-09-20,Delivered
1300,157,2025-06-11,Shipped
1301,77,2026-05-13,Cancelled
1302,26,2025-01-24,Pending
1303,386,2025-11-07,Cancelled
1304,222,2025-12-22,Cancelled
1305,173,2025-07-12,Delivered
1306,281,2025-12-29,Shipped
1307,223,2026-04-04,Cancelled
1308,247,2024-10-08,Shipped
1309,101,2025-04-23,Shipped
1310,127,2025-08-10,Pending
1311,166,2026-01-28,Delivered
1312,344,2025-09-27,Cancelled
1313,165,2024-07-21,Returned
1314,87,2026-04-25,Pending
1315,320,2025-01-25,Cancelled
1316,103,2024-11-11,Delivered
1317,58,2025-10-02,Shipped
1318,475,2024-08-22,Returned
1319,8,2024-10-29,Returned
1320,231,2025-03-13,Shipped
1321,109,2025-07-01,Returned
1322,281,2026-05-21,Cancelled
1323,356,2026-08-16,Shipped
1324,23,2024-10-21,Cancelled
1325,405,2025-04-11,Pending
1326,336,2024-11-11,Returned
1327,340,2024-08-18,Delivered
1328,10,2025-02-04,Pending
1329,119,2025-04-14,Delivered
1330,463,2025-05-29,Shipped
1331,46,2025-11-14,Pending
1332,288,2026-06-16,Cancelled
1333,473,2025-04-10,Pending
1334,382,2024-08-14,Returned
1335,182,2025-02-18,Shipped
1336,142,2025-02-19,Pending
1337,456,2025-08-23,Shipped
1338,486,2025-11-16,Pending
1339,337,2026-07-05,Shipped
1340,492,2024-09-05,Cancelled
1341,214,2025-08-11,Returned
1342,466,2024-12-05,Cancelled
1343,106,2026-02-23,Cancelled
1344,442,2025-11-07,Shipped
1345,466,2024-11-27,Cancelled
1346,336,2026-02-21,Returned
1347,35,2024-09-19,Delivered
1348,95,2025-10-16,Delivered
1349,392,2026-02-12,Pending
1350,156,2024-11-14,Returned
1351,78,2025-09-03,Cancelled
1352,14,2025-03-15,Returned
1353,311,2026-05-16,Cancelled
1354,119,2025-03-10,Pending
1355,69,2026-04-11,Returned
1356,95,2026-04-25,Cancelled
1357,84,2025-12-22,Delivered
1358,474,2026-03-21,Cancelled
1359,388,2025-02-26,Pending
1360,444,2025-02-03,Pending
1361,455,2025-12-22,Delivered
1362,312,2026-01-01,Returned
1363,202,2025-12-24,Shipped
1364,275,2025-04-15,Delivered
1365,267,2024-09-20,Delivered
1366,450,2025-08-27,Pending
1367,377,2025-10-01,Delivered
1368,98,2025-04-07,Returned
1369,397,2026-04-08,Pending
1370,151,2024-10-27,Shipped
1371,463,2024-07-18,Pending
1372,47,2024-10-22,Shipped
1373,481,2025-08-14,Pending
1374,212,2025-02-11,Pending
1375,303,2025-04-23,Pending
1376,47,2026-03-04,Cancelled
1377,368,2025-07-19,Pending
1378,325,2025-05-24,Pending
1379,373,2025-03-29,Cancelled
1380,194,2026-06-23,Cancelled
1381,468,2026-06-15,Cancelled
1382,84,2024-11-11,Delivered
1383,215,2024-09-25,Pending
1384,148,2024-12-24,Cancelled
1385,492,2024-11-05,Returned
1386,7,2025-08-02,Shipped
1387,532,2024-12-26,Shipped
1388,338,2026-04-14,Delivered
1389,308,2024-12-01,Shipped
1390,143,2026-03-17,Cancelled
1391,26,2026-06-04,Returned
1392,19,2025-09-14,Shipped
1393,430,2025-10-27,Delivered
1394,26,2025-12-25,Cancelled
1395,345,2026-04-14,Shipped
1396,294,2025-08-20,Pending
1397,384,2026-04-26,Delivered
1398,394,2025-08-25,Pending
1399,420,2026-01-12,Shipped
1400,34,2025-09-09,Returned
1401,169,2026-01-04,Cancelled
1402,314,2026-02-15,Shipped
1403,45,2026-03-23,Returned
1404,219,2024-10-04,Shipped
1405,295,2025-05-28,Cancelled
1406,315,2025-06-30,Pending
1407,253,2026-06-19,Cancelled
1408,363,2024-09-05,Delivered
1409,13,2024-10-06,Cancelled
1410,410,2026-04-05,Delivered
1411,171,2024-10-17,Cancelled
1412,6,2026-06-25,Returned
1413,405,2024-07-21,Shipped
1414,166,2025-07-15,Returned
1415,175,2025-04-04,Delivered
1416,427,2025-03-07,Returned
1417,473,2025-12-26,Delivered
1418,331,2025-04-15,Pending
1419,457,2024-10-23,Pending
1420,402,2026-04-03,Delivered
1421,428,2025-06-16,Returned
1422,285,2026-05-30,Returned
1423,410,2025-10-15,Delivered
1424,497,2025-08-18,Returned
1425,193,2026-02-21,Shipped
1426,311,2025-03-30,Returned
1427,362,2024-11-18,Returned
1428,212,2026-01-10,Returned
1429,232,2025-03-01,Shipped
1430,155,2024-07-30,Delivered
1431,399,2026-02-06,Shipped
1432,13,2026-04-01,Cancelled
1433,98,2024-10-08,Shipped
1434,159,2024-12-27,Delivered
1435,421,2024-10-15,Cancelled
1436,106,2026-05-04,Shipped
1437,503,2025-12-29,Shipped
1438,447,2024-10-26,Delivered
1439,53,2025-12-24,Returned
1440,12,2024-12-30,Cancelled
1441,165,2025-03-03,Shipped
1442,164,2024-10-13,Returned
1443,77,2024-12-17,Shipped
1444,287,2024-10-17,Returned
1445,282,2024-09-07,Returned
1446,294,2025-06-02,Shipped
1447,457,2025-12-26,Cancelled
1448,15,2026-02-20,Delivered
1449,197,2026-03-08,Cancelled
1450,361,2024-10-02,Pending
1451,316,2024-09-06,Cancelled
1452,366,2024-07-22,Delivered
1453,499,2026-03-01,Shipped
1454,68,2025-07-19,Pending
1455,50,2026-02-16,Pending
1456,241,2025-06-07,Shipped
1457,133,2024-08-10,Returned
1458,404,2024-12-07,Pending
1459,16,2024-09-29,Pending
1460,237,2024-08-02,Returned
1461,310,2026-03-15,Pending
1462,419,2025-12-02,Shipped
1463,333,2025-08-10,Pending
1464,206,2025-10-11,Cancelled
1465,281,2024-08-23,Delivered
1466,175,2025-07-07,Pending
1467,402,2024-10-08,Returned
1468,279,2026-06-13,Delivered
1469,379,2025-01-20,Pending
1470,59,2024-08-10,Shipped
1471,50,2024-08-28,Pending
1472,36,2025-02-27,Shipped
1473,395,2025-12-08,Delivered
1474,47,2024-07-15,Shipped
1475,463,2026-02-14,Cancelled
1476,339,2024-09-20,Pending
1477,316,2026-03-07,Returned
1478,154,2024-10-12,Returned
1479,471,2026-06-22,Returned
1480,46,2025-10-18,Shipped
1481,207,2024-12-14,Delivered
1482,190,2025-10-07,Delivered
1483,361,2026-06-07,Delivered
1484,441,2024-12-10,Pending
1485,360,2024-11-28,Pending
1486,208,2025-12-10,Cancelled
1487,244,2025-04-07,Returned
1488,431,2024-07-30,Cancelled
1489,542,2026-08-25,Pending
1490,337,2024-10-29,Delivered
1491,71,2026-04-26,Pending
1492,458,2026-02-07,Pending
1493,320,2025-02-08,Shipped
1494,420,2025-10-01,Cancelled
1495,218,2025-04-04,Cancelled
1496,365,2025-04-07,Shipped
1497,296,2024-11-09,Shipped
1498,248,2026-05-03,Pending
1499,493,2025-07-31,Shipped
1500,440,2026-03-06,Pending
1501,265,2026-01-24,Delivered
1502,126,2025-10-27,Delivered
1503,351,2025-01-11,Returned
1504,314,2025-08-04,Delivered
1505,241,2025-09-23,Shipped
1506,376,2024-08-30,Returned
1507,149,2024-09-22,Shipped
1508,384,2026-04-05,Returned
1509,32,2025-09-30,Shipped
1510,27,2026-02-20,Shipped
1511,14,2024-07-18,Shipped
1512,40,2025-08-22,Cancelled
1513,316,2024-12-23,Delivered
1514,380,2026-01-14,Shipped
1515,379,2024-12-03,Cancelled
1516,134,2025-02-11,Cancelled
1517,410,2024-11-18,Delivered
1518,496,2026-06-08,Cancelled
1519,429,2026-02-13,Pending
1520,122,2025-08-29,Cancelled
1521,108,2024-07-11,Delivered
1522,329,2026-01-22,Delivered
1523,86,2024-09-22,Pending
1524,383,2026-06-25,Cancelled
1525,195,2024-12-21,Returned
1526,75,2026-06-22,Returned
1527,475,2025-08-03,Returned
1528,493,2026-04-30,Delivered
1529,470,2026-01-08,Pending
1530,313,2025-07-11,Returned
1531,139,2025-04-18,Shipped
1532,201,2026-01-01,Cancelled
1533,376,2025-10-08,Shipped
1534,173,2024-11-28,Returned
1535,501,2025-06-14,Delivered
1536,211,2025-12-13,Pending
1537,180,2024-09-29,Cancelled
1538,18,2024-11-25,Shipped
1539,337,2026-04-17,Shipped
1540,327,2025-04-09,Delivered
1541,439,2025-04-28,Shipped
1542,412,2025-06-02,Cancelled
1543,130,2024-12-21,Delivered
1544,328,2025-08-11,Pending
1545,355,2024-12-31,Returned
1546,132,2025-05-20,Delivered
1547,196,2024-10-03,Returned
1548,490,2026-02-19,Delivered
1549,252,2025-03-09,Pending
1550,92,2024-10-12,Shipped
1551,394,2025-07-04,Delivered
1552,468,2024-10-01,Delivered
1553,38,2025-08-15,Pending
1554,10,2024-10-21,Delivered
1555,478,2025-07-28,Cancelled
1556,359,2026-02-20,Delivered
1557,264,2025-04-14,Pending
1558,224,2026-01-06,Delivered
1559,277,2025-02-16,Pending
1560,63,2025-09-13,Returned
1561,171,2026-01-19,Delivered
1562,188,2024-08-08,Delivered
1563,431,2024-09-09,Cancelled
1564,91,2025-03-19,Cancelled
1565,154,2025-07-26,Returned
1566,250,2024-10-05,Cancelled
1567,72,2025-05-02,Shipped
1568,123,2025-02-13,Shipped
1569,330,2025-06-27,Pending
1570,495,2025-10-17,Delivered
1571,173,2026-01-30,Delivered
1572,109,2025-03-07,Pending
1573,482,2025-12-23,Cancelled
1574,380,2026-04-22,Delivered
1575,377,2025-06-17,Pending
1576,465,2024-12-30,Cancelled
1577,8,2025-09-11,Returned
1578,421,2025-05-20,Cancelled
1579,428,2025-02-18,Delivered
1580,59,2026-05-03,Cancelled
1581,33,2025-06-05,Pending
1582,167,2024-12-01,Shipped
1583,71,2026-05-04,Cancelled
1584,392,2024-08-31,Delivered
1585,62,2026-06-02,Cancelled
1586,357,2026-04-22,Cancelled
1587,474,2026-03-23,Shipped
1588,193,2026-08-10,Delivered
1589,506,2026-07-07,Shipped
1590,455,2025-12-17,Pending
1591,355,2025-04-19,Returned
1592,268,2024-11-24,Cancelled
1593,313,2024-07-17,Pending
1594,314,2025-12-13,Returned
1595,179,2025-07-24,Cancelled
1596,61,2025-12-12,Shipped
1597,186,2024-09-27,Shipped
1598,113,2025-05-11,Cancelled
1599,142,2025-06-13,Cancelled
1600,351,2025-08-17,Pending
1601,91,2025-12-01,Delivered
1602,331,2025-12-15,Returned
1603,172,2024-09-12,Pending
1604,23,2024-10-08,Shipped
1605,91,2024-10-27,Shipped
1606,60,2025-05-10,Pending
1607,304,2025-05-15,Returned
1608,118,2025-12-29,Delivered
1609,122,2025-10-09,Pending
1610,457,2024-09-25,Pending
1611,28,2026-02-03,Shipped
1612,233,2026-06-26,Pending
1613,369,2026-06-01,Returned
1614,104,2024-11-16,Shipped
1615,31,2024-08-27,Pending
1616,235,2025-04-16,Cancelled
1617,454,2024-12-09,Shipped
1618,464,2025-03-28,Cancelled
1619,45,2024-12-10,Cancelled
1620,303,2025-10-13,Delivered
1621,374,2026-04-24,Cancelled
1622,168,2025-05-18,Shipped
1623,485,2024-10-11,Delivered
1624,214,2025-01-04,Pending
1625,376,2026-04-19,Shipped
1626,202,2025-06-02,Delivered
1627,232,2026-01-22,Delivered
1628,355,2025-07-30,Cancelled
1629,184,2025-02-09,Delivered
1630,9,2026-02-22,Pending
1631,440,2026-01-13,Pending
1632,238,2026-02-22,Pending
1633,95,2025-10-02,Pending
1634,361,2025-10-12,Delivered
1635,198,2025-02-05,Delivered
1636,152,2026-02-15,Shipped
1637,278,2026-03-13,Delivered
1638,318,2026-03-22,Delivered
1639,264,2025-11-20,Delivered
1640,57,2025-05-14,Delivered
1641,188,2025-04-10,Delivered
1642,288,2025-07-12,Returned
1643,123,2025-12-07,Shipped
1644,447,2025-10-19,Cancelled
1645,165,2025-05-18,Pending
1646,142,2025-07-19,Pending
1647,249,2025-08-09,Pending
1648,364,2025-02-09,Returned
1649,232,2024-10-30,Delivered
1650,97,2026-02-24,Delivered
1651,201,2025-06-26,Delivered
1652,56,2024-09-29,Cancelled
1653,255,2024-10-10,Delivered
1654,151,2025-01-18,Cancelled
1655,243,2025-07-23,Delivered
1656,150,2025-07-29,Cancelled
1657,428,2025-01-03,Pending
1658,297,2025-11-08,Returned
1659,249,2024-10-20,Shipped
1660,228,2024-07-31,Returned
1661,88,2024-09-23,Returned
1662,498,2026-02-01,Cancelled
1663,181,2024-08-18,Shipped
1664,474,2026-04-13,Cancelled
1665,499,2024-08-29,Cancelled
1666,83,2025-07-29,Returned
1667,295,2025-12-16,Cancelled
1668,106,2024-07-28,Returned
1669,177,2024-11-24,Cancelled
1670,274,2025-05-01,Pending
1671,477,2025-10-20,Pending
1672,476,2026-08-26,Shipped
1673,500,2025-03-18,Returned
1674,243,2024-11-03,Shipped
1675,342,2025-02-28,Pending
1676,174,2025-11-03,Delivered
1677,72,2025-11-04,Delivered
1678,206,2024-09-20,Returned
1679,48,2026-02-18,Cancelled
1680,299,2024-09-05,Returned
1681,101,2025-12-03,Pending
1682,347,2026-02-11,Shipped
1683,202,2025-08-15,Shipped
1684,262,2026-02-24,Returned
1685,204,2025-07-25,Returned
1686,198,2026-03-15,Returned
1687,158,2025-07-04,Delivered
1688,111,2024-12-11,Pending
1689,412,2025-02-21,Pending
1690,374,2025-12-04,Shipped
1691,307,2025-07-29,Pending
1692,445,2025-07-23,Shipped
1693,388,2026-08-19,Returned
1694,213,2025-01-27,Shipped
1695,387,2025-09-02,Pending
1696,149,2025-03-31,Returned
1697,428,2026-03-28,Pending
1698,115,2026-07-26,Returned
1699,490,2025-08-31,Delivered
1700,335,2025-09-05,Cancelled
1701,252,2024-07-21,Delivered
1702,62,2026-02-21,Delivered
1703,307,2024-08-01,Shipped
1704,224,2025-06-07,Pending
1705,499,2026-05-22,Shipped
1706,376,2026-06-18,Cancelled
1707,298,2024-10-08,Cancelled
1708,183,2025-05-01,Pending
1709,326,2025-06-22,Returned
1710,150,2025-03-09,Shipped
1711,100,2026-05-01,Delivered
1712,307,2025-04-26,Returned
1713,424,2025-06-16,Returned
1714,351,2025-06-30,Shipped
1715,297,2024-08-04,Cancelled
1716,266,2024-08-02,Pending
1717,175,2024-11-22,Cancelled
1718,80,2025-09-13,Shipped
1719,315,2025-12-02,Shipped
1720,365,2026-05-07,Delivered
1721,214,2026-03-05,Cancelled
1722,523,2025-02-28,Returned
1723,72,2026-05-26,Shipped
1724,268,2026-01-07,Returned
1725,15,2024-11-12,Cancelled
1726,439,2025-07-24,Returned
1727,65,2025-06-07,Pending
1728,354,2024-10-20,Delivered
1729,397,2025-03-07,Cancelled
1730,56,2026-01-14,Shipped
1731,31,2025-05-06,Delivered
1732,34,2026-07-16,Delivered
1733,472,2026-02-21,Cancelled
1734,95,2024-09-30,Cancelled
1735,434,2025-09-22,Shipped
1736,179,2025-12-14,Shipped
1737,124,2025-07-24,Shipped
1738,514,2025-12-02,Returned
1739,88,2025-09-11,Delivered
1740,474,2025-12-22,Pending
1741,188,2025-08-30,Delivered
1742,93,2025-09-25,Pending
1743,110,2025-07-07,Returned
1744,64,2025-07-12,Pending
1745,391,2025-09-17,Delivered
1746,43,2026-05-02,Returned
1747,234,2024-11-06,Pending
1748,116,2025-08-05,Pending
1749,97,2024-08-20,Pending
1750,481,2025-05-07,Pending
1751,345,2025-01-28,Delivered
1752,62,2025-07-27,Shipped
1753,53,2025-10-10,Cancelled
1754,34,2025-04-27,Cancelled
1755,305,2025-10-30,Cancelled
1756,430,2025-12-15,Shipped
1757,304,2025-04-07,Pending
1758,183,2026-02-23,Pending
1759,249,2025-02-13,Pending
1760,56,2025-03-13,Cancelled
1761,322,2024-08-24,Delivered
1762,426,2024-07-29,Cancelled
1763,196,2025-10-09,Returned
1764,319,2024-08-12,Shipped
1765,393,2024-10-15,Returned
1766,339,2026-04-19,Shipped
1767,176,2025-04-18,Delivered
1768,488,2025-04-04,Delivered
1769,197,2026-03-28,Pending
1770,236,2026-02-04,Returned
1771,453,2025-10-04,Cancelled
1772,160,2024-07-28,Delivered
1773,292,2026-02-22,Shipped
1774,293,2026-05-31,Cancelled
1775,260,2025-11-05,Shipped
1776,498,2025-03-30,Returned
1777,165,2025-04-29,Cancelled
1778,429,2024-09-21,Shipped
1779,14,2025-06-05,Pending
1780,50,2025-04-02,Pending
1781,180,2025-04-11,Cancelled
1782,332,2025-05-23,Delivered
1783,445,2025-04-06,Delivered
1784,276,2024-08-20,Pending
1785,291,2025-12-03,Delivered
1786,357,2025-01-13,Returned
1787,194,2025-01-16,Delivered
1788,414,2025-01-06,Cancelled
1789,173,2025-11-23,Returned
1790,86,2025-03-07,Pending
1791,104,2025-10-11,Delivered
1792,431,2024-09-11,Returned
1793,25,2026-06-15,Cancelled
1794,320,2025-12-24,Shipped
1795,49,2024-08-27,Shipped
1796,411,2026-05-13,Returned
1797,408,2025-03-01,Shipped
1798,412,2024-10-04,Returned
1799,103,2025-03-27,Shipped
1800,233,2024-11-16,Delivered
1801,322,2024-07-23,Shipped
1802,256,2025-08-30,Pending
1803,138,2025-03-18,Shipped
1804,437,2024-08-06,Shipped
1805,373,2025-06-30,Returned
1806,237,2025-11-30,Returned
1807,433,2026-05-09,Delivered
1808,325,2025-06-01,Returned
1809,331,2025-09-22,Cancelled
1810,208,2025-08-11,Delivered
1811,126,2026-06-08,Pending
1812,287,2025-05-31,Delivered
1813,104,2025-01-31,Returned
1814,405,2024-07-23,Cancelled
1815,330,2025-12-30,Pending
1816,506,2025-07-07,Returned
1817,444,2025-10-07,Returned
1818,344,2024-07-25,Cancelled
1819,121,2025-03-10,Delivered
1820,268,2025-04-27,Shipped
1821,129,2025-09-24,Shipped
1822,63,2025-05-07,Shipped
1823,378,2025-03-15,Cancelled
1824,479,2025-09-25,Cancelled
1825,110,2024-09-21,Returned
1826,442,2026-03-27,Returned
1827,359,2025-07-22,Pending
1828,244,2024-09-23,Cancelled
1829,186,2025-12-26,Returned
1830,11,2025-12-14,Delivered
1831,431,2024-12-14,Delivered
1832,354,2025-03-25,Returned
1833,283,2025-07-28,Returned
1834,463,2025-08-02,Cancelled
1835,440,2026-08-04,Returned
1836,155,2026-02-22,Cancelled
1837,153,2025-12-08,Pending
1838,324,2025-03-28,Pending
1839,405,2024-11-14,Pending
1840,242,2025-10-28,Returned
1841,368,2025-02-25,Delivered
1842,423,2025-04-16,Delivered
1843,181,2025-06-11,Shipped
1844,378,2024-12-11,Delivered
1845,329,2025-07-28,Cancelled
1846,2,2025-11-13,Returned
1847,295,2026-04-27,Shipped
1848,366,2026-03-11,Cancelled
1849,434,2024-09-04,Returned
1850,232,2026-04-21,Returned
1851,89,2026-04-29,Returned
1852,102,2025-08-28,Pending
1853,449,2024-12-21,Shipped
1854,115,2025-02-16,Shipped
1855,332,2025-01-29,Delivered
1856,499,2024-08-13,Cancelled
1857,26,2025-02-23,Returned
1858,77,2025-09-26,Shipped
1859,534,2025-05-16,Pending
1860,424,2026-03-24,Cancelled
1861,98,2024-12-30,Returned
1862,148,2025-11-05,Pending
1863,439,2026-02-05,Returned
1864,373,2024-09-17,Pending
1865,406,2026-01-16,Returned
1866,121,2026-04-24,Returned
1867,299,2025-09-30,Delivered
1868,241,2024-09-19,Pending
1869,352,2025-10-10,Pending
1870,377,2025-03-26,Shipped
1871,31,2025-02-05,Pending
1872,466,2024-08-29,Shipped
1873,364,2025-09-20,Returned
1874,259,2026-03-22,Pending
1875,344,2025-08-24,Shipped
1876,22,2025-07-12,Shipped
1877,253,2025-06-04,Cancelled
1878,46,2024-12-17,Cancelled
1879,134,2025-04-03,Cancelled
1880,256,2026-03-18,Returned
1881,475,2024-09-05,Returned
1882,314,2025-11-26,Shipped
1883,161,2026-04-08,Pending
1884,392,2025-02-27,Pending
1885,28,2025-08-03,Cancelled
1886,19,2026-03-24,Pending
1887,224,2025-02-25,Pending
1888,21,2025-06-09,Shipped
1889,249,2025-12-05,Cancelled
1890,64,2025-08-31,Returned
1891,93,2025-03-08,Returned
1892,289,2024-12-10,Shipped
1893,550,2025-05-25,Pending
1894,472,2025-05-16,Delivered
1895,455,2025-01-19,Delivered
1896,202,2025-11-05,Delivered
1897,429,2025-08-12,Pending
1898,426,2025-06-25,Returned
1899,305,2025-12-11,Delivered
1900,336,2026-02-20,Shipped
1901,67,2025-09-06,Returned
1902,166,2024-11-25,Shipped
1903,488,2026-05-23,Returned
1904,92,2024-07-22,Pending
1905,46,2025-11-07,Pending
1906,400,2026-01-05,Cancelled
1907,62,2025-08-12,Returned
1908,463,2026-05-09,Delivered
1909,427,2024-11-29,Pending
1910,454,2025-09-29,Shipped
1911,217,2025-07-30,Returned
1912,315,2024-12-20,Delivered
1913,21,2025-12-03,Cancelled
1914,332,2026-04-08,Pending
1915,270,2026-02-04,Returned
1916,240,2026-07-06,Pending
1917,154,2025-07-05,Returned
1918,431,2025-02-01,Shipped
1919,25,2026-07-05,Shipped
1920,56,2025-11-15,Pending
1921,339,2025-08-25,Returned
1922,131,2026-03-28,Delivered
1923,59,2025-10-28,Cancelled
1924,432,2026-05-01,Returned
1925,161,2026-02-25,Pending
1926,320,2026-06-12,Cancelled
1927,109,2025-06-09,Shipped
1928,133,2026-07-03,Shipped
1929,508,2026-08-20,Pending
1930,236,2026-01-23,Shipped
1931,372,2025-11-06,Shipped
1932,185,2024-08-23,Pending
1933,412,2025-08-17,Delivered
1934,98,2026-07-22,Delivered
1935,108,2025-04-16,Cancelled
1936,224,2025-07-02,Shipped
1937,98,2024-10-30,Cancelled
1938,243,2025-01-10,Cancelled
1939,379,2024-11-01,Pending
1940,11,2026-02-07,Cancelled
1941,151,2025-12-22,Delivered
1942,541,2026-02-22,Pending
1943,213,2025-02-26,Shipped
1944,375,2026-04-24,Pending
1945,205,2025-06-11,Shipped
1946,479,2025-05-22,Pending
1947,119,2025-03-12,Pending
1948,296,2026-05-07,Pending
1949,456,2026-04-13,Returned
1950,230,2026-06-15,Returned
1951,372,2024-08-27,Cancelled
1952,260,2025-11-12,Returned
1953,472,2024-12-13,Pending
1954,68,2026-04-26,Pending
1955,492,2025-05-24,Returned
1956,408,2025-01-31,Cancelled
1957,319,2026-04-08,Delivered
1958,342,2025-02-15,Cancelled
1959,311,2025-11-21,Pending
1960,156,2024-11-09,Delivered
1961,184,2025-01-23,Cancelled
1962,90,2025-12-23,Delivered
1963,414,2025-10-17,Shipped
1964,117,2025-01-07,Returned
1965,175,2025-05-19,Shipped
1966,137,2025-01-09,Shipped
1967,310,2024-10-04,Pending
1968,410,2024-11-01,Delivered
1969,500,2024-12-04,Delivered
1970,422,2024-07-29,Cancelled
1971,323,2025-01-14,Returned
1972,81,2026-03-19,Shipped
1973,256,2026-04-11,Returned
1974,172,2025-03-06,Cancelled
1975,225,2025-07-03,Delivered
1976,126,2025-07-20,Returned
1977,259,2025-09-15,Pending
1978,185,2025-06-11,Shipped
1979,216,2025-05-31,Pending
1980,212,2025-11-22,Shipped
1981,407,2026-06-11,Pending
1982,75,2024-08-05,Shipped
1983,484,2024-12-11,Pending
1984,396,2024-11-08,Delivered
1985,339,2025-02-04,Shipped
1986,30,2024-10-21,Shipped
1987,499,2024-07-30,Shipped
1988,448,2025-01-24,Returned
1989,5,2026-03-13,Shipped
1990,472,2026-03-24,Cancelled
1991,455,2025-02-08,Pending
1992,358,2025-12-01,Pending
1993,398,2025-09-08,Delivered
1994,276,2024-11-21,Cancelled
1995,267,2025-11-20,Delivered
1996,262,2026-05-01,Cancelled
1997,12,2024-08-09,Shipped
1998,133,2026-01-20,Pending
1999,259,2025-07-20,Returned
2000,133,2026-03-07,Delivered
2001,388,2024-07-23,Returned
2002,294,2024-08-19,Cancelled
2003,413,2026-05-06,Shipped
2004,433,2026-06-04,Returned
2005,342,2024-09-11,Cancelled
2006,366,2025-03-08,Delivered
2007,168,2025-10-18,Returned
2008,233,2025-02-24,Pending
2009,42,2026-05-12,Cancelled
2010,244,2024-08-26,Shipped
2011,207,2026-06-07,Pending
2012,447,2025-05-20,Pending
2013,226,2026-06-04,Pending
2014,422,2025-04-16,Pending
2015,365,2025-12-11,Shipped
2016,442,2025-11-30,Pending
2017,243,2026-05-26,Shipped
2018,190,2024-09-16,Pending
2019,57,2025-05-12,Delivered
2020,268,2026-04-21,Returned
2021,156,2026-01-21,Cancelled
2022,73,2026-04-23,Returned
2023,456,2024-10-25,Pending
2024,2,2025-01-07,Delivered
2025,214,2024-10-02,Pending
2026,461,2025-09-24,Shipped
2027,68,2026-01-29,Pending
2028,390,2025-07-31,Returned
2029,46,2026-07-02,Pending
2030,199,2024-10-09,Shipped
2031,24,2025-08-17,Returned
2032,331,2025-12-05,Delivered
2033,293,2026-04-12,Returned
2034,288,2025-10-01,Delivered
2035,99,2026-03-02,Delivered
2036,491,2026-07-01,Pending
2037,258,2025-08-19,Shipped
2038,93,2025-01-19,Cancelled
2039,126,2025-07-28,Shipped
2040,228,2026-05-26,Returned
2041,206,2024-09-16,Delivered
2042,175,2025-01-08,Shipped
2043,163,2025-10-16,Delivered
2044,278,2024-10-10,Returned
2045,394,2026-02-28,Pending
2046,348,2026-03-26,Returned
2047,93,2025-03-08,Pending
2048,51,2025-03-20,Returned
2049,133,2026-04-15,Delivered
2050,27,2025-10-04,Shipped
2051,122,2026-01-31,Pending
2052,487,2025-05-06,Pending
2053,284,2026-03-25,Pending
2054,325,2026-02-09,Returned
2055,284,2026-02-05,Cancelled
2056,391,2025-01-07,Returned
2057,291,2026-07-04,Shipped
2058,105,2025-06-01,Shipped
2059,87,2024-12-24,Pending
2060,493,2024-10-28,Delivered
2061,417,2024-09-28,Returned
2062,335,2026-09-07,Pending
2063,140,2024-12-21,Pending
2064,180,2025-02-06,Shipped
2065,145,2025-06-14,Shipped
2066,36,2025-05-21,Delivered
2067,426,2025-01-21,Returned
2068,450,2026-05-09,Returned
2069,453,2025-10-08,Returned
2070,386,2024-08-20,Returned
2071,175,2025-07-23,Returned
2072,9,2025-08-26,Delivered
2073,312,2025-04-25,Cancelled
2074,212,2026-01-02,Pending
2075,391,2024-10-03,Delivered
2076,276,2025-03-10,Pending
2077,345,2025-09-04,Pending
2078,424,2025-06-02,Delivered
2079,64,2025-07-11,Pending
2080,5,2026-07-27,Returned
2081,99,2025-01-15,Returned
2082,414,2025-02-08,Pending
2083,496,2026-05-22,Shipped
2084,541,2026-03-09,Returned
2085,292,2026-07-05,Cancelled
2086,338,2024-10-28,Shipped
2087,290,2025-04-15,Delivered
2088,66,2025-07-12,Cancelled
2089,452,2026-01-14,Cancelled
2090,435,2025-04-19,Shipped
2091,315,2026-04-06,Pending
2092,2,2025-03-04,Delivered
2093,438,2024-07-24,Pending
2094,141,2025-11-21,Pending
2095,186,2026-06-11,Cancelled
2096,25,2025-10-21,Pending
2097,513,2024-08-04,Shipped
2098,414,2026-04-22,Pending
2099,491,2026-02-02,Cancelled
2100,169,2025-12-04,Delivered
2101,15,2026-03-20,Shipped
2102,409,2026-07-08,Returned
2103,127,2024-08-19,Returned
2104,427,2025-12-26,Cancelled
2105,484,2026-06-20,Pending
2106,392,2026-03-12,Delivered
2107,44,2025-12-11,Pending
2108,161,2025-01-10,Cancelled
2109,32,2025-01-20,Returned
2110,313,2025-09-10,Delivered
2111,287,2025-05-02,Pending
2112,50,2025-03-05,Shipped
2113,404,2026-08-03,Pending
2114,408,2026-01-03,Delivered
2115,174,2025-04-15,Delivered
2116,233,2026-06-09,Delivered
2117,546,2026-03-30,Cancelled
2118,464,2025-12-22,Returned
2119,182,2024-10-10,Pending
2120,96,2025-08-27,Delivered
2121,66,2026-05-12,Returned
2122,160,2025-01-07,Cancelled
2123,76,2026-05-05,Returned
2124,189,2025-06-16,Cancelled
2125,30,2025-05-05,Shipped
2126,440,2024-07-14,Cancelled
2127,328,2026-06-14,Returned
2128,97,2025-05-09,Pending
2129,308,2026-06-28,Shipped
2130,494,2026-06-20,Returned
2131,84,2025-01-22,Delivered
2132,254,2026-07-24,Cancelled
2133,239,2024-09-16,Returned
2134,414,2026-07-05,Cancelled
2135,423,2026-04-08,Delivered
2136,184,2026-02-15,Returned
2137,226,2025-01-06,Returned
2138,23,2025-02-24,Returned
2139,90,2024-12-18,Cancelled
2140,174,2026-05-06,Cancelled
2141,12,2026-05-30,Delivered
2142,11,2024-11-09,Delivered
2143,174,2026-06-19,Cancelled
2144,190,2025-06-13,Shipped
2145,410,2025-11-10,Delivered
2146,61,2025-03-11,Cancelled
2147,99,2026-05-22,Returned
2148,307,2026-03-30,Delivered
2149,391,2026-02-23,Shipped
2150,151,2025-11-20,Delivered
2151,323,2025-05-19,Shipped
2152,496,2026-03-13,Delivered
2153,402,2024-08-03,Delivered
2154,86,2025-02-05,Shipped
2155,192,2026-05-11,Returned
2156,365,2024-09-08,Pending
2157,243,2026-04-08,Shipped
2158,333,2026-03-05,Cancelled
2159,232,2026-07-08,Returned
2160,218,2025-07-24,Returned
2161,131,2025-07-08,Delivered
2162,152,2026-01-31,Shipped
2163,22,2025-05-24,Pending
2164,231,2026-06-27,Pending
2165,163,2026-04-22,Pending
2166,120,2025-03-23,Delivered
2167,151,2026-01-16,Delivered
2168,403,2025-06-01,Delivered
2169,37,2026-05-20,Returned
2170,101,2026-06-21,Returned
2171,98,2026-04-06,Shipped
2172,468,2024-09-23,Returned
2173,422,2026-04-09,Pending
2174,421,2024-11-09,Pending
2175,335,2026-01-01,Cancelled
2176,444,2025-01-26,Cancelled
2177,243,2025-08-05,Shipped
2178,388,2024-08-28,Returned
2179,406,2025-04-07,Pending
2180,395,2025-05-30,Pending
2181,231,2025-10-18,Cancelled
2182,296,2026-01-25,Delivered
2183,256,2026-03-31,Returned
2184,116,2025-09-06,Pending
2185,391,2026-02-01,Returned
2186,301,2025-03-18,Cancelled
2187,79,2025-06-25,Shipped
2188,323,2025-12-29,Shipped
2189,444,2024-07-29,Pending
2190,33,2026-02-19,Delivered
2191,169,2024-08-17,Returned
2192,48,2025-11-18,Cancelled
2193,17,2025-11-18,Delivered
2194,96,2024-11-27,Pending
2195,146,2025-11-09,Shipped
2196,36,2025-06-17,Delivered
2197,88,2026-03-14,Pending
2198,81,2025-11-17,Pending
2199,245,2024-10-21,Cancelled
2200,67,2024-07-10,Pending
2201,82,2025-05-15,Shipped
2202,104,2024-12-10,Returned
2203,510,2025-11-08,Pending
2204,310,2025-03-02,Shipped
2205,451,2025-03-08,Delivered
2206,378,2025-09-28,Pending
2207,178,2024-09-09,Returned
2208,201,2024-10-02,Cancelled
2209,213,2024-11-07,Pending
2210,235,2025-01-17,Shipped
2211,49,2025-08-13,Cancelled
2212,454,2026-01-13,Shipped
2213,150,2026-02-24,Cancelled
2214,466,2026-04-14,Shipped
2215,63,2025-11-24,Delivered
2216,259,2026-02-20,Pending
2217,85,2024-10-17,Pending
2218,14,2026-04-26,Pending
2219,196,2025-10-12,Cancelled
2220,204,2025-12-22,Cancelled
2221,168,2025-05-22,Pending
2222,35,2026-03-15,Pending
2223,72,2026-07-07,Cancelled
2224,88,2025-03-13,Cancelled
2225,151,2025-06-23,Cancelled
2226,40,2026-07-27,Cancelled
2227,226,2026-05-17,Delivered
2228,458,2026-01-30,Delivered
2229,429,2024-10-19,Delivered
2230,200,2025-01-26,Shipped
2231,3,2024-11-19,Cancelled
2232,476,2025-12-23,Cancelled
2233,502,2025-10-11,Returned
2234,421,2026-04-11,Cancelled
2235,491,2025-03-19,Cancelled
2236,371,2026-03-21,Delivered
2237,418,2025-02-11,Cancelled
2238,320,2024-12-09,Pending
2239,62,2024-09-11,Returned
2240,542,2025-05-25,Pending
2241,109,2025-04-19,Returned
2242,333,2024-11-26,Cancelled
2243,211,2025-05-09,Delivered
2244,365,2026-05-19,Shipped
2245,88,2025-04-27,Returned
2246,324,2026-04-17,Cancelled
2247,171,2026-05-25,Returned
2248,436,2025-09-24,Delivered
2249,312,2024-12-29,Shipped
2250,328,2024-07-24,Delivered
2251,120,2024-07-25,Delivered
2252,159,2026-06-25,Cancelled
2253,318,2025-09-14,Pending
2254,152,2025-11-22,Delivered
2255,122,2025-10-26,Pending
2256,379,2025-11-06,Returned
2257,330,2025-01-01,Pending
2258,332,2026-06-12,Cancelled
2259,434,2024-09-15,Cancelled
2260,277,2025-07-02,Cancelled
2261,411,2024-12-08,Shipped
2262,447,2025-01-27,Pending
2263,532,2026-01-03,Cancelled
2264,27,2026-04-30,Cancelled
2265,65,2024-11-16,Cancelled
2266,121,2024-08-15,Pending
2267,160,2025-05-15,Pending
2268,91,2025-10-31,Shipped
2269,230,2025-06-06,Pending
2270,41,2025-10-17,Pending
2271,86,2025-01-26,Shipped
2272,377,2024-10-31,Pending
2273,11,2024-09-15,Delivered
2274,389,2025-04-19,Shipped
2275,79,2024-11-17,Pending
2276,238,2025-09-21,Shipped
2277,311,2024-10-07,Pending
2278,101,2024-07-18,Delivered
2279,442,2026-01-17,Pending
2280,208,2025-08-20,Returned
2281,197,2025-06-10,Shipped
2282,37,2026-02-28,Delivered
2283,198,2026-06-22,Pending
2284,491,2026-06-29,Returned
2285,261,2025-06-25,Returned
2286,357,2026-04-11,Pending
2287,377,2025-12-13,Returned
2288,324,2025-07-26,Cancelled
2289,134,2024-10-08,Cancelled
2290,131,2024-12-29,Cancelled
2291,7,2026-01-13,Pending
2292,204,2024-12-12,Delivered
2293,266,2024-12-03,Cancelled
2294,425,2026-05-08,Shipped
2295,496,2026-03-31,Shipped
2296,158,2026-03-07,Delivered
2297,56,2025-01-30,Returned
2298,417,2025-02-16,Pending
2299,358,2026-02-07,Pending
2300,1,2025-07-26,Pending
2301,269,2025-04-30,Pending
2302,88,2024-10-17,Cancelled
2303,102,2025-06-08,Delivered
2304,231,2026-05-04,Cancelled
2305,31,2024-12-15,Cancelled
2306,133,2025-10-17,Pending
2307,321,2024-12-22,Cancelled
2308,41,2026-04-09,Returned
2309,33,2025-02-12,Pending
2310,249,2026-01-23,Delivered
2311,137,2026-08-16,Delivered
2312,50,2024-12-02,Pending
2313,309,2025-05-28,Returned
2314,478,2024-11-25,Shipped
2315,220,2025-05-21,Returned
2316,162,2026-03-15,Pending
2317,194,2024-10-29,Returned
2318,413,2024-07-30,Pending
2319,372,2025-02-18,Delivered
2320,309,2025-01-27,Cancelled
2321,189,2025-01-06,Pending
2322,264,2025-10-30,Returned
2323,9,2025-06-23,Returned
2324,348,2026-06-12,Pending
2325,379,2025-01-16,Pending
2326,481,2025-04-21,Delivered
2327,376,2025-10-03,Cancelled
2328,446,2025-12-21,Shipped
2329,17,2025-11-22,Returned
2330,427,2025-06-28,Pending
2331,87,2024-09-12,Pending
2332,340,2024-07-16,Cancelled
2333,386,2025-07-07,Delivered
2334,223,2024-10-19,Returned
2335,463,2026-05-15,Returned
2336,341,2025-03-16,Delivered
2337,341,2025-12-28,Pending
2338,47,2025-05-12,Cancelled
2339,478,2025-12-23,Delivered
2340,330,2024-12-19,Pending
2341,335,2026-01-13,Pending
2342,414,2025-05-01,Returned
2343,45,2026-01-09,Shipped
2344,480,2025-06-01,Shipped
2345,189,2026-01-30,Pending
2346,296,2025-10-14,Shipped
2347,275,2025-01-23,Pending
2348,164,2024-09-02,Cancelled
2349,267,2024-09-20,Delivered
2350,530,2025-09-13,Returned
2351,429,2024-08-22,Cancelled
2352,308,2024-08-17,Delivered
2353,307,2025-03-23,Delivered
2354,141,2026-07-01,Pending
2355,324,2025-01-06,Pending
2356,31,2025-07-08,Cancelled
2357,435,2026-06-13,Delivered
2358,473,2025-04-09,Pending
2359,373,2025-10-21,Cancelled
2360,12,2026-07-07,Pending
2361,179,2025-12-11,Shipped
2362,373,2026-03-23,Cancelled
2363,359,2025-10-15,Cancelled
2364,166,2026-01-10,Delivered
2365,436,2026-02-09,Cancelled
2366,296,2026-03-29,Returned
2367,460,2024-08-12,Cancelled
2368,377,2024-07-12,Shipped
2369,53,2025-01-21,Cancelled
2370,193,2025-08-03,Cancelled
2371,475,2025-11-01,Pending
2372,92,2025-04-29,Shipped
2373,333,2025-02-27,Cancelled
2374,322,2025-05-10,Delivered
2375,124,2025-12-11,Shipped
2376,489,2025-04-22,Delivered
2377,399,2024-10-18,Pending
2378,141,2026-06-01,Delivered
2379,62,2025-09-15,Shipped
2380,116,2024-08-08,Shipped
2381,246,2025-10-01,Shipped
2382,93,2024-11-24,Pending
2383,153,2025-01-26,Delivered
2384,366,2024-11-16,Cancelled
2385,208,2026-08-14,Shipped
2386,402,2025-07-25,Shipped
2387,429,2026-06-30,Delivered
2388,386,2025-03-28,Delivered
2389,93,2026-05-20,Delivered
2390,285,2025-07-06,Delivered
2391,66,2024-10-18,Delivered
2392,288,2024-09-15,Delivered
2393,64,2025-03-11,Shipped
2394,88,2026-01-10,Delivered
2395,128,2025-08-23,Shipped
2396,464,2025-06-09,Pending
2397,72,2024-10-26,Shipped
2398,467,2025-01-26,Shipped
2399,262,2024-10-06,Delivered
2400,122,2025-03-08,Cancelled
2401,491,2024-08-11,Shipped
2402,184,2024-10-15,Pending
2403,39,2025-07-30,Cancelled
2404,205,2026-05-16,Pending
2405,482,2026-04-17,Delivered
2406,323,2025-02-11,Cancelled
2407,366,2026-02-08,Shipped
2408,310,2025-04-14,Returned
2409,404,2026-06-27,Shipped
2410,127,2025-06-07,Delivered
2411,351,2025-02-12,Delivered
2412,186,2026-06-09,Cancelled
2413,445,2026-05-20,Delivered
2414,194,2025-01-28,Delivered
2415,401,2025-10-27,Returned
2416,302,2026-04-13,Shipped
2417,179,2026-02-19,Shipped
2418,139,2026-06-27,Cancelled
2419,163,2025-01-28,Returned
2420,413,2025-08-13,Shipped
2421,283,2025-03-08,Pending
2422,304,2026-08-11,Cancelled
2423,337,2026-06-01,Returned
2424,28,2024-11-13,Returned
2425,363,2025-03-10,Pending
2426,362,2026-01-31,Returned
2427,409,2025-07-24,Pending
2428,267,2026-02-21,Cancelled
2429,157,2024-11-02,Returned
2430,209,2025-09-12,Delivered
2431,40,2026-05-01,Cancelled
2432,295,2026-06-24,Shipped
2433,476,2025-11-30,Pending
2434,347,2025-11-14,Pending
2435,255,2026-03-19,Shipped
2436,358,2026-07-22,Delivered
2437,366,2024-08-18,Returned
2438,126,2024-12-01,Shipped
2439,351,2024-10-31,Cancelled
2440,346,2024-08-19,Cancelled
2441,90,2025-01-02,Shipped
2442,181,2024-11-27,Pending
2443,88,2024-08-04,Cancelled
2444,426,2025-07-08,Delivered
2445,149,2025-01-26,Cancelled
2446,2,2024-11-12,Cancelled
2447,473,2026-01-07,Shipped
2448,423,2025-07-05,Shipped
2449,435,2025-06-11,Shipped
2450,236,2024-10-06,Delivered
2451,180,2026-06-03,Returned
2452,5,2026-06-28,Delivered
2453,271,2025-07-27,Delivered
2454,468,2024-08-08,Returned
2455,116,2025-06-15,Returned
2456,220,2025-04-10,Returned
2457,56,2026-01-09,Pending
2458,83,2025-09-16,Delivered
2459,184,2025-07-19,Delivered
2460,98,2025-06-28,Pending
2461,381,2025-07-25,Cancelled
2462,486,2024-10-03,Returned
2463,61,2026-04-25,Cancelled
2464,167,2026-01-18,Pending
2465,257,2026-05-12,Pending
2466,68,2024-10-30,Delivered
2467,65,2024-10-12,Cancelled
2468,27,2025-04-05,Shipped
2469,531,2024-09-18,Pending
2470,43,2024-12-13,Cancelled
2471,374,2026-05-13,Delivered
2472,443,2025-02-13,Pending
2473,102,2024-11-25,Delivered
2474,359,2026-04-17,Cancelled
2475,438,2024-11-15,Cancelled
2476,62,2026-02-10,Cancelled
2477,476,2026-07-22,Delivered
2478,443,2026-04-07,Returned
2479,359,2025-02-04,Returned
2480,219,2025-09-18,Delivered
2481,156,2026-05-30,Returned
2482,365,2025-12-05,Delivered
2483,94,2025-10-05,Returned
2484,109,2024-12-19,Shipped
2485,52,2025-10-04,Pending
2486,187,2024-07-11,Delivered
2487,350,2025-08-20,Returned
2488,185,2026-02-23,Shipped
2489,271,2025-09-24,Returned
2490,108,2024-11-25,Delivered
2491,67,2025-05-27,Delivered
2492,301,2026-06-22,Cancelled
2493,99,2024-09-05,Delivered
2494,483,2025-01-15,Pending
2495,390,2026-02-24,Delivered
2496,66,2025-07-29,Returned
2497,457,2025-12-15,Shipped
2498,500,2024-09-19,Delivered
2499,467,2026-05-28,Shipped
2500,477,2025-03-20,Cancelled
2501,307,2024-07-28,Returned
2502,24,2025-02-13,Cancelled
2503,380,2025-12-19,Shipped
2504,446,2025-12-18,Pending
2505,385,2024-10-10,Pending
2506,206,2025-05-10,Delivered
2507,82,2025-04-24,Delivered
2508,451,2025-10-09,Shipped
2509,363,2026-06-29,Cancelled
2510,152,2024-09-28,Cancelled
2511,115,2026-04-19,Delivered
2512,328,2025-03-16,Cancelled
2513,139,2024-11-04,Cancelled
2514,422,2024-07-30,Returned
2515,324,2024-09-08,Delivered
2516,485,2025-06-30,Cancelled
2517,210,2026-04-14,Delivered
2518,321,2026-01-08,Cancelled
2519,375,2025-12-02,Delivered
2520,276,2025-07-15,Shipped
2521,55,2025-06-25,Returned
2522,446,2025-11-08,Cancelled
2523,419,2025-02-02,Cancelled
2524,298,2025-10-12,Pending
2525,80,2025-12-01,Pending
2526,189,2024-07-12,Pending
2527,93,2025-03-20,Cancelled
2528,97,2024-08-11,Cancelled
2529,332,2025-11-29,Cancelled
2530,419,2025-11-03,Delivered
2531,74,2025-06-24,Pending
2532,52,2025-03-17,Delivered
2533,309,2026-01-27,Delivered
2534,542,2026-01-29,Cancelled
2535,128,2026-06-12,Shipped
2536,7,2026-08-29,Delivered
2537,278,2025-09-23,Delivered
2538,104,2024-10-16,Pending
2539,418,2024-12-19,Cancelled
2540,125,2026-05-09,Shipped
2541,64,2024-08-14,Shipped
2542,152,2026-03-22,Pending
2543,515,2025-11-19,Pending
2544,198,2025-02-12,Cancelled
2545,472,2025-03-16,Delivered
2546,252,2026-03-19,Delivered
2547,490,2024-08-20,Shipped
2548,171,2026-02-05,Delivered
2549,459,2024-08-31,Pending
2550,272,2025-09-05,Pending
2551,77,2025-10-18,Shipped
2552,419,2025-04-30,Returned
2553,470,2024-09-17,Returned
2554,416,2025-05-13,Delivered
2555,442,2025-01-22,Cancelled
2556,164,2024-11-23,Pending
2557,418,2025-01-10,Returned
2558,75,2026-02-26,Cancelled
2559,393,2026-05-11,Pending
2560,247,2025-05-13,Returned
2561,71,2024-09-15,Cancelled
2562,197,2024-07-23,Shipped
2563,253,2026-05-01,Pending
2564,43,2024-12-16,Shipped
2565,398,2024-11-11,Delivered
2566,121,2025-05-05,Delivered
2567,186,2026-03-05,Delivered
2568,31,2025-05-16,Cancelled
2569,151,2025-02-14,Shipped
2570,498,2025-11-22,Cancelled
2571,424,2026-02-12,Delivered
2572,493,2025-11-28,Delivered
2573,357,2024-11-04,Delivered
2574,340,2024-10-09,Shipped
2575,446,2025-02-24,Cancelled
2576,41,2026-09-01,Pending
2577,77,2026-03-22,Cancelled
2578,384,2025-06-08,Pending
2579,211,2026-01-30,Delivered
2580,147,2026-03-26,Delivered
2581,310,2026-06-23,Delivered
2582,203,2025-03-05,Pending
2583,284,2026-06-09,Shipped
2584,257,2025-12-22,Cancelled
2585,140,2025-10-19,Cancelled
2586,381,2024-10-17,Cancelled
2587,201,2025-04-12,Shipped
2588,310,2025-12-06,Pending
2589,245,2024-09-20,Pending
2590,85,2026-04-15,Pending
2591,100,2025-04-19,Returned
2592,309,2025-08-10,Cancelled
2593,145,2024-12-10,Cancelled
2594,520,2025-07-23,Cancelled
2595,327,2025-06-18,Delivered
2596,292,2026-05-26,Pending
2597,24,2025-05-05,Returned
2598,5,2025-07-13,Pending
2599,257,2025-02-01,Returned
2600,499,2025-09-18,Returned
2601,209,2025-10-17,Shipped
2602,414,2025-06-01,Pending
2603,245,2024-09-16,Returned
2604,83,2026-02-15,Delivered
2605,488,2025-06-01,Cancelled
2606,394,2026-03-29,Shipped
2607,265,2025-04-20,Shipped
2608,477,2025-10-27,Cancelled
2609,174,2024-11-29,Pending
2610,21,2025-06-10,Pending
2611,123,2025-11-09,Delivered
2612,491,2025-06-03,Pending
2613,50,2024-09-18,Returned
2614,281,2024-08-08,Delivered
2615,256,2025-08-10,Returned
2616,83,2025-03-30,Returned
2617,46,2025-07-03,Pending
2618,133,2025-12-15,Pending
2619,333,2024-12-29,Shipped
2620,250,2025-11-23,Pending
2621,210,2025-12-23,Cancelled
2622,226,2026-01-13,Returned
2623,192,2024-11-05,Pending
2624,135,2026-06-30,Delivered
2625,318,2025-07-27,Cancelled
2626,359,2026-09-02,Delivered
2627,149,2025-11-08,Delivered
2628,115,2025-11-22,Delivered
2629,179,2025-08-19,Pending
2630,56,2024-09-11,Pending
2631,394,2025-02-18,Delivered
2632,163,2025-07-06,Cancelled
2633,360,2025-06-12,Pending
2634,20,2024-09-07,Cancelled
2635,328,2026-06-12,Shipped
2636,397,2026-03-22,Returned
2637,405,2025-07-13,Delivered
2638,109,2025-02-26,Pending
2639,139,2024-10-31,Cancelled
2640,36,2024-10-15,Pending
2641,447,2025-12-21,Returned
2642,95,2026-06-09,Pending
2643,176,2025-02-26,Cancelled
2644,179,2026-04-22,Shipped
2645,353,2025-01-17,Pending
2646,182,2025-08-18,Delivered
2647,288,2025-06-05,Delivered
2648,371,2025-02-22,Returned
2649,341,2025-09-22,Returned
2650,8,2024-08-14,Cancelled
2651,256,2025-09-08,Pending
2652,135,2026-08-07,Cancelled
2653,325,2026-06-20,Delivered
2654,19,2024-08-12,Pending
2655,357,2025-08-10,Pending
2656,111,2024-09-29,Shipped
2657,524,2026-09-05,Returned
2658,258,2025-06-03,Pending
2659,333,2025-05-24,Returned
2660,181,2024-09-19,Returned
2661,59,2025-07-03,Returned
2662,91,2025-12-03,Pending
2663,196,2026-01-18,Pending
2664,325,2025-09-22,Delivered
2665,45,2026-03-31,Delivered
2666,316,2025-01-20,Shipped
2667,475,2025-04-10,Shipped
2668,298,2025-01-21,Pending
2669,109,2025-10-05,Pending
2670,59,2024-09-09,Delivered
2671,180,2026-02-25,Pending
2672,465,2025-08-03,Pending
2673,4,2024-07-20,Shipped
2674,146,2024-10-04,Returned
2675,430,2026-02-03,Cancelled
2676,3,2025-12-03,Delivered
2677,14,2025-07-02,Shipped
2678,420,2024-11-24,Cancelled
2679,492,2026-03-10,Shipped
2680,499,2024-11-26,Pending
2681,425,2026-04-23,Pending
2682,66,2025-05-09,Cancelled
2683,207,2024-08-12,Pending
2684,119,2024-09-10,Shipped
2685,61,2025-05-27,Returned
2686,429,2026-05-19,Cancelled
2687,48,2026-01-06,Shipped
2688,79,2025-02-24,Delivered
2689,293,2025-03-08,Cancelled
2690,233,2025-10-07,Cancelled
2691,123,2026-01-21,Cancelled
2692,275,2025-06-26,Pending
2693,395,2026-02-16,Delivered
2694,479,2025-12-10,Shipped
2695,444,2025-06-22,Shipped
2696,63,2025-11-04,Cancelled
2697,48,2026-03-27,Cancelled
2698,201,2025-01-29,Pending
2699,38,2025-03-30,Cancelled
2700,352,2026-06-21,Pending
2701,414,2026-05-15,Cancelled
2702,338,2026-03-29,Delivered
2703,61,2024-11-30,Pending
2704,315,2026-08-12,Returned
2705,475,2024-11-28,Shipped
2706,12,2024-09-06,Cancelled
2707,444,2026-02-08,Delivered
2708,168,2025-10-20,Cancelled
2709,138,2025-01-25,Delivered
2710,179,2026-05-16,Pending
2711,382,2025-12-13,Pending
2712,473,2024-09-28,Returned
2713,493,2025-06-09,Shipped
2714,160,2025-08-27,Pending
2715,222,2024-07-21,Returned
2716,418,2024-07-12,Pending
2717,220,2025-05-10,Delivered
2718,231,2024-10-06,Shipped
2719,130,2024-07-18,Shipped
2720,181,2024-11-18,Returned
2721,220,2025-11-29,Delivered
2722,111,2025-07-13,Returned
2723,545,2026-07-31,Cancelled
2724,239,2025-12-27,Cancelled
2725,288,2025-05-18,Cancelled
2726,270,2026-05-13,Shipped
2727,485,2025-11-30,Delivered
2728,294,2026-02-06,Pending
2729,163,2025-10-18,Delivered
2730,411,2026-01-22,Returned
2731,216,2025-07-21,Shipped
2732,168,2025-02-28,Delivered
2733,537,2025-10-31,Pending
2734,146,2026-03-31,Delivered
2735,459,2025-10-30,Returned
2736,531,2025-04-14,Pending
2737,371,2025-12-26,Returned
2738,205,2025-12-13,Pending
2739,314,2025-12-26,Pending
2740,253,2025-12-14,Delivered
2741,432,2025-05-10,Delivered
2742,115,2026-07-16,Returned
2743,442,2025-02-28,Cancelled
2744,46,2024-09-14,Returned
2745,418,2024-10-13,Delivered
2746,133,2024-10-20,Delivered
2747,485,2024-07-18,Shipped
2748,406,2024-12-03,Cancelled
2749,474,2024-10-02,Cancelled
2750,164,2026-04-02,Pending
2751,327,2024-07-20,Shipped
2752,124,2025-12-30,Returned
2753,165,2024-12-01,Delivered
2754,136,2026-05-06,Returned
2755,286,2024-07-28,Cancelled
2756,356,2024-12-17,Delivered
2757,514,2025-07-16,Pending
2758,97,2025-11-23,Shipped
2759,390,2024-10-28,Returned
2760,363,2025-11-24,Shipped
2761,55,2025-01-11,Returned
2762,198,2025-06-11,Shipped
2763,104,2026-04-23,Returned
2764,217,2025-11-06,Shipped
2765,332,2026-05-05,Delivered
2766,382,2026-08-08,Cancelled
2767,137,2025-08-30,Pending
2768,181,2024-12-03,Delivered
2769,182,2024-09-12,Shipped
2770,221,2025-02-26,Returned
2771,190,2026-02-25,Pending
2772,100,2025-07-02,Shipped
2773,142,2024-10-31,Pending
2774,56,2025-07-11,Delivered
2775,113,2025-05-31,Shipped
2776,137,2024-07-24,Returned
2777,116,2024-10-06,Pending
2778,201,2024-11-14,Returned
2779,254,2026-06-08,Returned
2780,327,2024-11-03,Delivered
2781,49,2026-02-01,Shipped
2782,245,2026-01-04,Cancelled
2783,88,2025-06-18,Cancelled
2784,171,2025-07-19,Delivered
2785,342,2025-07-09,Cancelled
2786,499,2024-07-23,Delivered
2787,305,2026-05-06,Delivered
2788,251,2025-06-22,Delivered
2789,544,2025-10-05,Cancelled
2790,269,2025-01-12,Delivered
2791,52,2024-12-11,Pending
2792,252,2025-02-22,Returned
2793,340,2025-09-23,Delivered
2794,424,2026-04-13,Shipped
2795,397,2026-04-16,Shipped
2796,248,2025-05-08,Delivered
2797,76,2024-08-16,Cancelled
2798,183,2025-03-24,Pending
2799,185,2024-07-14,Pending
2800,328,2024-09-25,Shipped
2801,461,2025-11-09,Shipped
2802,90,2026-04-27,Returned
2803,201,2026-01-12,Returned
2804,159,2025-06-08,Returned
2805,428,2025-05-26,Pending
2806,291,2026-04-28,Returned
2807,57,2025-07-28,Cancelled
2808,239,2026-01-31,Returned
2809,320,2025-09-30,Pending
2810,148,2025-10-13,Pending
2811,21,2026-01-26,Delivered
2812,28,2026-08-01,Delivered
2813,26,2025-02-18,Returned
2814,403,2024-08-05,Shipped
2815,80,2025-07-21,Cancelled
2816,376,2025-05-14,Delivered
2817,149,2025-07-20,Returned
2818,128,2025-08-10,Pending
2819,205,2025-10-10,Returned
2820,472,2026-01-21,Shipped
2821,224,2025-10-25,Shipped
2822,72,2026-07-04,Cancelled
2823,214,2025-12-17,Delivered
2824,153,2026-06-10,Shipped
2825,94,2026-04-03,Pending
2826,50,2026-05-12,Returned
2827,258,2025-07-21,Pending
2828,182,2025-01-04,Pending
2829,237,2026-01-13,Pending
2830,46,2024-08-24,Returned
2831,403,2025-08-22,Cancelled
2832,318,2024-07-22,Returned
2833,28,2025-05-31,Pending
2834,549,2025-09-28,Pending
2835,430,2025-03-10,Delivered
2836,171,2025-09-10,Shipped
2837,247,2024-08-26,Delivered
2838,380,2025-02-01,Delivered
2839,360,2026-06-01,Pending
2840,70,2025-11-23,Cancelled
2841,155,2025-05-28,Delivered
2842,413,2026-05-29,Delivered
2843,539,2025-07-10,Shipped
2844,50,2024-10-06,Delivered
2845,427,2025-07-27,Delivered
2846,154,2025-11-03,Cancelled
2847,431,2026-07-07,Shipped
2848,349,2025-11-21,Delivered
2849,222,2025-04-03,Cancelled
2850,420,2025-06-21,Shipped
2851,380,2025-12-31,Pending
2852,149,2025-06-11,Shipped
2853,253,2024-07-24,Pending
2854,358,2024-11-10,Pending
2855,76,2025-02-16,Shipped
2856,520,2026-01-23,Shipped
2857,228,2024-12-04,Cancelled
2858,240,2025-07-07,Delivered
2859,82,2025-04-01,Shipped
2860,108,2025-06-13,Pending
2861,263,2025-01-04,Returned
2862,336,2025-08-06,Cancelled
2863,143,2024-12-25,Pending
2864,35,2025-10-07,Pending
2865,493,2026-06-14,Shipped
2866,363,2025-12-22,Shipped
2867,133,2025-03-28,Shipped
2868,179,2026-06-23,Delivered
2869,24,2025-10-18,Cancelled
2870,50,2026-05-01,Pending
2871,166,2026-04-23,Cancelled
2872,54,2026-01-14,Pending
2873,387,2025-11-30,Delivered
2874,314,2025-07-06,Delivered
2875,227,2024-10-17,Delivered
2876,473,2026-05-24,Pending
2877,194,2025-02-20,Shipped
2878,103,2026-01-20,Returned
2879,116,2026-01-11,Shipped
2880,415,2025-05-07,Delivered
2881,323,2025-05-27,Delivered
2882,415,2026-08-28,Pending
2883,291,2025-12-12,Cancelled
2884,350,2025-11-26,Shipped
2885,255,2026-01-29,Pending
2886,257,2025-04-13,Shipped
2887,437,2026-03-18,Pending
2888,321,2025-07-09,Delivered
2889,66,2026-03-21,Delivered
2890,256,2026-04-24,Returned
2891,12,2024-11-10,Returned
2892,200,2025-11-02,Cancelled
2893,496,2024-12-15,Cancelled
2894,437,2025-02-12,Returned
2895,205,2025-12-26,Delivered
2896,299,2026-02-09,Returned
2897,335,2024-09-12,Returned
2898,103,2025-12-08,Cancelled
2899,105,2025-07-18,Delivered
2900,121,2024-10-16,Shipped
2901,464,2024-11-19,Delivered
2902,178,2024-12-09,Shipped
2903,379,2024-11-06,Shipped
2904,246,2025-10-21,Delivered
2905,54,2025-07-25,Returned
2906,221,2024-09-24,Cancelled
2907,11,2026-03-16,Cancelled
2908,274,2025-05-27,Delivered
2909,283,2025-07-26,Pending
2910,357,2025-02-28,Shipped
2911,71,2025-01-06,Shipped
2912,463,2024-12-17,Pending
2913,471,2025-09-13,Shipped
2914,6,2024-08-13,Shipped
2915,291,2024-07-22,Cancelled
2916,417,2025-04-12,Pending
2917,93,2026-05-23,Shipped
2918,336,2025-01-26,Cancelled
2919,311,2025-04-11,Delivered
2920,40,2025-12-15,Pending
2921,362,2024-11-08,Cancelled
2922,228,2024-11-20,Shipped
2923,150,2026-04-12,Returned
2924,164,2026-05-06,Delivered
2925,178,2026-06-02,Shipped
2926,249,2025-08-03,Cancelled
2927,431,2024-08-01,Shipped
2928,108,2026-03-26,Cancelled
2929,19,2024-08-26,Pending
2930,488,2025-03-27,Delivered
2931,139,2025-06-07,Delivered
2932,31,2024-10-04,Pending
2933,10,2025-10-30,Delivered
2934,115,2024-12-31,Pending
2935,273,2024-10-09,Shipped
2936,391,2025-09-17,Shipped
2937,387,2024-12-29,Returned
2938,415,2025-07-20,Delivered
2939,175,2025-01-24,Pending
2940,401,2025-03-29,Delivered
2941,414,2026-03-09,Returned
2942,440,2025-04-09,Pending
2943,294,2026-02-25,Returned
2944,84,2024-08-13,Cancelled
2945,68,2026-02-26,Returned
2946,44,2026-05-20,Returned
2947,173,2025-09-13,Returned
2948,186,2025-01-31,Shipped
2949,7,2026-06-04,Returned
2950,429,2024-11-02,Pending
2951,9,2026-05-01,Returned
2952,246,2025-12-26,Pending
2953,30,2026-05-17,Shipped
2954,283,2025-08-12,Cancelled
2955,133,2025-10-20,Pending
2956,66,2025-12-10,Shipped
2957,336,2024-09-26,Delivered
2958,95,2026-01-07,Shipped
2959,163,2024-08-16,Delivered
2960,488,2026-06-27,Returned
2961,9,2025-06-13,Returned
2962,277,2026-03-20,Returned
2963,56,2025-06-28,Shipped
2964,40,2026-04-22,Returned
2965,425,2026-02-15,Pending
2966,449,2024-10-02,Shipped
2967,404,2024-09-28,Returned
2968,241,2026-03-07,Delivered
2969,83,2025-10-25,Cancelled
2970,467,2025-10-24,Cancelled
2971,414,2026-03-07,Shipped
2972,402,2026-05-05,Cancelled
2973,194,2024-09-25,Cancelled
2974,196,2026-04-08,Delivered
2975,491,2025-09-17,Shipped
2976,295,2024-08-09,Shipped
2977,376,2025-08-06,Delivered
2978,311,2024-09-27,Pending
2979,163,2024-11-14,Returned
2980,467,2025-11-09,Returned
2981,119,2024-10-07,Delivered
2982,355,2026-05-15,Pending
2983,186,2024-12-14,Delivered
2984,469,2026-06-15,Cancelled
2985,230,2025-04-14,Cancelled
2986,474,2024-11-06,Pending
2987,346,2026-01-24,Returned
2988,408,2025-02-19,Delivered
2989,210,2026-01-09,Shipped
2990,254,2025-06-15,Cancelled
2991,449,2026-02-19,Pending
2992,135,2025-08-04,Pending
2993,381,2025-07-30,Pending
2994,13,2026-01-27,Cancelled
2995,264,2026-05-15,Pending
2996,182,2024-09-23,Cancelled
2997,365,2024-11-04,Returned
2998,303,2025-11-22,Delivered
2999,38,2025-04-16,Pending
3000,467,2025-03-24,Pending
3001,149,2026-04-05,Cancelled
3002,371,2024-10-23,Shipped
3003,43,2026-08-16,Returned
3004,346,2026-04-28,Pending
3005,91,2024-12-11,Delivered
3006,119,2025-06-14,Shipped
3007,266,2025-05-26,Pending
3008,147,2026-02-25,Cancelled
3009,489,2026-02-25,Cancelled
3010,221,2024-07-13,Shipped
3011,161,2025-01-14,Delivered
3012,148,2026-04-17,Cancelled
3013,148,2026-03-28,Shipped
3014,386,2025-07-10,Returned
3015,73,2025-03-30,Shipped
3016,387,2025-02-15,Delivered
3017,492,2025-08-04,Cancelled
3018,4,2024-11-18,Returned
3019,105,2024-09-12,Pending
3020,375,2025-01-30,Pending
3021,152,2025-04-23,Delivered
3022,228,2026-01-14,Delivered
3023,443,2026-02-14,Delivered
3024,496,2025-05-26,Cancelled
3025,373,2025-04-14,Returned
3026,142,2025-11-08,Delivered
3027,362,2025-12-06,Delivered
3028,222,2025-01-14,Shipped
3029,163,2024-11-02,Delivered
3030,486,2026-07-18,Shipped
3031,193,2026-02-13,Cancelled
3032,136,2025-08-23,Cancelled
3033,376,2025-05-31,Delivered
3034,487,2026-03-11,Cancelled
3035,2,2025-01-01,Shipped
3036,107,2024-10-23,Returned
3037,315,2026-03-22,Returned
3038,248,2025-06-06,Returned
3039,431,2025-05-25,Pending
3040,251,2026-06-21,Returned
3041,279,2025-05-21,Delivered
3042,494,2026-06-05,Returned
3043,215,2025-06-29,Pending
3044,60,2026-05-01,Delivered
3045,178,2025-08-12,Pending
3046,431,2026-03-17,Pending
3047,352,2025-12-19,Shipped
3048,111,2025-04-14,Delivered
3049,288,2024-07-31,Returned
3050,211,2025-06-16,Pending
3051,134,2024-10-29,Cancelled
3052,174,2026-02-26,Pending
3053,210,2024-07-15,Shipped
3054,106,2026-01-16,Shipped
3055,313,2026-03-26,Delivered
3056,487,2025-08-13,Delivered
3057,400,2024-08-31,Shipped
3058,33,2024-09-11,Returned
3059,275,2025-03-27,Shipped
3060,203,2025-03-09,Cancelled
3061,467,2025-05-15,Shipped
3062,376,2026-09-02,Delivered
3063,387,2024-11-12,Pending
3064,406,2025-06-10,Returned
3065,13,2024-08-24,Cancelled
3066,18,2025-05-09,Pending
3067,336,2026-02-17,Returned
3068,442,2024-08-05,Pending
3069,535,2025-12-02,Cancelled
3070,49,2026-06-24,Cancelled
3071,426,2025-11-18,Returned
3072,218,2024-11-02,Returned
3073,235,2026-06-09,Shipped
3074,242,2025-09-27,Cancelled
3075,496,2024-08-21,Returned
3076,465,2025-11-10,Pending
3077,9,2026-01-13,Returned
3078,391,2026-03-20,Cancelled
3079,296,2025-12-02,Cancelled
3080,229,2026-05-19,Returned
3081,171,2025-08-15,Delivered
3082,49,2025-02-22,Pending
3083,304,2025-05-29,Shipped
3084,430,2025-05-16,Shipped
3085,390,2026-05-27,Returned
3086,211,2025-12-18,Cancelled
3087,19,2026-01-03,Pending
3088,545,2025-09-11,Shipped
3089,407,2026-05-17,Cancelled
3090,165,2025-03-01,Shipped
3091,440,2026-01-19,Delivered
3092,218,2026-02-04,Delivered
3093,83,2025-03-08,Cancelled
3094,225,2026-06-14,Pending
3095,254,2025-04-01,Pending
3096,72,2024-07-14,Pending
3097,5,2026-04-11,Returned
3098,369,2025-02-10,Shipped
3099,166,2026-06-07,Cancelled
3100,73,2025-08-21,Shipped
3101,488,2025-10-25,Returned
3102,242,2026-06-22,Cancelled
3103,85,2024-10-30,Delivered
3104,163,2026-01-02,Delivered
3105,3,2025-05-17,Delivered
3106,276,2025-06-19,Shipped
3107,240,2025-11-20,Shipped
3108,453,2024-12-14,Cancelled
3109,141,2026-05-28,Pending
3110,300,2025-09-03,Pending
3111,479,2025-11-04,Cancelled
3112,40,2026-03-12,Cancelled
3113,144,2025-10-31,Cancelled
3114,409,2025-11-26,Pending
3115,170,2025-06-16,Shipped
3116,142,2025-12-31,Shipped
3117,343,2025-04-02,Delivered
3118,402,2026-05-28,Shipped
3119,76,2026-03-30,Delivered
3120,166,2026-03-07,Cancelled
3121,262,2025-11-23,Pending
3122,168,2025-05-18,Cancelled
3123,287,2026-03-02,Pending
3124,182,2024-12-08,Shipped
3125,41,2026-05-23,Cancelled
3126,485,2025-02-27,Cancelled
3127,431,2024-09-11,Returned
3128,351,2024-08-05,Returned
3129,92,2025-08-29,Pending
3130,395,2025-03-24,Cancelled
3131,316,2025-05-06,Cancelled
3132,196,2026-01-22,Delivered
3133,101,2026-01-17,Delivered
3134,301,2026-02-02,Returned
3135,469,2026-05-22,Shipped
3136,140,2024-10-13,Pending
3137,204,2025-08-16,Returned
3138,141,2025-09-01,Delivered
3139,442,2025-02-13,Shipped
3140,324,2024-12-21,Shipped
3141,414,2024-09-18,Shipped
3142,458,2025-08-09,Cancelled
3143,446,2025-09-09,Delivered
3144,29,2025-03-07,Returned
3145,50,2025-08-16,Cancelled
3146,336,2026-09-01,Returned
3147,460,2026-02-16,Shipped
3148,370,2025-11-13,Pending
3149,214,2024-11-09,Delivered
3150,99,2024-07-26,Returned
3151,43,2024-07-29,Shipped
3152,102,2026-05-30,Delivered
3153,160,2026-03-18,Returned
3154,239,2025-08-31,Shipped
3155,477,2025-10-11,Delivered
3156,94,2025-01-24,Shipped
3157,321,2025-01-11,Delivered
3158,112,2026-04-15,Cancelled
3159,158,2026-03-01,Cancelled
3160,383,2025-03-01,Delivered
3161,195,2026-01-23,Cancelled
3162,290,2025-06-01,Cancelled
3163,140,2025-08-04,Returned
3164,133,2024-10-01,Pending
3165,182,2026-01-27,Shipped
3166,231,2024-08-23,Cancelled
3167,19,2026-04-22,Cancelled
3168,276,2025-04-23,Pending
3169,178,2025-01-25,Returned
3170,107,2025-11-06,Shipped
3171,425,2025-08-06,Shipped
3172,396,2025-04-09,Returned
3173,17,2024-10-12,Cancelled
3174,244,2024-08-14,Returned
3175,289,2026-02-15,Delivered
3176,166,2025-11-25,Delivered
3177,82,2024-10-12,Delivered
3178,96,2025-06-21,Pending
3179,280,2025-02-24,Shipped
3180,234,2025-09-25,Pending
3181,243,2026-01-31,Returned
3182,308,2024-07-12,Returned
3183,21,2025-06-24,Shipped
3184,56,2025-03-28,Shipped
3185,206,2025-01-07,Cancelled
3186,473,2026-03-25,Shipped
3187,102,2026-02-07,Cancelled
3188,67,2025-10-02,Delivered
3189,497,2025-09-20,Cancelled
3190,411,2026-01-14,Pending
3191,1,2026-06-02,Cancelled
3192,155,2026-07-06,Cancelled
3193,224,2025-11-07,Shipped
3194,433,2026-07-20,Returned
3195,52,2025-08-26,Cancelled
3196,468,2026-04-24,Pending
3197,362,2025-10-13,Pending
3198,66,2025-01-05,Pending
3199,396,2025-04-06,Pending
3200,306,2025-02-25,Pending
3201,343,2025-02-14,Cancelled
3202,454,2025-12-08,Returned
3203,186,2026-03-09,Shipped
3204,307,2026-04-02,Cancelled
3205,71,2026-01-14,Returned
3206,223,2025-09-25,Cancelled
3207,218,2025-12-12,Pending
3208,18,2024-10-24,Cancelled
3209,84,2026-01-13,Delivered
3210,239,2025-04-27,Delivered
3211,336,2025-08-15,Delivered
3212,83,2026-01-31,Pending
3213,352,2025-01-16,Pending
3214,217,2024-09-27,Returned
3215,380,2025-03-19,Pending
3216,258,2025-08-13,Returned
3217,433,2025-10-03,Cancelled
3218,218,2024-12-04,Delivered
3219,546,2026-04-08,Cancelled
3220,264,2026-03-04,Pending
3221,223,2025-04-14,Delivered
3222,445,2025-06-25,Shipped
3223,352,2024-09-22,Returned
3224,393,2024-10-29,Cancelled
3225,151,2026-07-30,Returned
3226,326,2025-06-03,Delivered
3227,273,2026-04-12,Delivered
3228,274,2025-05-24,Pending
3229,221,2024-09-09,Pending
3230,353,2024-09-17,Shipped
3231,292,2024-08-25,Returned
3232,20,2025-06-03,Delivered
3233,196,2026-05-29,Returned
3234,475,2024-10-17,Pending
3235,12,2025-07-12,Delivered
3236,429,2024-12-21,Cancelled
3237,293,2025-06-19,Shipped
3238,277,2024-09-06,Delivered
3239,192,2025-04-20,Pending
3240,141,2025-12-15,Returned
3241,257,2025-08-20,Cancelled
3242,348,2026-07-23,Delivered
3243,401,2025-10-07,Returned
3244,237,2025-09-15,Returned
3245,50,2026-07-30,Cancelled
3246,33,2026-03-04,Shipped
3247,424,2025-05-10,Shipped
3248,169,2026-05-16,Shipped
3249,7,2025-01-28,Pending
3250,78,2025-10-04,Cancelled
3251,273,2025-07-30,Returned
3252,207,2025-11-14,Delivered
3253,324,2025-06-01,Delivered
3254,107,2025-06-14,Returned
3255,150,2025-12-25,Pending
3256,16,2026-07-01,Shipped
3257,181,2025-07-23,Delivered
3258,385,2026-01-27,Pending
3259,121,2025-05-27,Pending
3260,311,2026-04-08,Pending
3261,112,2024-11-11,Returned
3262,92,2024-10-28,Pending
3263,282,2025-08-04,Pending
3264,462,2024-10-14,Returned
3265,323,2025-07-19,Returned
3266,258,2026-01-11,Pending
3267,254,2025-06-28,Pending
3268,81,2024-10-16,Returned
3269,2,2026-01-06,Pending
3270,336,2025-08-10,Pending
3271,298,2026-05-09,Pending
3272,97,2025-08-22,Cancelled
3273,313,2024-10-07,Shipped
3274,293,2025-12-29,Returned
3275,313,2024-12-20,Pending
3276,351,2025-06-26,Shipped
3277,453,2025-07-10,Shipped
3278,443,2024-08-02,Pending
3279,189,2026-02-07,Pending
3280,480,2024-11-06,Cancelled
3281,151,2025-09-15,Shipped
3282,237,2025-04-20,Pending
3283,124,2026-06-23,Shipped
3284,329,2024-10-08,Returned
3285,447,2025-10-18,Pending
3286,370,2026-07-12,Pending
3287,444,2025-05-21,Pending
3288,37,2024-10-01,Shipped
3289,62,2024-10-09,Shipped
3290,366,2025-04-21,Delivered
3291,150,2025-09-25,Delivered
3292,187,2025-02-17,Pending
3293,220,2024-08-08,Returned
3294,389,2025-08-18,Delivered
3295,370,2024-11-04,Returned
3296,73,2024-10-07,Cancelled
3297,136,2025-04-22,Delivered
3298,235,2025-03-01,Cancelled
3299,388,2025-04-24,Pending
3300,170,2025-02-28,Shipped
3301,141,2025-02-21,Cancelled
3302,268,2025-07-20,Returned
3303,289,2024-07-29,Cancelled
3304,291,2026-03-14,Pending
3305,345,2024-10-26,Cancelled
3306,76,2024-10-26,Returned
3307,327,2026-03-08,Shipped
3308,156,2026-08-02,Shipped
3309,382,2025-05-31,Pending
3310,317,2024-08-14,Cancelled
3311,301,2026-07-05,Returned
3312,194,2026-06-02,Cancelled
3313,446,2025-03-02,Pending
3314,8,2026-05-29,Cancelled
3315,159,2025-02-13,Shipped
3316,399,2024-12-22,Cancelled
3317,183,2024-11-27,Delivered
3318,431,2026-04-05,Shipped
3319,460,2026-02-02,Delivered
3320,205,2025-07-22,Shipped
3321,35,2024-07-09,Shipped
3322,447,2024-10-11,Pending
3323,291,2025-09-06,Cancelled
3324,354,2025-04-04,Cancelled
3325,354,2024-08-29,Shipped
3326,137,2026-05-15,Cancelled
3327,376,2024-08-11,Cancelled
3328,268,2025-05-28,Cancelled
3329,300,2025-07-16,Delivered
3330,275,2025-09-26,Delivered
3331,101,2025-03-05,Pending
3332,102,2025-09-20,Shipped
3333,250,2026-08-06,Delivered
3334,369,2026-06-07,Cancelled
3335,302,2025-03-27,Pending
3336,1,2026-03-06,Returned
3337,253,2025-04-27,Pending
3338,264,2025-07-12,Returned
3339,445,2026-04-17,Shipped
3340,258,2026-01-18,Cancelled
3341,533,2026-04-16,Cancelled
3342,92,2025-10-21,Returned
3343,49,2024-10-19,Shipped
3344,422,2026-02-19,Cancelled
3345,110,2024-10-23,Shipped
3346,242,2025-08-04,Shipped
3347,108,2025-11-14,Cancelled
3348,99,2025-07-01,Cancelled
3349,313,2026-02-19,Shipped
3350,243,2025-06-22,Returned
3351,118,2025-12-08,Returned
3352,190,2025-06-21,Returned
3353,425,2024-10-31,Pending
3354,289,2026-05-11,Pending
3355,29,2026-01-24,Cancelled
3356,500,2025-03-17,Cancelled
3357,107,2024-09-15,Returned
3358,13,2026-03-21,Returned
3359,286,2025-11-05,Cancelled
3360,317,2025-12-06,Delivered
3361,39,2025-11-04,Pending
3362,483,2025-05-22,Delivered
3363,400,2025-05-04,Pending
3364,128,2025-01-04,Pending
3365,31,2026-06-07,Returned
3366,276,2025-05-11,Delivered
3367,242,2025-03-28,Returned
3368,397,2025-09-01,Cancelled
3369,302,2024-08-12,Delivered
3370,225,2025-12-10,Returned
3371,286,2026-05-30,Delivered
3372,72,2025-06-17,Returned
3373,491,2026-01-30,Pending
3374,383,2025-02-08,Pending
3375,117,2025-11-21,Returned
3376,131,2024-09-14,Cancelled
3377,62,2026-05-11,Pending
3378,409,2024-11-13,Shipped
3379,528,2026-01-08,Shipped
3380,448,2024-07-27,Pending
3381,145,2025-09-25,Delivered
3382,290,2025-11-09,Delivered
3383,273,2026-03-18,Delivered
3384,294,2026-02-27,Cancelled
3385,385,2026-01-08,Returned
3386,239,2025-03-04,Cancelled
3387,334,2025-09-16,Shipped
3388,174,2025-11-21,Pending
3389,456,2024-10-12,Delivered
3390,320,2026-07-24,Returned
3391,219,2025-09-15,Shipped
3392,346,2024-09-12,Cancelled
3393,395,2024-12-04,Shipped
3394,79,2025-10-31,Returned
3395,93,2025-09-01,Delivered
3396,400,2025-09-29,Delivered
3397,168,2026-02-16,Cancelled
3398,104,2024-08-18,Returned
3399,120,2025-09-23,Returned
3400,14,2025-08-17,Pending
3401,64,2024-12-02,Pending
3402,445,2026-02-10,Pending
3403,26,2025-07-12,Cancelled
3404,395,2025-08-02,Delivered
3405,497,2026-06-04,Shipped
3406,63,2024-07-22,Pending
3407,380,2024-10-09,Returned
3408,213,2025-12-01,Shipped
3409,185,2026-07-05,Pending
3410,527,2025-08-25,Delivered
3411,182,2024-11-24,Delivered
3412,223,2024-07-22,Cancelled
3413,360,2025-02-06,Pending
3414,449,2026-03-11,Returned
3415,374,2024-12-14,Cancelled
3416,434,2025-01-14,Cancelled
3417,266,2026-04-13,Delivered
3418,32,2026-01-07,Returned
3419,191,2026-04-20,Pending
3420,89,2026-05-28,Cancelled
3421,380,2025-10-01,Returned
3422,451,2025-06-18,Delivered
3423,255,2024-09-11,Returned
3424,466,2026-03-26,Delivered
3425,402,2025-08-26,Pending
3426,18,2025-10-22,Pending
3427,24,2025-03-13,Shipped
3428,87,2026-09-05,Cancelled
3429,48,2025-10-08,Pending
3430,238,2024-08-11,Shipped
3431,226,2025-07-24,Delivered
3432,160,2026-05-08,Returned
3433,66,2026-07-03,Shipped
3434,343,2024-07-26,Shipped
3435,101,2025-03-29,Cancelled
3436,116,2025-06-12,Pending
3437,145,2024-11-25,Cancelled
3438,129,2025-05-26,Returned
3439,364,2024-07-26,Shipped
3440,265,2026-05-06,Cancelled
3441,168,2025-08-22,Shipped
3442,378,2025-03-11,Pending
3443,324,2025-04-30,Cancelled
3444,8,2025-01-23,Cancelled
3445,83,2026-08-09,Pending
3446,440,2024-10-05,Shipped
3447,208,2024-09-23,Shipped
3448,135,2025-09-01,Returned
3449,336,2024-11-15,Returned
3450,457,2025-02-14,Pending
3451,396,2024-10-27,Returned
3452,391,2024-11-26,Returned
3453,219,2025-01-22,Cancelled
3454,49,2026-02-24,Delivered
3455,62,2024-09-15,Returned
3456,158,2024-11-04,Delivered
3457,495,2025-03-03,Pending
3458,420,2025-05-20,Cancelled
3459,73,2025-12-17,Delivered
3460,102,2024-11-16,Shipped
3461,400,2024-08-22,Shipped
3462,25,2025-10-28,Cancelled
3463,356,2025-03-17,Returned
3464,82,2024-11-25,Shipped
3465,116,2024-07-29,Cancelled
3466,277,2026-01-13,Cancelled
3467,143,2024-08-22,Pending
3468,152,2025-02-24,Pending
3469,458,2025-05-06,Returned
3470,1,2024-09-22,Returned
3471,107,2025-03-13,Delivered
3472,31,2024-10-26,Pending
3473,422,2025-05-24,Cancelled
3474,201,2026-06-01,Pending
3475,303,2025-03-16,Delivered
3476,116,2025-01-24,Pending
3477,64,2025-04-25,Cancelled
3478,106,2026-04-11,Returned
3479,6,2026-06-06,Shipped
3480,53,2024-10-09,Cancelled
3481,339,2024-08-17,Shipped
3482,381,2024-12-12,Returned
3483,449,2025-01-10,Pending
3484,430,2026-02-12,Pending
3485,219,2025-10-14,Pending
3486,389,2025-10-06,Delivered
3487,375,2025-01-07,Returned
3488,124,2025-07-25,Pending
3489,216,2025-08-07,Returned
3490,432,2026-02-12,Returned
3491,328,2025-08-03,Returned
3492,183,2025-05-03,Pending
3493,125,2024-10-05,Pending
3494,341,2025-02-02,Pending
3495,288,2024-08-24,Shipped
3496,266,2025-03-12,Delivered
3497,309,2025-07-04,Delivered
3498,295,2025-09-10,Cancelled
3499,185,2025-05-20,Shipped
3500,216,2024-08-27,Delivered
3501,178,2025-07-19,Pending
3502,294,2024-07-30,Pending
3503,417,2025-05-20,Pending
3504,343,2025-11-12,Cancelled
3505,13,2025-01-05,Returned
3506,472,2026-06-17,Pending
3507,435,2026-05-27,Returned
3508,181,2024-07-22,Pending
3509,402,2025-02-02,Returned
3510,394,2025-09-11,Shipped
3511,332,2025-10-06,Returned
3512,400,2025-12-14,Delivered
3513,171,2024-09-24,Cancelled
3514,163,2025-01-15,Delivered
3515,328,2026-02-20,Cancelled
3516,388,2025-09-11,Pending
3517,180,2025-11-26,Returned
3518,387,2026-03-09,Delivered
3519,58,2024-10-13,Shipped
3520,359,2025-03-01,Shipped
3521,276,2025-09-22,Delivered
3522,102,2025-05-19,Pending
3523,437,2025-06-19,Shipped
3524,182,2024-09-11,Delivered
3525,433,2026-04-26,Returned
3526,315,2025-11-13,Cancelled
3527,227,2025-07-31,Cancelled
3528,342,2024-12-13,Cancelled
3529,427,2026-03-08,Cancelled
3530,226,2024-10-26,Delivered
3531,152,2025-04-23,Shipped
3532,248,2025-08-31,Shipped
3533,291,2024-11-15,Shipped
3534,298,2026-03-07,Pending
3535,383,2025-01-14,Returned
3536,412,2025-08-29,Returned
3537,461,2025-06-02,Shipped
3538,183,2026-06-15,Returned
3539,441,2025-09-12,Shipped
3540,297,2025-06-23,Shipped
3541,363,2024-08-09,Shipped
3542,117,2024-07-08,Shipped
3543,421,2026-03-31,Shipped
3544,429,2025-07-03,Pending
3545,303,2026-04-13,Cancelled
3546,12,2025-11-02,Delivered
3547,459,2025-02-17,Cancelled
3548,33,2025-11-27,Returned
3549,292,2024-11-15,Delivered
3550,366,2024-07-08,Cancelled
3551,203,2024-08-23,Shipped
3552,357,2026-07-03,Shipped
3553,409,2026-06-23,Cancelled
3554,393,2025-07-17,Returned
3555,540,2025-02-05,Returned
3556,301,2025-10-15,Shipped
3557,33,2025-01-18,Cancelled
3558,128,2026-04-21,Cancelled
3559,428,2025-12-18,Pending
3560,374,2025-04-29,Pending
3561,294,2025-04-06,Pending
3562,196,2026-04-23,Returned
3563,94,2025-11-11,Pending
3564,451,2024-12-20,Returned
3565,206,2025-10-05,Delivered
3566,174,2026-04-21,Returned
3567,11,2025-08-08,Shipped
3568,31,2025-02-11,Delivered
3569,494,2026-07-30,Pending
3570,157,2024-11-10,Shipped
3571,192,2026-02-02,Cancelled
3572,326,2025-08-26,Cancelled
3573,500,2025-09-18,Cancelled
3574,308,2024-08-31,Pending
3575,362,2025-02-26,Shipped
3576,77,2024-09-15,Shipped
3577,20,2025-05-11,Delivered
3578,414,2026-01-01,Delivered
3579,179,2024-10-11,Cancelled
3580,461,2026-04-14,Cancelled
3581,314,2024-10-24,Shipped
3582,426,2026-01-22,Delivered
3583,343,2025-09-13,Returned
3584,73,2025-02-10,Cancelled
3585,407,2026-05-21,Pending
3586,416,2025-06-08,Shipped
3587,51,2024-12-18,Returned
3588,467,2025-10-25,Shipped
3589,268,2025-08-04,Cancelled
3590,145,2026-03-22,Cancelled
3591,150,2025-03-12,Pending
3592,194,2026-05-25,Delivered
3593,165,2025-12-19,Returned
3594,255,2025-03-31,Delivered
3595,271,2025-11-13,Delivered
3596,158,2025-01-27,Shipped
3597,278,2026-02-12,Delivered
3598,274,2026-01-08,Pending
3599,97,2025-06-24,Pending
3600,379,2025-02-05,Shipped
3601,190,2025-01-15,Cancelled
3602,51,2025-12-04,Cancelled
3603,365,2025-03-14,Pending
3604,106,2025-03-30,Delivered
3605,473,2024-12-18,Delivered
3606,474,2025-06-30,Returned
3607,91,2025-10-16,Returned
3608,470,2025-03-20,Cancelled
3609,307,2024-07-20,Pending
3610,349,2026-06-17,Returned
3611,105,2025-12-27,Returned
3612,210,2024-10-19,Pending
3613,194,2025-11-22,Pending
3614,130,2026-06-24,Pending
3615,22,2024-07-09,Cancelled
3616,37,2025-10-23,Pending
3617,35,2025-07-13,Returned
3618,490,2024-07-11,Pending
3619,146,2026-06-08,Shipped
3620,134,2024-07-15,Cancelled
3621,487,2025-12-12,Cancelled
3622,66,2024-11-19,Pending
3623,56,2025-05-24,Pending
3624,95,2025-09-12,Delivered
3625,124,2026-06-03,Cancelled
3626,227,2025-12-30,Shipped
3627,393,2026-01-05,Returned
3628,23,2025-07-22,Returned
3629,441,2026-02-20,Returned
3630,237,2025-05-09,Pending
3631,195,2025-08-29,Delivered
3632,116,2024-09-09,Pending
3633,13,2026-03-11,Cancelled
3634,309,2026-05-19,Cancelled
3635,281,2025-11-24,Delivered
3636,210,2026-08-25,Cancelled
3637,371,2024-09-06,Cancelled
3638,462,2025-08-30,Pending
3639,2,2024-08-01,Shipped
3640,62,2026-06-01,Delivered
3641,289,2026-08-31,Pending
3642,480,2026-04-02,Shipped
3643,199,2025-12-11,Pending
3644,314,2025-06-18,Pending
3645,246,2025-12-12,Shipped
3646,451,2024-10-11,Cancelled
3647,494,2025-04-08,Cancelled
3648,189,2026-03-31,Returned
3649,74,2025-04-26,Shipped
3650,437,2026-04-11,Returned
3651,107,2025-10-18,Pending
3652,236,2025-04-12,Pending
3653,238,2025-05-04,Pending
3654,69,2024-11-22,Cancelled
3655,365,2026-04-20,Shipped
3656,187,2026-02-24,Pending
3657,192,2026-03-30,Cancelled
3658,241,2025-12-31,Returned
3659,464,2024-07-14,Shipped
3660,212,2024-10-12,Shipped
3661,456,2025-07-02,Shipped
3662,222,2025-04-21,Cancelled
3663,198,2026-07-05,Shipped
3664,394,2024-12-04,Cancelled
3665,78,2025-06-18,Cancelled
3666,391,2024-07-15,Shipped
3667,272,2024-12-27,Delivered
3668,403,2026-02-05,Delivered
3669,170,2024-07-23,Returned
3670,104,2026-02-17,Returned
3671,431,2025-02-11,Returned
3672,299,2025-12-18,Returned
3673,361,2026-06-23,Shipped
3674,82,2026-01-09,Pending
3675,61,2025-04-11,Cancelled
3676,288,2024-12-03,Returned
3677,354,2024-09-15,Delivered
3678,340,2026-04-03,Delivered
3679,387,2025-10-27,Pending
3680,195,2025-11-05,Shipped
3681,353,2025-02-28,Pending
3682,300,2026-03-27,Delivered
3683,497,2026-01-16,Returned
3684,454,2024-12-26,Returned
3685,36,2025-01-05,Pending
3686,470,2025-07-26,Cancelled
3687,493,2025-04-15,Delivered
3688,182,2024-08-05,Delivered
3689,319,2025-02-11,Cancelled
3690,187,2025-07-25,Returned
3691,267,2026-06-10,Returned
3692,464,2026-01-05,Returned
3693,135,2026-01-08,Delivered
3694,140,2025-10-21,Pending
3695,338,2024-12-17,Cancelled
3696,447,2024-07-13,Shipped
3697,10,2024-12-07,Pending
3698,195,2026-04-06,Returned
3699,357,2025-11-15,Shipped
3700,438,2025-05-11,Returned
3701,68,2024-10-02,Shipped
3702,99,2026-05-14,Pending
3703,471,2025-02-08,Returned
3704,442,2025-09-23,Cancelled
3705,413,2025-07-31,Cancelled
3706,192,2025-07-26,Cancelled
3707,399,2024-11-17,Delivered
3708,378,2025-09-09,Shipped
3709,37,2024-12-05,Pending
3710,324,2025-12-02,Delivered
3711,314,2026-02-01,Cancelled
3712,471,2025-09-20,Delivered
3713,368,2026-08-29,Cancelled
3714,108,2025-12-20,Returned
3715,321,2025-10-19,Cancelled
3716,363,2025-09-19,Cancelled
3717,241,2024-11-21,Delivered
3718,227,2026-07-21,Cancelled
3719,135,2025-10-07,Cancelled
3720,359,2024-10-15,Cancelled
3721,96,2026-02-07,Cancelled
3722,84,2024-08-27,Returned
3723,308,2024-10-14,Cancelled
3724,219,2025-01-25,Cancelled
3725,544,2026-07-03,Cancelled
3726,34,2025-09-23,Delivered
3727,318,2026-05-03,Pending
3728,7,2025-01-01,Returned
3729,302,2026-05-23,Shipped
3730,348,2025-08-18,Returned
3731,231,2026-01-25,Returned
3732,256,2026-03-07,Shipped
3733,382,2025-02-06,Delivered
3734,354,2024-12-04,Pending
3735,167,2026-04-27,Pending
3736,238,2025-12-16,Cancelled
3737,73,2024-07-25,Delivered
3738,448,2025-12-28,Cancelled
3739,205,2025-12-16,Cancelled
3740,78,2025-08-25,Delivered
3741,9,2025-10-28,Returned
3742,102,2025-01-20,Returned
3743,425,2025-12-18,Cancelled
3744,98,2025-09-16,Pending
3745,223,2026-05-24,Delivered
3746,181,2025-06-25,Returned
3747,362,2024-07-09,Cancelled
3748,266,2026-07-06,Pending
3749,520,2025-06-04,Returned
3750,323,2025-11-17,Shipped
3751,63,2025-12-12,Returned
3752,372,2025-11-24,Cancelled
3753,190,2024-08-17,Delivered
3754,229,2026-05-02,Returned
3755,353,2026-07-07,Returned
3756,325,2025-03-15,Returned
3757,285,2025-06-08,Cancelled
3758,462,2026-04-24,Shipped
3759,498,2025-05-20,Shipped
3760,122,2025-02-05,Shipped
3761,241,2024-10-10,Delivered
3762,197,2025-12-18,Delivered
3763,271,2025-08-14,Returned
3764,35,2025-07-05,Returned
3765,365,2025-07-27,Delivered
3766,243,2025-04-14,Returned
3767,183,2025-08-13,Cancelled
3768,402,2026-02-17,Returned
3769,310,2024-08-10,Cancelled
3770,491,2026-05-25,Returned
3771,376,2026-01-19,Shipped
3772,410,2024-12-29,Pending
3773,217,2024-08-13,Returned
3774,134,2025-02-08,Delivered
3775,334,2026-06-21,Returned
3776,239,2025-05-30,Pending
3777,321,2025-08-25,Pending
3778,389,2025-06-21,Pending
3779,142,2025-03-10,Returned
3780,84,2024-07-12,Delivered
3781,64,2025-05-08,Pending
3782,189,2024-12-06,Pending
3783,282,2025-03-24,Returned
3784,203,2024-09-09,Delivered
3785,330,2026-05-22,Shipped
3786,21,2025-09-25,Cancelled
3787,255,2026-03-27,Cancelled
3788,53,2024-07-27,Cancelled
3789,48,2026-01-31,Returned
3790,42,2024-12-30,Pending
3791,206,2025-12-25,Pending
3792,356,2025-06-02,Cancelled
3793,230,2024-09-03,Returned
3794,117,2026-06-20,Shipped
3795,13,2025-01-18,Cancelled
3796,246,2024-12-07,Cancelled
3797,487,2024-11-12,Shipped
3798,164,2025-03-20,Pending
3799,10,2025-03-06,Delivered
3800,343,2024-08-25,Delivered
3801,21,2025-11-06,Cancelled
3802,299,2025-11-05,Delivered
3803,298,2024-09-21,Cancelled
3804,204,2024-07-29,Shipped
3805,145,2025-07-15,Pending
3806,82,2025-06-08,Returned
3807,172,2026-03-27,Pending
3808,62,2024-07-26,Pending
3809,309,2025-10-11,Pending
3810,105,2026-03-19,Delivered
3811,381,2025-11-06,Shipped
3812,377,2026-07-04,Cancelled
3813,454,2025-03-24,Pending
3814,28,2026-04-21,Returned
3815,112,2025-01-18,Cancelled
3816,425,2025-01-15,Pending
3817,485,2024-09-29,Pending
3818,201,2025-07-10,Pending
3819,246,2025-01-09,Cancelled
3820,40,2025-03-29,Delivered
3821,318,2026-07-27,Delivered
3822,156,2024-08-19,Cancelled
3823,50,2026-04-07,Cancelled
3824,498,2025-03-24,Delivered
3825,144,2025-08-15,Delivered
3826,461,2026-03-16,Pending
3827,477,2025-01-07,Cancelled
3828,62,2024-09-02,Delivered
3829,451,2026-03-02,Delivered
3830,58,2025-10-17,Shipped
3831,356,2025-11-01,Shipped
3832,246,2025-06-13,Cancelled
3833,34,2026-02-21,Delivered
3834,255,2024-09-20,Cancelled
3835,503,2025-11-05,Returned
3836,364,2025-06-19,Returned
3837,13,2025-09-30,Cancelled
3838,121,2024-10-12,Delivered
3839,448,2024-09-12,Shipped
3840,488,2024-08-24,Delivered
3841,147,2026-06-20,Pending
3842,421,2024-08-02,Returned
3843,372,2025-04-27,Returned
3844,209,2025-03-08,Pending
3845,178,2026-05-30,Pending
3846,346,2026-04-27,Pending
3847,45,2025-12-28,Returned
3848,474,2024-08-27,Shipped
3849,442,2026-03-07,Returned
3850,260,2024-10-15,Cancelled
3851,307,2024-08-25,Cancelled
3852,436,2026-06-21,Cancelled
3853,423,2026-03-23,Pending
3854,451,2025-06-16,Delivered
3855,267,2026-09-07,Shipped
3856,341,2025-02-27,Returned
3857,251,2025-10-25,Returned
3858,281,2025-11-06,Pending
3859,113,2025-06-08,Delivered
3860,116,2024-08-28,Cancelled
3861,533,2024-09-25,Pending
3862,74,2025-12-16,Returned
3863,124,2024-08-20,Cancelled
3864,278,2025-09-15,Cancelled
3865,519,2024-08-17,Cancelled
3866,424,2025-02-22,Returned
3867,232,2026-04-29,Returned
3868,339,2025-04-30,Returned
3869,176,2025-05-15,Pending
3870,318,2024-09-20,Shipped
3871,304,2025-10-30,Delivered
3872,256,2026-02-12,Pending
3873,441,2025-05-23,Delivered
3874,217,2025-01-05,Returned
3875,486,2026-05-10,Delivered
3876,195,2025-10-16,Delivered
3877,244,2026-03-11,Cancelled
3878,371,2025-12-02,Delivered
3879,233,2025-11-04,Shipped
3880,241,2024-07-16,Pending
3881,111,2025-06-25,Cancelled
3882,304,2025-05-02,Shipped
3883,228,2025-07-03,Returned
3884,357,2026-03-17,Shipped
3885,335,2025-06-05,Delivered
3886,358,2026-05-22,Pending
3887,151,2025-11-01,Shipped
3888,170,2025-10-31,Delivered
3889,102,2024-09-24,Pending
3890,398,2025-03-28,Cancelled
3891,396,2025-11-25,Cancelled
3892,175,2026-07-06,Pending
3893,118,2025-12-14,Delivered
3894,52,2026-03-08,Shipped
3895,289,2024-07-28,Pending
3896,11,2025-06-25,Returned
3897,326,2025-08-13,Delivered
3898,143,2025-03-19,Delivered
3899,34,2025-10-07,Returned
3900,244,2024-12-04,Cancelled
3901,62,2024-09-29,Cancelled
3902,341,2024-09-25,Shipped
3903,192,2024-07-17,Cancelled
3904,299,2025-10-13,Cancelled
3905,104,2026-01-13,Pending
3906,6,2024-08-29,Delivered
3907,58,2025-10-11,Shipped
3908,5,2026-03-13,Returned
3909,472,2026-04-22,Cancelled
3910,97,2024-12-05,Cancelled
3911,51,2026-06-10,Shipped
3912,440,2025-09-26,Cancelled
3913,440,2024-10-13,Delivered
3914,245,2025-11-15,Shipped
3915,85,2025-08-07,Returned
3916,481,2025-01-23,Delivered
3917,386,2025-04-10,Pending
3918,15,2025-05-31,Returned
3919,201,2025-07-16,Cancelled
3920,384,2026-01-21,Shipped
3921,456,2025-11-02,Cancelled
3922,124,2025-06-18,Delivered
3923,222,2024-11-29,Shipped
3924,44,2025-01-12,Delivered
3925,190,2024-10-22,Returned
3926,156,2026-03-19,Returned
3927,438,2024-08-11,Pending
3928,388,2024-08-23,Shipped
3929,473,2024-10-15,Shipped
3930,71,2025-03-07,Pending
3931,500,2025-10-05,Delivered
3932,129,2025-06-11,Returned
3933,305,2025-08-10,Returned
3934,465,2025-11-26,Returned
3935,99,2026-02-13,Pending
3936,143,2025-04-11,Cancelled
3937,394,2025-03-06,Returned
3938,98,2025-10-04,Shipped
3939,284,2026-05-26,Shipped
3940,267,2025-09-01,Returned
3941,327,2026-03-02,Returned
3942,94,2024-10-29,Returned
3943,126,2024-10-30,Shipped
3944,236,2025-07-07,Shipped
3945,37,2025-03-04,Shipped
3946,513,2025-10-19,Returned
3947,476,2025-03-31,Shipped
3948,299,2025-02-19,Pending
3949,102,2025-04-20,Pending
3950,305,2024-07-14,Returned
3951,62,2025-08-14,Delivered
3952,22,2025-10-06,Shipped
3953,275,2025-11-30,Pending
3954,105,2025-12-16,Delivered
3955,6,2024-10-28,Returned
3956,146,2024-08-21,Shipped
3957,310,2025-01-08,Shipped
3958,182,2025-08-05,Shipped
3959,300,2026-04-05,Pending
3960,105,2026-07-20,Delivered
3961,293,2025-09-15,Returned
3962,415,2026-05-05,Pending
3963,114,2024-08-19,Cancelled
3964,470,2025-05-31,Cancelled
3965,344,2025-04-01,Shipped
3966,435,2024-12-06,Delivered
3967,434,2024-12-10,Pending
3968,77,2025-11-17,Shipped
3969,385,2026-06-13,Returned
3970,106,2024-12-11,Shipped
3971,176,2026-03-09,Shipped
3972,199,2024-08-30,Returned
3973,74,2025-03-30,Pending
3974,87,2024-12-02,Returned
3975,181,2025-12-08,Returned
3976,461,2025-07-12,Pending
3977,492,2025-12-29,Cancelled
3978,331,2025-12-27,Delivered
3979,200,2025-07-06,Delivered
3980,252,2025-10-16,Pending
3981,46,2025-12-27,Returned
3982,188,2025-03-22,Cancelled
3983,87,2026-04-30,Shipped
3984,307,2025-09-30,Delivered
3985,196,2025-09-20,Delivered
3986,363,2025-03-25,Shipped
3987,26,2025-10-29,Returned
3988,232,2025-02-25,Pending
3989,143,2025-05-29,Pending
3990,160,2025-03-20,Delivered
3991,318,2024-11-11,Cancelled
3992,148,2024-09-27,Cancelled
3993,513,2025-06-25,Delivered
3994,35,2026-05-19,Cancelled
3995,274,2026-03-12,Returned
3996,371,2026-06-15,Cancelled
3997,126,2024-08-09,Cancelled
3998,393,2025-07-28,Shipped
3999,259,2024-12-25,Cancelled
4000,25,2026-06-22,Cancelled
4001,442,2024-07-10,Returned
4002,237,2025-11-16,Delivered
4003,366,2024-12-28,Delivered
4004,35,2025-12-28,Returned
4005,236,2025-01-02,Pending
4006,282,2025-07-05,Shipped
4007,239,2025-11-04,Returned
4008,403,2024-12-20,Pending
4009,385,2025-01-09,Cancelled
4010,258,2025-07-16,Delivered
4011,106,2026-01-29,Returned
4012,60,2026-02-24,Pending
4013,154,2026-04-01,Cancelled
4014,528,2025-03-22,Cancelled
4015,231,2026-03-27,Cancelled
4016,333,2026-02-02,Cancelled
4017,9,2025-04-25,Returned
4018,250,2024-12-14,Returned
4019,452,2025-05-14,Delivered
4020,126,2024-11-28,Delivered
4021,152,2026-04-10,Pending
4022,455,2024-07-13,Shipped
4023,151,2025-04-15,Pending
4024,21,2024-07-15,Pending
4025,35,2024-09-03,Shipped
4026,507,2025-04-11,Shipped
4027,139,2024-07-31,Shipped
4028,191,2025-09-11,Shipped
4029,236,2024-10-05,Returned
4030,27,2024-10-26,Pending
4031,389,2025-02-18,Delivered
4032,342,2025-06-15,Shipped
4033,260,2024-12-05,Pending
4034,170,2025-11-10,Returned
4035,74,2025-10-05,Delivered
4036,316,2026-06-16,Delivered
4037,23,2026-02-22,Cancelled
4038,215,2025-04-13,Cancelled
4039,219,2024-08-11,Cancelled
4040,1,2024-07-31,Delivered
4041,136,2024-12-09,Cancelled
4042,240,2024-12-08,Pending
4043,59,2025-02-13,Returned
4044,316,2024-11-20,Pending
4045,490,2024-12-25,Shipped
4046,456,2026-05-26,Returned
4047,270,2025-01-27,Shipped
4048,267,2026-01-17,Cancelled
4049,116,2024-11-20,Returned
4050,169,2025-03-28,Pending
4051,27,2026-04-27,Returned
4052,55,2025-09-11,Cancelled
4053,451,2025-01-15,Cancelled
4054,475,2024-11-23,Returned
4055,212,2024-12-07,Returned
4056,154,2024-07-24,Pending
4057,486,2024-11-21,Returned
4058,475,2026-04-23,Pending
4059,79,2025-01-27,Returned
4060,481,2026-06-15,Pending
4061,451,2024-09-24,Pending
4062,302,2024-07-24,Cancelled
4063,147,2026-04-14,Returned
4064,82,2025-12-16,Delivered
4065,52,2024-10-22,Delivered
4066,77,2025-04-28,Delivered
4067,479,2025-11-28,Cancelled
4068,512,2026-03-11,Returned
4069,432,2026-05-26,Returned
4070,342,2024-10-02,Returned
4071,170,2025-03-27,Delivered
4072,21,2026-07-05,Cancelled
4073,405,2024-12-18,Pending
4074,56,2025-03-01,Shipped
4075,37,2025-06-27,Delivered
4076,237,2025-01-10,Shipped
4077,50,2025-04-21,Returned
4078,17,2026-03-28,Cancelled
4079,356,2025-04-23,Shipped
4080,157,2025-12-03,Pending
4081,215,2024-11-18,Returned
4082,342,2025-08-21,Cancelled
4083,361,2026-03-20,Shipped
4084,449,2025-11-04,Pending
4085,65,2026-05-23,Returned
4086,353,2025-06-09,Pending
4087,223,2026-05-21,Shipped
4088,374,2026-01-11,Cancelled
4089,459,2024-08-27,Cancelled
4090,201,2024-10-08,Delivered
4091,431,2024-10-28,Cancelled
4092,417,2026-05-24,Pending
4093,402,2026-06-25,Cancelled
4094,418,2024-10-17,Pending
4095,338,2026-03-17,Shipped
4096,445,2026-08-29,Cancelled
4097,489,2024-12-03,Returned
4098,76,2025-08-25,Shipped
4099,310,2025-04-27,Cancelled
4100,370,2025-12-29,Delivered
4101,324,2025-04-24,Shipped
4102,191,2025-03-11,Shipped
4103,104,2025-10-16,Shipped
4104,141,2025-06-06,Shipped
4105,314,2025-11-14,Delivered
4106,233,2025-01-13,Returned
4107,276,2026-06-23,Returned
4108,538,2024-08-12,Delivered
4109,243,2026-02-20,Pending
4110,469,2025-10-29,Returned
4111,428,2025-10-07,Returned
4112,457,2024-12-01,Cancelled
4113,343,2026-05-02,Returned
4114,3,2025-08-27,Pending
4115,123,2025-02-21,Delivered
4116,411,2026-03-13,Shipped
4117,482,2024-10-31,Returned
4118,394,2025-03-19,Shipped
4119,110,2025-01-15,Delivered
4120,438,2024-08-18,Shipped
4121,372,2025-11-08,Cancelled
4122,8,2026-03-17,Cancelled
4123,485,2025-02-10,Returned
4124,87,2026-05-16,Pending
4125,83,2024-10-14,Cancelled
4126,186,2026-04-30,Returned
4127,278,2025-08-06,Delivered
4128,80,2025-10-04,Delivered
4129,489,2026-05-27,Returned
4130,495,2025-07-22,Returned
4131,63,2024-12-17,Shipped
4132,239,2026-01-23,Shipped
4133,143,2024-09-09,Delivered
4134,181,2026-03-09,Shipped
4135,484,2026-09-06,Shipped
4136,412,2026-03-14,Delivered
4137,84,2025-12-05,Shipped
4138,100,2025-10-28,Returned
4139,16,2024-08-27,Pending
4140,54,2024-11-15,Pending
4141,109,2025-08-07,Pending
4142,397,2025-05-05,Cancelled
4143,428,2026-02-11,Pending
4144,286,2026-05-24,Returned
4145,102,2025-11-21,Cancelled
4146,2,2026-08-21,Returned
4147,333,2025-08-07,Delivered
4148,497,2025-04-24,Cancelled
4149,432,2025-07-30,Delivered
4150,304,2025-08-15,Shipped
4151,372,2025-07-03,Delivered
4152,403,2024-11-24,Returned
4153,275,2025-03-14,Delivered
4154,29,2026-01-12,Cancelled
4155,357,2025-04-24,Cancelled
4156,144,2025-08-20,Delivered
4157,500,2025-12-29,Returned
4158,379,2025-07-18,Returned
4159,168,2026-01-14,Cancelled
4160,477,2025-07-27,Delivered
4161,186,2025-07-10,Returned
4162,163,2025-02-01,Cancelled
4163,299,2025-10-02,Returned
4164,160,2025-05-15,Shipped
4165,468,2025-11-15,Shipped
4166,479,2026-06-23,Returned
4167,465,2026-03-14,Pending
4168,386,2025-10-04,Pending
4169,48,2025-11-24,Delivered
4170,71,2024-08-05,Shipped
4171,3,2024-12-15,Pending
4172,415,2024-12-25,Returned
4173,82,2026-06-03,Cancelled
4174,42,2024-12-12,Shipped
4175,359,2025-06-24,Delivered
4176,241,2026-05-09,Cancelled
4177,378,2025-01-06,Shipped
4178,123,2026-08-12,Returned
4179,296,2024-12-24,Cancelled
4180,253,2025-03-02,Cancelled
4181,314,2025-06-03,Shipped
4182,150,2026-05-29,Shipped
4183,211,2025-04-26,Cancelled
4184,316,2025-09-24,Pending
4185,131,2024-11-07,Delivered
4186,208,2026-07-04,Cancelled
4187,296,2026-04-23,Delivered
4188,496,2025-04-24,Delivered
4189,119,2025-01-21,Delivered
4190,351,2025-09-08,Returned
4191,492,2026-07-23,Delivered
4192,425,2024-10-20,Returned
4193,106,2026-02-11,Delivered
4194,445,2024-09-11,Pending
4195,338,2025-02-22,Cancelled
4196,440,2025-06-18,Returned
4197,97,2025-08-14,Cancelled
4198,251,2025-04-07,Delivered
4199,530,2025-01-02,Delivered
4200,384,2025-10-04,Pending
4201,57,2024-08-08,Returned
4202,91,2026-08-29,Shipped
4203,34,2025-08-09,Cancelled
4204,231,2025-11-02,Pending
4205,494,2025-03-26,Cancelled
4206,225,2026-07-25,Pending
4207,197,2025-06-23,Shipped
4208,329,2025-07-06,Returned
4209,268,2025-06-08,Shipped
4210,410,2025-05-21,Delivered
4211,291,2025-04-19,Returned
4212,130,2026-03-24,Shipped
4213,439,2025-07-29,Shipped
4214,472,2025-03-11,Shipped
4215,2,2026-08-28,Shipped
4216,215,2026-07-22,Cancelled
4217,56,2024-07-27,Pending
4218,129,2024-11-24,Cancelled
4219,322,2025-06-16,Shipped
4220,290,2025-01-05,Pending
4221,320,2025-01-30,Delivered
4222,440,2025-11-21,Cancelled
4223,273,2024-09-04,Shipped
4224,9,2025-04-12,Cancelled
4225,119,2026-06-08,Pending
4226,212,2024-09-10,Delivered
4227,349,2025-02-21,Cancelled
4228,114,2026-04-23,Delivered
4229,19,2025-08-01,Pending
4230,62,2025-08-10,Pending
4231,458,2025-09-05,Cancelled
4232,314,2025-11-19,Shipped
4233,275,2024-09-06,Cancelled
4234,23,2026-03-10,Cancelled
4235,337,2025-02-07,Pending
4236,419,2026-06-27,Returned
4237,52,2024-12-31,Shipped
4238,545,2024-09-22,Returned
4239,386,2024-10-08,Delivered
4240,379,2024-09-01,Delivered
4241,342,2025-04-13,Cancelled
4242,120,2024-08-06,Cancelled
4243,424,2025-09-05,Pending
4244,32,2024-12-10,Cancelled
4245,17,2025-03-24,Cancelled
4246,188,2024-12-07,Returned
4247,428,2025-12-14,Delivered
4248,427,2025-03-20,Delivered
4249,88,2025-01-18,Pending
4250,56,2025-02-28,Delivered
4251,79,2026-02-06,Cancelled
4252,137,2026-04-02,Shipped
4253,487,2026-02-24,Shipped
4254,169,2025-12-20,Shipped
4255,273,2026-04-25,Pending
4256,218,2025-02-06,Pending
4257,143,2024-12-03,Delivered
4258,101,2026-01-07,Shipped
4259,239,2025-10-20,Delivered
4260,408,2024-10-23,Cancelled
4261,378,2026-05-03,Delivered
4262,287,2026-02-12,Shipped
4263,365,2026-01-15,Shipped
4264,93,2026-02-02,Cancelled
4265,124,2025-09-02,Shipped
4266,279,2026-06-16,Shipped
4267,43,2025-01-26,Returned
4268,134,2024-07-14,Cancelled
4269,23,2026-02-26,Cancelled
4270,72,2025-02-25,Delivered
4271,266,2025-02-11,Pending
4272,370,2026-04-07,Returned
4273,236,2025-04-03,Returned
4274,16,2026-07-11,Delivered
4275,442,2025-05-17,Returned
4276,85,2025-05-19,Shipped
4277,42,2026-04-07,Delivered
4278,225,2025-10-01,Returned
4279,30,2026-02-16,Shipped
4280,14,2025-11-28,Returned
4281,195,2024-07-17,Shipped
4282,331,2025-07-09,Cancelled
4283,44,2025-11-28,Shipped
4284,277,2025-08-10,Delivered
4285,78,2026-02-19,Shipped
4286,319,2024-10-31,Pending
4287,21,2026-05-11,Delivered
4288,307,2025-05-12,Cancelled
4289,194,2024-12-31,Returned
4290,371,2024-12-31,Pending
4291,194,2026-01-20,Cancelled
4292,409,2026-02-09,Returned
4293,190,2024-12-18,Cancelled
4294,402,2025-07-11,Shipped
4295,366,2025-01-05,Pending
4296,107,2025-08-12,Shipped
4297,286,2025-10-06,Delivered
4298,396,2026-03-10,Shipped
4299,95,2025-09-10,Delivered
4300,476,2026-02-16,Shipped
4301,64,2025-07-07,Delivered
4302,134,2026-01-20,Cancelled
4303,281,2026-04-01,Cancelled
4304,265,2025-07-01,Cancelled
4305,271,2025-03-29,Cancelled
4306,80,2026-03-15,Pending
4307,317,2024-09-12,Shipped
4308,293,2025-03-08,Returned
4309,209,2026-04-25,Pending
4310,388,2024-11-30,Shipped
4311,221,2025-06-06,Returned
4312,43,2026-02-26,Pending
4313,150,2026-01-01,Cancelled
4314,182,2025-05-28,Returned
4315,444,2024-12-17,Cancelled
4316,370,2025-06-13,Cancelled
4317,151,2025-06-22,Delivered
4318,343,2026-05-01,Pending
4319,406,2025-09-14,Shipped
4320,492,2024-07-31,Delivered
4321,396,2025-04-25,Cancelled
4322,285,2024-10-23,Returned
4323,170,2025-09-29,Shipped
4324,426,2026-05-17,Returned
4325,20,2024-10-15,Returned
4326,123,2025-03-02,Returned
4327,100,2026-02-01,Returned
4328,453,2024-07-15,Cancelled
4329,414,2025-07-31,Delivered
4330,365,2026-03-29,Delivered
4331,279,2025-12-01,Cancelled
4332,304,2026-04-17,Pending
4333,111,2025-04-09,Cancelled
4334,21,2025-03-28,Delivered
4335,490,2024-12-30,Shipped
4336,255,2025-05-29,Pending
4337,49,2025-06-03,Pending
4338,399,2025-12-22,Delivered
4339,6,2026-02-12,Delivered
4340,416,2025-05-17,Pending
4341,58,2026-02-20,Shipped
4342,545,2026-03-04,Pending
4343,327,2025-12-26,Returned
4344,422,2025-08-29,Pending
4345,540,2025-02-25,Pending
4346,189,2025-03-18,Delivered
4347,40,2025-10-06,Delivered
4348,446,2024-07-26,Returned
4349,56,2025-09-21,Pending
4350,272,2026-03-10,Shipped
4351,72,2024-08-02,Cancelled
4352,418,2026-06-24,Shipped
4353,309,2024-10-24,Pending
4354,141,2024-11-04,Delivered
4355,131,2025-03-21,Returned
4356,67,2025-09-22,Delivered
4357,425,2025-11-09,Returned
4358,122,2026-03-20,Pending
4359,495,2025-10-19,Delivered
4360,60,2026-06-17,Delivered
4361,481,2025-10-23,Delivered
4362,267,2025-09-26,Pending
4363,453,2026-05-12,Delivered
4364,198,2025-05-07,Returned
4365,482,2025-04-30,Cancelled
4366,394,2024-12-13,Returned
4367,27,2025-05-07,Cancelled
4368,224,2024-08-26,Pending
4369,218,2025-08-27,Cancelled
4370,319,2025-05-04,Returned
4371,149,2024-12-01,Cancelled
4372,156,2026-08-12,Pending
4373,400,2024-09-30,Pending
4374,442,2025-03-20,Shipped
4375,70,2025-09-23,Returned
4376,315,2025-06-23,Returned
4377,232,2026-08-31,Delivered
4378,260,2026-06-02,Delivered
4379,412,2025-03-01,Delivered
4380,366,2024-09-18,Shipped
4381,414,2024-11-18,Shipped
4382,320,2024-09-27,Shipped
4383,294,2025-12-14,Returned
4384,426,2025-09-10,Shipped
4385,382,2024-11-22,Pending
4386,46,2024-08-01,Shipped
4387,402,2026-04-10,Shipped
4388,128,2025-12-25,Returned
4389,11,2025-10-19,Shipped
4390,317,2025-07-22,Cancelled
4391,456,2024-07-28,Cancelled
4392,151,2024-11-30,Pending
4393,207,2024-12-09,Delivered
4394,209,2024-08-30,Shipped
4395,243,2026-06-15,Pending
4396,392,2025-05-03,Pending
4397,90,2025-02-13,Cancelled
4398,267,2024-12-14,Shipped
4399,465,2025-01-05,Shipped
4400,71,2025-02-19,Delivered
4401,429,2025-12-02,Delivered
4402,460,2025-08-19,Delivered
4403,73,2024-08-31,Pending
4404,175,2025-06-26,Cancelled
4405,208,2024-08-21,Cancelled
4406,223,2025-04-20,Shipped
4407,196,2025-08-14,Delivered
4408,473,2026-08-09,Pending
4409,51,2024-11-18,Cancelled
4410,393,2025-03-18,Shipped
4411,173,2026-05-06,Returned
4412,432,2026-06-14,Shipped
4413,77,2025-05-23,Returned
4414,436,2025-05-07,Delivered
4415,438,2024-11-06,Pending
4416,386,2026-09-02,Shipped
4417,223,2024-10-16,Pending
4418,33,2025-08-28,Pending
4419,258,2025-05-28,Cancelled
4420,417,2025-07-14,Delivered
4421,25,2026-02-05,Delivered
4422,314,2024-08-30,Shipped
4423,38,2025-05-06,Pending
4424,209,2026-06-09,Shipped
4425,101,2026-05-11,Pending
4426,322,2024-12-15,Cancelled
4427,327,2026-08-10,Pending
4428,227,2026-05-15,Delivered
4429,366,2024-12-14,Pending
4430,391,2025-03-05,Shipped
4431,71,2025-06-08,Delivered
4432,382,2026-04-04,Pending
4433,473,2026-01-10,Cancelled
4434,290,2025-12-06,Returned
4435,12,2025-07-11,Shipped
4436,135,2024-11-08,Cancelled
4437,233,2025-10-19,Returned
4438,184,2025-09-27,Returned
4439,469,2026-07-07,Shipped
4440,475,2026-09-02,Cancelled
4441,348,2025-10-07,Delivered
4442,195,2024-12-12,Cancelled
4443,423,2025-08-02,Cancelled
4444,240,2026-01-15,Returned
4445,193,2025-12-21,Delivered
4446,457,2025-06-29,Returned
4447,304,2025-02-06,Shipped
4448,166,2024-12-11,Returned
4449,262,2024-07-13,Pending
4450,142,2024-10-26,Pending
4451,105,2025-06-19,Pending
4452,241,2024-08-26,Pending
4453,380,2026-04-09,Cancelled
4454,469,2026-07-20,Delivered
4455,450,2025-10-20,Shipped
4456,424,2026-03-27,Returned
4457,266,2025-01-15,Shipped
4458,280,2025-08-20,Shipped
4459,225,2025-03-20,Cancelled
4460,448,2026-06-15,Delivered
4461,435,2025-09-23,Returned
4462,210,2026-05-21,Pending
4463,492,2025-07-24,Shipped
4464,279,2025-06-30,Delivered
4465,233,2025-07-02,Pending
4466,121,2025-09-28,Cancelled
4467,441,2024-08-07,Delivered
4468,193,2026-01-31,Cancelled
4469,93,2024-09-16,Cancelled
4470,45,2025-02-16,Returned
4471,8,2025-11-21,Pending
4472,480,2026-05-23,Shipped
4473,77,2026-06-21,Cancelled
4474,38,2025-06-27,Shipped
4475,204,2025-04-03,Delivered
4476,286,2026-01-02,Returned
4477,121,2026-04-23,Returned
4478,402,2026-07-20,Cancelled
4479,457,2026-03-15,Delivered
4480,488,2025-02-24,Shipped
4481,222,2025-05-07,Returned
4482,260,2025-10-27,Returned
4483,452,2026-04-08,Shipped
4484,263,2026-03-29,Delivered
4485,146,2026-04-29,Shipped
4486,235,2024-11-21,Delivered
4487,356,2025-05-26,Cancelled
4488,121,2025-01-17,Pending
4489,245,2024-11-24,Cancelled
4490,14,2026-06-07,Pending
4491,400,2025-10-30,Pending
4492,254,2026-01-28,Shipped
4493,77,2025-06-08,Pending
4494,259,2025-06-28,Cancelled
4495,164,2025-05-02,Delivered
4496,405,2026-06-15,Shipped
4497,1,2025-12-01,Cancelled
4498,189,2024-11-27,Delivered
4499,340,2026-01-01,Pending
4500,196,2025-09-22,Pending
4501,292,2024-09-20,Cancelled
4502,144,2025-05-09,Returned
4503,437,2026-01-01,Shipped
4504,202,2024-08-10,Cancelled
4505,181,2025-01-10,Cancelled
4506,327,2026-05-26,Shipped
4507,379,2026-05-15,Pending
4508,426,2024-11-07,Cancelled
4509,280,2025-02-05,Delivered
4510,175,2026-05-24,Returned
4511,96,2025-11-07,Pending
4512,92,2025-08-29,Cancelled
4513,496,2025-02-19,Shipped
4514,114,2025-12-07,Shipped
4515,312,2026-06-19,Cancelled
4516,441,2024-08-28,Shipped
4517,364,2026-01-01,Pending
4518,266,2026-01-23,Shipped
4519,521,2026-01-20,Returned
4520,423,2026-07-29,Shipped
4521,62,2024-12-23,Shipped
4522,39,2026-06-13,Pending
4523,307,2025-07-26,Shipped
4524,427,2025-05-23,Returned
4525,407,2026-02-19,Cancelled
4526,202,2025-09-10,Pending
4527,56,2024-10-10,Delivered
4528,111,2025-04-20,Cancelled
4529,419,2024-09-05,Shipped
4530,50,2026-02-14,Returned
4531,540,2024-09-27,Cancelled
4532,357,2025-08-03,Returned
4533,487,2026-02-23,Returned
4534,91,2026-03-05,Delivered
4535,357,2025-03-18,Delivered
4536,310,2025-05-22,Pending
4537,4,2025-06-23,Shipped
4538,270,2024-11-13,Pending
4539,84,2025-01-20,Shipped
4540,415,2024-12-16,Pending
4541,30,2025-08-05,Shipped
4542,260,2024-08-11,Shipped
4543,227,2025-07-01,Cancelled
4544,253,2024-07-28,Returned
4545,278,2024-09-02,Pending
4546,494,2025-11-16,Shipped
4547,148,2025-12-29,Shipped
4548,467,2025-12-14,Pending
4549,171,2026-02-10,Delivered
4550,452,2025-07-01,Returned
4551,191,2025-04-30,Cancelled
4552,38,2025-03-31,Delivered
4553,410,2026-02-07,Cancelled
4554,3,2025-05-14,Shipped
4555,105,2026-05-03,Cancelled
4556,350,2024-12-05,Shipped
4557,269,2025-05-12,Shipped
4558,367,2024-08-06,Cancelled
4559,217,2024-07-16,Pending
4560,369,2025-01-18,Cancelled
4561,524,2024-10-05,Cancelled
4562,471,2026-01-09,Delivered
4563,270,2026-06-20,Shipped
4564,414,2024-10-22,Cancelled
4565,429,2025-03-19,Cancelled
4566,450,2026-07-29,Shipped
4567,48,2026-02-09,Delivered
4568,267,2025-07-03,Cancelled
4569,105,2025-07-19,Delivered
4570,273,2025-07-01,Shipped
4571,362,2024-08-30,Cancelled
4572,461,2024-09-10,Returned
4573,383,2025-09-06,Returned
4574,248,2025-11-30,Shipped
4575,483,2025-01-12,Delivered
4576,262,2026-01-13,Pending
4577,196,2025-06-12,Delivered
4578,201,2024-10-24,Pending
4579,492,2025-07-08,Delivered
4580,235,2026-04-06,Cancelled
4581,475,2025-02-09,Cancelled
4582,490,2026-04-22,Cancelled
4583,89,2024-11-10,Shipped
4584,110,2024-11-17,Delivered
4585,376,2026-04-20,Shipped
4586,39,2024-07-22,Shipped
4587,74,2025-10-22,Returned
4588,360,2024-09-24,Shipped
4589,105,2024-11-22,Returned
4590,214,2025-02-21,Pending
4591,378,2024-10-12,Cancelled
4592,414,2025-08-27,Delivered
4593,293,2026-02-03,Shipped
4594,416,2025-05-07,Delivered
4595,93,2024-11-15,Shipped
4596,537,2024-09-06,Delivered
4597,83,2025-12-11,Shipped
4598,240,2026-02-21,Delivered
4599,110,2024-07-16,Returned
4600,71,2025-12-16,Shipped
4601,125,2025-02-05,Delivered
4602,69,2024-11-04,Delivered
4603,281,2025-06-15,Delivered
4604,136,2025-04-12,Pending
4605,266,2024-11-23,Pending
4606,179,2024-12-23,Returned
4607,342,2026-01-13,Shipped
4608,202,2024-08-03,Delivered
4609,520,2026-06-01,Pending
4610,331,2025-12-14,Shipped
4611,165,2025-08-25,Cancelled
4612,489,2024-12-22,Delivered
4613,12,2025-06-16,Cancelled
4614,399,2025-12-31,Returned
4615,340,2024-08-14,Pending
4616,142,2026-04-18,Cancelled
4617,30,2025-11-13,Delivered
4618,296,2026-03-30,Cancelled
4619,352,2025-08-18,Delivered
4620,75,2025-11-17,Cancelled
4621,60,2025-12-04,Pending
4622,210,2026-01-15,Delivered
4623,59,2025-12-02,Delivered
4624,60,2026-06-04,Cancelled
4625,468,2024-09-25,Delivered
4626,229,2025-05-07,Shipped
4627,390,2025-12-26,Shipped
4628,383,2025-03-04,Shipped
4629,99,2025-06-17,Shipped
4630,7,2024-08-17,Returned
4631,398,2025-10-15,Returned
4632,91,2024-07-11,Shipped
4633,350,2024-08-14,Returned
4634,543,2026-02-27,Cancelled
4635,77,2025-04-27,Delivered
4636,431,2026-02-23,Returned
4637,496,2024-12-11,Delivered
4638,415,2026-06-29,Cancelled
4639,367,2025-01-17,Cancelled
4640,399,2025-04-24,Delivered
4641,398,2026-06-13,Delivered
4642,73,2025-01-09,Returned
4643,282,2024-12-10,Returned
4644,391,2024-09-16,Delivered
4645,133,2024-07-20,Cancelled
4646,14,2025-05-31,Delivered
4647,217,2024-07-29,Pending
4648,119,2024-07-19,Cancelled
4649,307,2025-03-26,Delivered
4650,221,2026-04-06,Pending
4651,117,2024-12-04,Shipped
4652,333,2025-12-18,Returned
4653,134,2025-12-09,Delivered
4654,114,2024-08-26,Delivered
4655,128,2026-08-02,Pending
4656,490,2026-05-24,Pending
4657,189,2024-09-21,Shipped
4658,34,2026-03-18,Returned
4659,191,2026-04-17,Cancelled
4660,129,2026-04-14,Returned
4661,237,2025-12-05,Shipped
4662,31,2024-11-15,Shipped
4663,63,2026-01-21,Pending
4664,284,2024-11-14,Returned
4665,391,2024-08-11,Pending
4666,265,2026-07-16,Returned
4667,230,2025-08-10,Delivered
4668,499,2024-09-29,Delivered
4669,101,2026-04-02,Delivered
4670,127,2025-03-19,Returned
4671,41,2025-03-15,Returned
4672,185,2025-09-17,Pending
4673,154,2025-11-06,Delivered
4674,361,2026-08-06,Cancelled
4675,179,2025-11-05,Returned
4676,229,2024-12-15,Returned
4677,255,2026-07-03,Delivered
4678,171,2025-09-01,Cancelled
4679,311,2025-05-10,Pending
4680,473,2026-07-07,Pending
4681,224,2025-06-05,Shipped
4682,33,2024-10-09,Pending
4683,10,2025-01-04,Pending
4684,213,2024-12-21,Returned
4685,321,2024-09-28,Delivered
4686,26,2025-04-10,Pending
4687,64,2025-03-16,Returned
4688,300,2024-11-19,Shipped
4689,35,2024-07-19,Returned
4690,516,2025-05-16,Delivered
4691,163,2025-11-27,Shipped
4692,312,2025-03-10,Returned
4693,332,2024-07-17,Pending
4694,402,2025-05-06,Cancelled
4695,332,2024-12-20,Pending
4696,351,2025-06-29,Shipped
4697,285,2024-12-25,Pending
4698,490,2024-08-28,Returned
4699,488,2025-12-01,Returned
4700,128,2026-04-02,Returned
4701,224,2025-02-09,Shipped
4702,343,2025-11-24,Shipped
4703,467,2025-11-04,Delivered
4704,35,2025-04-20,Cancelled
4705,453,2024-08-11,Cancelled
4706,14,2024-08-29,Pending
4707,420,2026-05-26,Delivered
4708,46,2024-12-24,Delivered
4709,323,2025-05-23,Delivered
4710,436,2025-02-27,Delivered
4711,121,2026-02-24,Shipped
4712,293,2025-10-16,Shipped
4713,230,2025-07-31,Delivered
4714,500,2024-09-25,Shipped
4715,258,2026-01-12,Shipped
4716,16,2025-08-28,Shipped
4717,476,2026-03-14,Shipped
4718,71,2026-06-24,Returned
4719,268,2026-04-29,Shipped
4720,226,2025-09-23,Delivered
4721,277,2024-11-18,Returned
4722,277,2025-01-19,Pending
4723,342,2024-09-19,Cancelled
4724,195,2025-10-16,Pending
4725,47,2025-03-16,Cancelled
4726,262,2025-11-10,Shipped
4727,139,2025-12-30,Pending
4728,287,2025-05-05,Pending
4729,297,2025-12-16,Pending
4730,341,2026-06-26,Shipped
4731,182,2026-02-27,Delivered
4732,405,2025-12-28,Pending
4733,23,2024-10-19,Cancelled
4734,91,2025-03-22,Shipped
4735,286,2024-11-21,Returned
4736,55,2025-11-13,Pending
4737,94,2026-02-19,Shipped
4738,475,2026-05-25,Shipped
4739,193,2025-12-24,Returned
4740,480,2025-03-11,Pending
4741,262,2026-04-30,Delivered
4742,79,2025-12-07,Cancelled
4743,82,2025-07-17,Cancelled
4744,423,2024-08-29,Shipped
4745,537,2025-03-25,Cancelled
4746,137,2024-07-21,Shipped
4747,117,2025-10-23,Cancelled
4748,133,2026-06-16,Shipped
4749,228,2025-10-05,Delivered
4750,320,2025-06-21,Delivered
4751,110,2025-04-30,Cancelled
4752,184,2025-08-08,Cancelled
4753,421,2025-11-17,Delivered
4754,120,2026-02-04,Delivered
4755,175,2025-01-04,Returned
4756,165,2025-08-03,Returned
4757,400,2025-10-07,Cancelled
4758,185,2026-01-06,Returned
4759,254,2024-07-18,Delivered
4760,220,2025-01-04,Cancelled
4761,357,2024-07-24,Shipped
4762,214,2025-10-29,Pending
4763,460,2026-02-17,Shipped
4764,65,2026-06-04,Shipped
4765,386,2024-10-12,Shipped
4766,490,2026-08-04,Pending
4767,427,2025-01-07,Delivered
4768,227,2026-02-01,Delivered
4769,404,2025-06-05,Cancelled
4770,471,2026-02-16,Returned
4771,280,2025-01-13,Shipped
4772,413,2025-11-01,Shipped
4773,203,2024-09-07,Returned
4774,477,2024-08-23,Delivered
4775,168,2024-10-22,Returned
4776,412,2025-04-24,Shipped
4777,70,2025-07-30,Delivered
4778,433,2025-02-23,Returned
4779,127,2024-12-11,Delivered
4780,180,2024-11-02,Pending
4781,350,2025-04-25,Shipped
4782,276,2024-12-13,Pending
4783,107,2025-11-18,Cancelled
4784,52,2024-08-06,Returned
4785,307,2025-01-08,Delivered
4786,13,2026-06-25,Returned
4787,414,2026-01-22,Shipped
4788,129,2025-10-15,Pending
4789,193,2025-06-17,Shipped
4790,315,2026-02-02,Delivered
4791,168,2026-05-20,Delivered
4792,420,2025-03-20,Pending
4793,443,2024-10-20,Returned
4794,276,2025-02-09,Returned
4795,394,2025-03-11,Shipped
4796,413,2025-11-19,Cancelled
4797,439,2026-03-11,Pending
4798,449,2026-02-18,Cancelled
4799,395,2024-08-07,Delivered
4800,56,2025-08-16,Shipped
4801,178,2026-03-14,Pending
4802,83,2025-05-26,Cancelled
4803,151,2025-11-23,Pending
4804,220,2026-03-31,Pending
4805,160,2025-02-17,Shipped
4806,35,2026-02-10,Cancelled
4807,144,2024-07-26,Returned
4808,467,2025-01-01,Returned
4809,274,2026-04-26,Delivered
4810,4,2026-01-28,Delivered
4811,56,2025-03-22,Pending
4812,247,2025-03-31,Cancelled
4813,101,2025-01-12,Shipped
4814,452,2024-12-14,Delivered
4815,477,2025-08-30,Pending
4816,406,2024-08-19,Pending
4817,39,2026-06-12,Cancelled
4818,28,2026-06-20,Pending
4819,176,2025-12-06,Shipped
4820,374,2025-01-16,Delivered
4821,237,2026-03-22,Cancelled
4822,189,2025-12-23,Cancelled
4823,159,2025-12-30,Cancelled
4824,258,2026-01-17,Returned
4825,25,2024-12-27,Returned
4826,157,2025-10-23,Pending
4827,174,2026-05-16,Delivered
4828,58,2025-04-30,Pending
4829,147,2025-08-17,Pending
4830,350,2025-03-14,Delivered
4831,231,2024-11-27,Cancelled
4832,125,2025-06-16,Cancelled
4833,251,2025-11-09,Shipped
4834,276,2024-07-12,Delivered
4835,460,2024-08-27,Shipped
4836,32,2026-05-14,Pending
4837,493,2025-07-24,Returned
4838,366,2024-08-31,Shipped
4839,406,2024-12-04,Shipped
4840,258,2024-08-17,Cancelled
4841,170,2025-11-12,Delivered
4842,19,2024-10-25,Delivered
4843,264,2026-07-06,Pending
4844,243,2024-12-13,Delivered
4845,432,2024-10-13,Returned
4846,131,2024-09-17,Returned
4847,134,2024-11-19,Shipped
4848,108,2025-10-11,Delivered
4849,244,2025-09-07,Shipped
4850,544,2026-04-14,Returned
4851,124,2026-03-17,Shipped
4852,234,2026-07-01,Returned
4853,448,2024-12-13,Shipped
4854,291,2025-01-07,Shipped
4855,264,2025-08-06,Shipped
4856,32,2024-09-06,Pending
4857,297,2025-06-04,Delivered
4858,141,2026-01-22,Returned
4859,193,2025-07-05,Shipped
4860,277,2025-03-06,Returned
4861,90,2024-11-12,Shipped
4862,333,2026-01-19,Shipped
4863,121,2024-12-08,Cancelled
4864,500,2025-01-14,Shipped
4865,256,2025-06-02,Cancelled
4866,484,2024-11-22,Cancelled
4867,265,2025-10-21,Shipped
4868,286,2025-01-17,Delivered
4869,23,2026-07-24,Cancelled
4870,505,2025-02-14,Pending
4871,237,2025-09-28,Delivered
4872,261,2025-06-21,Shipped
4873,471,2025-11-13,Pending
4874,506,2024-12-11,Cancelled
4875,191,2025-02-04,Delivered
4876,470,2026-05-08,Returned
4877,476,2026-03-06,Delivered
4878,302,2025-07-16,Pending
4879,142,2024-09-08,Shipped
4880,329,2025-04-13,Pending
4881,444,2025-05-13,Delivered
4882,547,2025-04-27,Delivered
4883,235,2024-11-15,Cancelled
4884,2,2025-07-08,Returned
4885,488,2025-06-15,Delivered
4886,545,2025-06-01,Pending
4887,498,2025-08-04,Returned
4888,48,2025-10-24,Pending
4889,470,2026-01-29,Delivered
4890,361,2025-06-09,Cancelled
4891,529,2026-02-18,Delivered
4892,205,2024-11-06,Shipped
4893,138,2026-04-05,Shipped
4894,550,2026-03-16,Cancelled
4895,221,2025-07-17,Shipped
4896,73,2024-07-23,Shipped
4897,319,2026-02-19,Pending
4898,515,2025-04-30,Shipped
4899,285,2025-06-04,Delivered
4900,242,2026-05-02,Pending
4901,401,2024-09-10,Returned
4902,412,2026-02-17,Pending
4903,433,2026-06-12,Pending
4904,12,2026-06-23,Delivered
4905,483,2025-02-26,Returned
4906,233,2025-10-13,Shipped
4907,287,2025-08-29,Delivered
4908,155,2024-11-03,Delivered
4909,390,2025-09-10,Returned
4910,479,2026-01-23,Pending
4911,185,2024-11-21,Delivered
4912,236,2025-01-23,Delivered
4913,344,2025-04-29,Pending
4914,309,2025-07-03,Shipped
4915,345,2025-03-02,Cancelled
4916,144,2025-06-25,Pending
4917,482,2025-02-12,Cancelled
4918,73,2025-04-25,Shipped
4919,301,2025-09-17,Returned
4920,370,2025-10-21,Cancelled
4921,54,2025-07-16,Returned
4922,191,2024-09-01,Returned
4923,223,2025-03-23,Shipped
4924,73,2024-10-22,Pending
4925,537,2026-08-25,Delivered
4926,33,2025-07-07,Returned
4927,210,2024-12-07,Cancelled
4928,109,2024-11-05,Pending
4929,91,2026-06-19,Shipped
4930,168,2024-12-02,Returned
4931,3,2024-07-11,Shipped
4932,94,2024-07-17,Pending
4933,124,2026-05-08,Delivered
4934,200,2025-07-31,Returned
4935,4,2026-01-26,Returned
4936,483,2026-01-22,Delivered
4937,47,2025-04-24,Delivered
4938,313,2025-07-24,Delivered
4939,418,2025-05-18,Pending
4940,42,2026-06-27,Returned
4941,117,2025-05-26,Pending
4942,28,2026-07-08,Delivered
4943,17,2025-05-10,Shipped
4944,161,2026-08-09,Returned
4945,464,2025-04-23,Delivered
4946,450,2025-05-02,Shipped
4947,365,2025-07-23,Cancelled
4948,409,2025-03-04,Shipped
4949,285,2025-11-17,Pending
4950,177,2025-10-07,Pending
4951,393,2024-09-01,Delivered
4952,492,2025-05-21,Cancelled
4953,243,2026-05-26,Shipped
4954,43,2024-08-07,Delivered
4955,19,2026-06-23,Returned
4956,397,2024-10-12,Cancelled
4957,351,2025-05-02,Returned
4958,110,2026-07-02,Returned
4959,225,2025-09-20,Cancelled
4960,173,2024-11-11,Shipped
4961,31,2024-12-05,Shipped
4962,223,2026-02-20,Cancelled
4963,302,2025-06-11,Returned
4964,457,2025-01-22,Cancelled
4965,281,2026-02-27,Cancelled
4966,196,2026-06-17,Returned
4967,208,2026-02-11,Returned
4968,172,2026-01-19,Returned
4969,361,2025-04-04,Shipped
4970,172,2025-08-07,Pending
4971,82,2026-01-09,Delivered
4972,305,2025-07-22,Returned
4973,55,2025-11-13,Returned
4974,375,2025-12-24,Delivered
4975,456,2025-04-19,Delivered
4976,237,2025-12-30,Delivered
4977,308,2026-07-31,Returned
4978,361,2025-11-25,Delivered
4979,352,2025-05-03,Delivered
4980,208,2026-06-27,Cancelled
4981,162,2025-06-02,Delivered
4982,350,2026-07-15,Cancelled
4983,94,2025-01-15,Shipped
4984,183,2025-01-12,Cancelled
4985,441,2025-07-14,Delivered
4986,41,2024-08-03,Cancelled
4987,465,2026-06-23,Shipped
4988,133,2026-03-31,Returned
4989,17,2025-04-14,Pending
4990,52,2025-11-10,Cancelled
4991,238,2026-01-07,Returned
4992,363,2025-12-15,Delivered
4993,468,2024-07-29,Delivered
4994,526,2025-12-31,Shipped
4995,111,2025-12-07,Delivered
4996,105,2025-11-21,Delivered
4997,143,2024-10-30,Cancelled
4998,220,2025-01-26,Returned
4999,33,2025-10-21,Shipped
5000,466,2025-06-26,Returned
2585,140,2025-10-19,Cancelled
4339,6,2026-02-12,Delivered
4557,269,2025-05-12,Shipped
3439,364,2024-07-26,Shipped
738,212,2025-04-12,Delivered
2677,14,2025-07-02,Shipped
286,315,2026-06-06,Shipped
2973,194,2024-09-25,Cancelled
242,285,2024-11-24,Shipped
520,473,2026-04-17,Shipped
