item_id,order_id,product_id,quantity
2,4646,12,1
3,3339,146,1
4,3259,141,5
5,3599,12,2
6,4104,33,2
7,4672,79,3
9,66,90,1
10,3109,34,2
11,3764,48,2
12,4692,39,2
13,781,9,4
14,381,2,5
16,3638,35,1
17,2741,117,5
18,4449,145,1
19,4863,80,1
20,1969,46,2
21,2898,20,4
24,1379,44,5
25,4279,126,3
26,3554,29,2
28,3800,121,1
29,4234,13,3
31,1267,149,2
32,2262,80,1
33,1132,123,1
34,1752,138,2
35,1274,23,4
37,2949,51,2
38,107,54,3
39,1223,34,4
40,1042,27,2
41,1071,107,1
42,3243,15,5
44,4402,19,2
45,735,19,4
46,335,41,5
47,239,139,1
48,3211,146,2
49,3439,129,4
50,3020,107,4
51,333,101,1
52,3226,16,3
53,2087,10,4
54,1609,49,5
55,70,97,2
56,1384,112,1
57,1204,106,3
58,4545,69,1
59,4205,11,4
60,4868,26,4
61,1967,22,5
62,2160,144,2
63,2308,48,1
64,1933,67,1
65,1974,94,5
66,230,69,4
67,3199,145,4
68,3716,69,3
69,2954,112,4
70,2219,129,1
71,2297,46,3
72,65,79,3
73,3270,83,3
76,2177,32,3
77,2170,150,2
78,954,82,2
79,458,106,4
80,149,32,5
81,1369,31,5
82,4563,41,3
83,1444,130,3
84,4081,128,2
85,208,106,2
86,3644,34,4
89,516,95,5
90,374,39,2
91,539,82,2
93,1783,136,1
94,1348,51,4
95,2876,133,2
96,220,48,4
97,2818,96,3
98,1747,38,4
100,1820,58,4
101,4156,9,1
102,4516,12,4
103,990,41,2
105,4536,143,2
106,4039,112,3
107,2116,123,4
110,1262,145,2
111,2898,97,5
113,3923,63,1
115,2583,144,1
116,2654,19,4
117,470,74,2
118,3880,99,3
119,369,65,2
120,552,110,3
122,749,97,2
124,5,5,4
125,123,128,1
126,601,147,4
127,3306,146,4
128,4287,19,4
129,1896,48,4
130,232,87,5
131,3893,108,2
132,4684,80,5
133,3132,49,5
134,4737,47,2
135,992,91,3
136,3098,73,4
138,2509,112,3
139,4859,80,1
140,1650,89,1
141,2709,105,3
142,3853,99,5
143,1528,113,5
144,1126,98,2
145,3039,3,3
146,4334,106,4
147,642,75,5
148,4669,101,3
149,3561,85,3
150,2519,19,3
151,3241,63,2
152,2118,116,5
153,3359,135,5
154,1840,85,2
156,4280,70,2
157,66,147,1
158,944,12,3
159,4249,74,4
160,3872,34,2
161,84,72,3
162,526,58,1
163,2915,30,4
164,3224,136,4
165,4771,121,5
167,4527,67,4
168,694,139,1
169,2430,49,2
170,1112,64,4
173,268,81,2
174,2299,150,2
175,735,125,3
176,2159,10,3
177,1871,94,2
178,4581,72,3
179,2759,41,2
182,1798,105,1
183,1007,110,3
184,88,110,4
185,2846,81,1
186,3033,21,2
188,1776,34,5
189,558,149,1
190,1336,34,3
191,3389,67,5
192,833,122,4
193,2134,47,1
194,4437,113,4
195,2782,17,3
196,4792,88,5
197,2087,38,4
198,1538,20,1
199,705,31,5
200,2840,142,5
201,606,13,4
202,296,58,3
203,2063,46,1
204,1415,127,3
205,4568,42,3
206,926,97,3
207,3134,50,1
208,1602,75,4
209,152,133,5
211,3093,90,3
212,3672,47,2
213,4897,107,2
214,4080,44,3
215,144,103,1
216,4953,95,2
217,2342,83,4
218,1243,81,5
219,3571,40,2
220,2431,47,4
221,2124,7,5
222,1594,28,5
223,332,147,2
224,1287,22,2
225,1417,96,5
226,923,138,4
227,4390,103,1
228,4775,84,5
230,3181,129,4
231,4297,81,4
232,2309,103,1
233,1060,47,2
235,524,42,5
236,924,125,5
237,917,115,4
238,4867,72,5
240,1797,109,2
242,1545,1,1
243,1471,136,5
244,2911,42,5
245,4625,16,4
246,3541,118,2
247,1453,53,5
248,3157,53,4
249,683,30,5
250,3298,117,4
252,1648,40,5
253,1834,48,5
254,519,84,1
255,3951,25,4
257,2183,20,4
258,3357,129,3
259,3433,137,5
260,2867,46,1
261,1235,97,4
262,1400,91,1
263,3672,130,2
264,1832,112,1
265,2441,149,1
266,3893,106,3
268,4877,128,3
269,4678,71,5
270,4983,78,4
271,3755,88,5
272,4369,98,5
273,2173,3,2
274,4217,3,2
275,258,36,1
277,2070,27,1
278,4421,49,1
279,2500,139,5
280,3881,28,4
282,377,100,4
284,4571,145,4
285,2411,146,4
286,160,136,4
287,287,53,1
288,2224,78,3
289,4877,101,3
290,4577,103,3
291,317,33,3
292,3574,36,4
293,1510,47,1
294,1766,76,1
295,2518,100,3
296,2668,58,3
298,2849,43,5
299,2041,48,1
300,3870,37,4
301,3487,138,2
302,4553,83,2
303,2501,89,3
304,948,84,5
306,4910,115,3
308,4333,76,4
309,4757,147,3
310,4941,86,5
311,1821,136,1
312,563,62,5
313,1493,10,5
314,1435,143,2
315,3893,74,4
316,513,32,3
317,1743,58,5
318,4194,28,4
319,2288,128,4
322,3081,111,3
323,4814,8,1
324,4879,123,1
325,1917,88,1
326,3356,75,2
328,3751,113,3
329,4017,147,5
330,4247,14,1
331,4783,138,1
332,2452,49,4
334,811,53,2
335,3205,27,2
336,1720,88,5
337,672,126,1
338,2758,6,5
339,4693,43,4
340,385,38,4
341,4794,96,3
342,4412,119,1
345,3886,81,2
346,347,136,5
347,4115,11,1
348,2453,119,1
349,4350,98,2
350,647,90,5
351,2010,62,1
353,2018,86,4
355,2378,11,5
356,3863,117,2
357,3456,97,3
358,2417,22,3
359,3377,27,4
360,2649,53,3
361,2176,96,1
363,1170,54,5
364,2157,70,5
365,1884,55,5
366,368,103,5
367,30,45,3
368,4171,70,3
369,1943,85,4
370,4022,69,1
371,3481,144,1
372,2220,9,2
373,4283,130,5
374,2943,57,2
375,3891,65,1
376,924,90,4
378,324,18,2
379,1906,9,3
381,4053,70,2
382,3042,62,1
383,3955,80,2
384,2270,120,5
386,641,77,2
387,2172,55,1
388,423,79,4
390,1392,39,1
391,1937,107,1
392,1611,140,1
393,3898,8,4
395,1772,23,1
396,1407,28,4
397,4173,20,4
398,983,65,3
399,917,29,5
401,441,38,3
403,2805,70,2
404,140,79,4
405,3887,97,2
406,3447,91,2
407,3853,120,3
408,198,35,3
409,2942,90,1
411,745,111,4
412,2340,138,3
413,3506,132,2
414,3108,3,3
415,2121,60,5
416,4625,9,5
417,1071,77,4
418,4335,52,2
419,2671,72,5
420,3679,11,1
421,4324,71,2
422,80,43,4
425,2390,104,5
427,994,104,1
428,757,39,2
429,1652,149,5
430,367,139,3
431,674,141,3
432,333,132,2
433,973,63,1
434,4288,82,5
435,3026,85,5
436,2532,5,3
437,99,53,2
438,3368,83,5
439,2052,70,4
440,440,141,1
441,4417,130,2
443,3204,136,1
444,2661,120,3
445,1579,41,2
447,4588,142,1
448,3430,46,3
450,4929,15,4
452,736,45,2
453,3500,23,3
455,2119,12,3
457,207,23,1
458,1680,80,2
459,2865,108,4
460,1337,26,2
461,1502,1,4
462,3174,103,2
463,628,114,4
464,3621,70,3
465,660,149,2
466,300,28,3
468,1717,79,4
472,829,127,5
474,1847,74,5
475,531,71,4
476,3320,5,1
477,359,42,3
478,2286,48,1
479,3289,136,2
480,824,130,1
481,512,52,4
482,4852,13,3
483,109,122,2
484,4067,120,5
485,860,100,2
486,2907,14,3
487,2334,120,3
488,78,20,4
489,2767,31,2
490,3635,1,4
491,461,120,4
492,226,132,5
493,1267,52,5
494,3148,126,5
495,2776,11,4
496,869,2,3
497,4498,91,5
498,1391,76,2
499,3238,42,1
500,312,99,4
502,970,94,2
503,450,105,2
504,37,3,3
505,4282,41,2
506,922,57,3
507,2399,57,3
508,3483,20,3
509,384,95,4
510,2988,141,3
511,2008,85,5
512,26,31,3
513,3446,40,5
514,1002,64,3
515,911,20,4
516,807,96,4
517,2797,40,1
519,2398,95,4
521,1668,129,3
522,2160,124,2
523,502,125,2
524,1522,76,3
527,3694,133,1
528,3512,3,4
529,1179,18,2
530,1706,103,2
531,1028,136,5
532,4976,8,5
533,4288,60,3
534,1928,89,5
535,4948,122,4
536,2682,116,3
537,2575,83,1
538,4098,119,3
539,1301,20,1
540,4317,47,4
541,1067,53,2
542,1207,28,4
543,4015,31,1
544,469,41,5
545,2368,142,5
547,4789,46,2
548,4659,4,3
549,3257,20,5
550,586,5,1
551,1590,11,1
552,2386,54,4
553,2291,58,4
555,1822,9,3
556,1281,141,5
557,4954,119,4
558,713,147,4
559,392,145,1
560,3527,116,3
561,3717,142,3
562,4818,96,1
563,4474,1,4
565,847,44,2
567,2290,147,5
569,1375,18,3
570,2715,16,2
571,2324,9,4
572,4542,73,2
573,2012,42,2
575,4411,60,3
576,742,149,3
577,3218,35,1
578,4067,20,3
579,2277,4,5
580,2198,145,4
581,802,47,1
583,2246,39,5
584,3266,27,2
586,4367,81,3
587,1362,17,2
589,861,13,4
590,4844,36,5
591,3067,65,2
592,4111,66,3
593,4422,47,1
594,4447,11,4
595,1625,61,5
596,4573,25,5
597,1360,139,4
598,4258,129,3
599,4346,139,3
601,1027,44,2
602,2613,21,4
604,3324,77,5
605,4825,47,1
606,1389,63,1
607,4698,3,5
608,3421,114,4
609,2149,88,1
610,2960,48,3
611,154,20,1
612,2013,52,2
613,2441,24,5
614,48,108,5
615,3981,83,4
616,3425,15,4
619,3643,38,1
621,764,77,2
622,3188,74,2
623,3801,100,4
624,260,54,5
625,369,110,4
626,2787,141,1
627,4051,145,3
628,338,74,4
629,2190,128,3
630,2747,129,5
631,4672,3,3
632,3029,97,2
633,4652,120,5
634,2181,4,1
635,1861,87,3
636,2195,101,2
637,4834,9,2
639,3364,76,5
640,4281,55,4
641,675,116,3
642,2101,120,4
643,3311,18,3
644,714,133,5
645,490,122,2
647,4605,75,3
648,3510,10,2
649,3481,63,4
650,3605,6,4
651,986,35,2
653,4194,130,2
654,2700,12,2
655,1675,44,5
656,4127,103,3
657,2644,78,2
658,3731,144,1
659,3289,114,4
660,502,103,5
661,122,149,5
662,657,146,2
663,4603,83,2
664,1912,118,1
665,2523,44,3
666,1690,138,2
667,714,61,3
668,4928,29,5
669,3429,98,1
670,4413,1,5
671,2225,132,3
672,2010,38,1
673,4414,121,1
675,4323,14,3
676,4759,37,5
677,13,115,1
678,4908,106,1
679,393,132,1
680,538,103,2
681,3397,76,5
682,248,5,5
683,4747,145,4
685,3153,44,4
686,128,136,1
687,984,45,4
689,1507,86,4
690,666,76,2
691,3064,5,2
692,3757,3,3
693,3319,16,4
695,2526,91,4
696,649,113,3
697,1992,70,5
698,974,146,4
699,3027,103,2
700,1891,98,4
701,4334,150,3
702,4645,45,1
703,1524,100,4
705,4663,46,3
706,4834,40,5
707,4491,83,4
708,3276,119,4
710,1415,65,2
711,1640,49,5
715,4621,77,2
716,4710,39,5
717,272,139,3
718,3144,35,1
719,1240,47,2
720,3969,110,1
721,2139,103,5
722,4467,9,3
723,1079,22,3
724,23,105,5
725,2730,40,3
726,56,79,1
727,2605,19,4
729,1390,90,4
730,4716,46,2
731,4783,19,5
732,1721,49,2
734,2220,7,5
735,1055,81,1
736,3854,20,5
738,1958,43,5
739,2196,50,1
740,602,91,3
741,648,25,4
742,3215,64,1
744,104,82,1
745,151,64,5
746,668,7,5
747,1314,11,3
748,4457,72,1
749,4376,39,2
750,2769,98,4
752,455,120,1
753,4156,111,5
754,4958,11,1
755,963,24,3
756,647,38,4
757,2747,142,1
758,3272,31,4
759,3726,41,3
760,3854,122,3
761,2282,15,2
762,1612,17,1
763,4689,63,4
764,3981,105,4
766,112,99,5
767,1063,143,1
768,3181,13,1
769,341,62,1
770,1059,23,4
772,969,16,2
773,1173,6,3
774,1639,118,5
775,4895,29,2
776,342,137,2
777,3797,127,3
779,4956,74,2
780,1019,144,5
781,2850,136,3
782,3262,41,5
783,3040,127,1
784,3338,61,4
785,3441,80,1
787,1612,17,3
788,3068,2,2
789,739,25,1
790,3605,96,3
791,1714,84,5
792,3076,94,3
793,3831,82,1
794,655,135,5
795,2461,104,4
796,1009,50,5
797,4584,141,3
798,403,63,4
799,727,63,1
800,1344,93,2
801,1177,123,2
802,3317,11,5
803,2640,42,4
804,4864,67,4
805,1307,137,2
806,1953,6,3
807,2,49,2
808,2404,77,1
809,4304,3,4
810,2631,85,3
811,3187,114,5
812,569,57,1
813,3223,63,2
814,3544,39,4
815,3825,20,5
816,277,103,4
818,2745,44,3
819,2357,10,3
821,3006,110,2
822,20,111,1
823,2008,49,3
824,3306,68,1
825,3669,125,2
826,1783,147,5
827,2276,20,5
828,4828,81,1
829,4893,54,4
830,3576,33,2
831,2108,26,2
832,4799,137,1
833,855,74,3
835,1339,50,5
836,2492,77,2
837,3778,126,5
838,4312,33,5
839,3958,140,3
840,4278,20,2
841,2093,95,4
842,4711,70,3
844,4437,1,4
845,3236,13,1
846,1153,99,1
847,2644,82,5
848,2276,134,3
849,2937,91,2
850,3531,2,5
851,4269,107,2
852,471,107,3
853,1261,66,3
854,4197,121,1
856,1912,121,1
857,2009,12,3
858,2194,55,4
859,371,86,5
860,4381,72,2
863,2758,143,2
864,4993,4,1
865,2900,97,4
866,4174,4,4
867,1825,5,5
869,1206,12,1
870,4346,36,3
871,144,80,2
872,3605,121,4
873,4995,30,1
875,4277,34,3
876,4260,132,3
877,3443,57,4
878,2954,97,3
879,3441,75,2
880,3633,1,2
881,1751,23,5
882,740,129,2
883,2964,145,5
884,192,40,4
885,1803,31,5
886,221,44,5
887,3510,70,5
888,3671,142,4
889,4759,67,4
890,2572,135,5
891,326,54,1
892,531,15,3
893,4986,100,5
894,2160,114,5
895,1275,123,2
896,3270,47,5
897,2734,141,5
898,4646,139,4
899,806,35,1
901,971,34,2
902,1180,60,5
903,3578,117,2
904,363,84,5
905,4249,58,2
907,1787,85,1
908,2608,9,1
910,2550,131,1
911,2551,124,1
913,3637,101,5
914,307,113,4
915,4406,37,3
916,2188,132,4
917,4707,7,2
918,3468,110,1
919,1786,82,4
920,1707,91,4
921,1313,38,2
922,3224,54,2
923,727,95,3
924,1858,77,3
926,3188,120,3
927,3149,66,1
928,4689,73,4
930,1324,20,1
931,4521,74,1
932,2457,123,1
933,2091,53,4
934,1053,33,3
935,1978,8,4
936,2850,8,5
937,1534,49,4
939,2568,62,1
940,1049,57,5
941,593,54,4
942,3449,5,4
943,2683,78,4
944,2407,43,3
945,2491,93,3
947,1051,18,3
948,3125,86,2
949,3982,97,3
950,2447,7,5
951,1466,86,2
952,2221,66,4
953,1480,138,1
954,1976,17,3
955,686,124,2
956,761,118,4
957,2596,35,1
958,4778,63,4
959,4210,136,5
961,1689,84,1
962,3549,106,1
963,122,141,4
964,3321,82,2
965,3721,105,1
966,3505,51,1
968,445,129,3
969,2746,5,2
970,783,40,4
971,845,66,5
972,157,103,2
973,4255,35,3
974,2618,34,2
975,3095,8,5
976,619,54,3
978,3104,30,2
979,4897,106,3
980,2493,103,3
981,3508,45,5
982,1584,14,5
983,2028,117,4
984,1987,147,3
986,1455,104,3
987,544,100,3
988,4186,107,1
989,3027,104,3
990,3618,70,4
991,2604,87,5
993,1263,100,5
994,846,21,4
996,2348,85,4
997,4733,26,5
998,4633,61,5
999,633,91,5
1001,2006,54,4
1002,1361,2,3
1003,3471,142,1
1004,1147,71,1
1006,3622,83,2
1007,1348,76,4
1008,1567,118,5
1010,655,29,4
1011,3140,146,5
1012,210,141,3
1013,909,100,3
1014,4680,103,2
1015,2230,9,1
1016,1898,70,4
1017,1681,71,1
1018,4615,68,1
1020,747,3,5
1021,4836,22,1
1022,1324,10,5
1023,3418,31,5
1024,593,11,2
1025,1644,85,3
1026,491,51,1
1027,4633,25,5
1028,4453,21,4
1029,708,30,2
1030,801,80,1
1031,2486,2,5
1032,724,31,5
1033,2451,125,1
1034,4978,112,5
1035,3118,110,1
1036,653,128,1
1038,1244,73,1
1040,3550,48,4
1041,2822,83,4
1043,3822,71,3
1044,4953,146,5
1045,479,28,3
1046,2850,103,3
1047,2427,48,1
1048,3193,93,1
1049,66,11,3
1051,2136,132,1
1052,29,106,5
1053,2228,26,5
1055,1322,37,2
1056,1270,138,3
1057,4310,77,3
1058,4541,30,1
1059,2018,8,3
1060,3630,43,5
1061,63,112,3
1062,4560,119,1
1064,2699,20,2
1065,4183,25,3
1066,4553,117,2
1067,1436,131,5
1068,3159,89,5
1070,1196,114,2
1071,3298,4,3
1072,2822,96,3
1073,171,72,1
1074,4938,146,3
1075,1256,140,4
1076,398,108,2
1078,3395,58,5
1079,4815,15,2
1080,4195,123,5
1081,3259,78,4
1082,1478,3,2
1084,262,117,3
1086,2584,150,4
1088,504,55,2
1089,2769,75,2
1090,2640,36,2
1091,166,36,4
1092,4916,41,3
1093,4918,34,1
1094,4437,46,3
1095,4837,104,2
1096,41,33,1
1097,993,41,3
1099,4723,63,5
1102,2790,72,1
1104,1169,74,3
1105,1780,60,4
1106,3840,137,3
1108,969,91,5
1109,856,116,4
1110,3507,89,4
1111,3425,7,2
1112,2631,15,1
1113,491,63,1
1114,4482,114,4
1115,1676,35,4
1116,2915,19,4
1117,4234,132,2
1118,687,39,2
1119,237,63,3
1120,2013,138,2
1121,600,67,5
1122,4115,98,2
1123,4386,27,5
1124,4071,146,3
1125,4291,25,3
1126,249,91,4
1127,1508,57,3
1128,1184,72,3
1129,2040,94,3
1130,3162,106,4
1131,4823,43,5
1132,3012,6,2
1133,3386,146,4
1134,2735,37,1
1135,1036,107,2
1136,1896,6,5
1137,2109,69,1
1139,1605,127,1
1140,2826,146,2
1141,4258,14,2
1142,4340,75,2
1143,1582,40,5
1145,1615,57,5
1146,36,36,2
1147,402,133,3
1148,2074,140,2
1149,3698,98,5
1150,4426,128,1
1152,4911,144,4
1155,2719,29,5
1156,492,13,5
1157,4728,10,1
1158,504,17,4
1159,2785,55,2
1161,4143,11,1
1162,3304,82,4
1163,3693,10,5
1164,3790,27,5
1165,4578,53,1
1167,925,147,4
1169,538,11,1
1170,4394,49,5
1171,2849,113,5
1172,2988,64,5
1173,4172,41,2
1174,3949,12,3
1175,2193,110,5
1177,3785,99,5
1178,1819,18,1
1179,1031,95,4
1181,4623,33,1
1182,1834,43,4
1183,950,129,3
1184,3939,100,5
1185,3626,38,2
1186,2283,76,4
1187,425,124,4
1188,770,110,5
1189,3890,94,4
1190,3267,117,1
1192,3004,73,4
1193,2987,118,2
1194,723,67,5
1195,3758,73,2
1196,935,30,3
1199,1712,120,5
1200,4558,53,3
1201,1696,23,1
1202,3301,24,4
1203,4140,100,2
1204,188,24,4
1205,3340,38,2
1206,4414,43,4
1208,708,97,3
1209,198,87,2
1210,939,52,2
1212,733,15,5
1213,4876,17,5
1214,30,80,5
1215,1422,60,3
1216,4455,47,1
1217,1886,68,4
1218,726,107,5
1219,203,22,2
1220,3516,90,5
1221,3760,66,1
1222,1805,23,3
1224,1662,129,2
1225,4789,79,4
1227,3980,26,4
1228,1027,139,2
1229,1935,135,3
1230,3249,42,4
1231,1302,111,5
1233,3238,84,5
1234,4934,138,1
1235,4758,82,1
1236,2797,123,4
1237,4942,98,5
1238,4564,137,1
1239,2384,113,4
1240,4518,147,2
1241,2888,90,5
1242,658,79,1
1243,2958,2,2
1245,4025,119,2
1246,1158,5,2
1247,109,130,1
1248,1401,6,5
1249,1485,49,2
1251,1115,45,4
1252,4704,62,3
1253,2676,24,3
1254,4896,105,4
1255,3117,127,3
1256,2074,57,1
1257,3516,138,4
1258,4212,69,3
1259,1874,91,4
1261,4241,40,4
1262,4297,131,3
1263,3347,144,3
1264,3528,87,1
1265,2504,16,1
1266,4359,119,1
1267,1615,51,4
1268,4015,81,3
1269,40,8,2
1270,2877,10,1
1271,2814,48,1
1272,2814,17,4
1273,1905,126,3
1274,824,62,5
1275,1367,48,3
1276,3557,98,3
1277,419,127,2
1278,2868,88,3
1279,3534,21,3
1280,3905,78,3
1281,1802,9,4
1282,1528,28,2
1283,2050,36,3
1285,1424,8,5
1286,3622,4,1
1287,1918,111,2
1288,4897,19,4
1289,2546,85,5
1290,1025,108,1
1292,4347,79,1
1293,1248,95,2
1294,3001,38,2
1295,2092,93,4
1296,1514,17,3
1297,199,67,1
1298,1664,64,5
1299,693,41,5
1300,973,28,4
1301,4789,120,4
1302,2784,116,2
1303,3501,22,5
1304,1275,141,5
1305,2640,118,4
1306,221,145,4
1307,3622,89,5
1308,664,51,3
1310,4266,127,1
1311,2537,15,3
1312,3708,13,1
1313,4953,53,4
1314,2438,138,2
1315,3474,25,2
1316,1083,19,3
1317,2004,16,3
1318,24,138,2
1320,3169,106,1
1321,4632,23,4
1322,3117,120,5
1323,3983,48,1
1324,662,26,4
1325,3742,62,3
1326,226,137,3
1327,1776,136,1
1328,4786,68,3
1329,2977,121,4
1330,3191,48,4
1331,3598,30,5
1332,1159,62,4
1333,3291,98,4
1334,207,127,1
1335,4299,74,1
1336,1146,74,1
1337,3203,46,2
1338,7,29,4
1339,793,45,1
1340,2421,29,5
1342,3181,138,4
1346,4724,38,5
1347,1374,15,5
1348,528,68,2
1349,672,44,2
1350,1017,6,1
1351,4780,103,4
1352,3672,134,5
1353,2334,115,1
1354,1105,32,5
1356,4379,3,4
1357,2568,63,4
1358,772,119,3
1359,3676,107,5
1360,3363,144,1
1361,1731,149,1
1362,1366,30,1
1363,3490,90,2
1364,1818,50,1
1365,1984,135,5
1366,372,15,2
1367,2424,86,3
1368,1921,141,1
1370,2640,88,3
1371,4917,48,1
1372,2082,108,1
1373,1493,104,1
1374,3238,67,1
1375,4546,60,4
1376,432,3,4
1377,4271,87,5
1378,4810,79,5
1379,1111,9,5
1380,1441,118,2
1381,762,131,2
1383,992,58,1
1384,1477,44,3
1386,2013,61,3
1387,772,26,3
1388,1378,142,3
1390,4923,106,1
1391,4217,17,4
1393,1577,17,4
1394,2549,35,3
1395,458,46,1
1396,579,52,3
1397,1485,45,2
1398,3132,111,4
1399,1376,60,4
1400,2049,17,5
1401,1572,5,2
1402,2504,39,4
1403,1456,49,2
1404,2457,138,2
1405,3872,135,5
1406,306,93,2
1407,4605,35,3
1408,2204,6,3
1409,4583,134,3
1410,3929,3,4
1411,4957,109,2
1412,788,121,1
1413,1021,134,1
1414,4823,35,4
1415,2251,103,5
1416,3521,138,3
1417,3348,118,1
1418,3550,22,5
1420,3671,101,3
1422,164,99,3
1423,1481,54,3
1425,137,105,5
1426,1879,80,3
1428,2713,32,1
1429,2707,62,4
1430,1413,78,1
1431,2043,74,4
1432,425,51,3
1433,693,21,2
1434,4736,86,5
1435,13,129,2
1436,4012,135,4
1437,1772,107,2
1438,1767,73,5
1439,4168,97,2
1440,4401,39,3
1441,3455,13,2
1443,3388,100,4
1444,2566,131,5
1445,4960,127,4
1446,3067,74,3
1447,2739,91,4
1448,2079,8,2
1449,3816,122,3
1450,185,123,3
1451,4889,52,1
1452,3860,54,5
1453,265,12,3
1455,2380,88,3
1456,3463,88,2
1457,1067,111,1
1458,302,8,5
1459,575,63,5
1460,2963,20,5
1461,4847,81,1
1462,2608,115,3
1463,627,79,4
1464,4184,105,1
1465,3782,106,4
1466,1207,5,2
1469,4067,74,3
1470,3942,137,2
1472,265,79,2
1473,4840,65,5
1474,2140,78,1
1476,1851,124,3
1477,4402,105,4
1478,783,53,1
1481,4320,94,1
1482,4935,15,5
1483,623,142,3
1484,4251,29,3
1485,1457,53,1
1486,2549,147,1
1487,1607,17,4
1488,1042,45,2
1490,427,27,5
1491,3869,76,1
1492,3290,64,3
1493,443,83,2
1494,2518,116,1
1495,818,105,5
1496,2563,105,4
1497,2503,78,5
1498,1506,26,5
1499,4899,40,3
1500,844,27,4
1502,1312,35,1
1503,1159,129,2
1504,4090,103,4
1505,4657,38,2
1507,1888,91,2
1508,3735,52,1
1509,3796,69,5
1510,1056,49,1
1511,2865,86,1
1512,4193,6,2
1513,4228,98,5
1514,1491,108,3
1515,2159,103,5
1516,342,6,1
1517,4788,112,3
1518,769,85,3
1519,1103,144,5
1520,3628,98,5
1521,1947,100,1
1522,1049,36,1
1523,801,50,1
1524,3949,71,4
1525,653,4,1
1526,994,66,5
1527,2644,144,5
1528,602,32,5
1529,2963,113,2
1530,762,105,1
1531,2715,33,4
1532,4560,131,4
1533,4332,106,3
1534,1223,43,5
1535,1302,43,1
1536,908,40,2
1539,3271,142,3
1541,2928,21,3
1542,2702,41,5
1543,4403,71,1
1545,2648,31,5
1546,2107,69,3
1547,590,112,1
1548,3610,110,1
1549,409,53,5
1551,2682,40,3
1552,4296,139,2
1553,4917,98,1
1554,4260,112,1
1557,4318,125,3
1559,3220,112,3
1560,3301,36,1
1561,1690,77,1
1562,1255,90,2
1563,2986,44,3
1564,1782,6,4
1565,2622,23,4
1566,2129,95,5
1569,3070,40,3
1570,2514,43,1
1571,2258,46,2
1572,2756,122,4
1574,2672,68,2
1575,2507,111,4
1576,3364,45,1
1577,2177,14,2
1578,923,93,4
1579,418,29,3
1581,1970,68,4
1582,2887,120,3
1583,851,70,4
1584,3224,96,5
1585,1243,38,3
1586,145,150,3
1588,3349,40,5
1589,2151,31,4
1591,834,114,1
1592,4037,126,2
1593,1020,82,1
1594,1776,73,4
1595,3781,100,1
1596,256,11,4
1597,3140,70,4
1599,1279,94,2
1600,4796,103,3
1601,3510,62,3
1603,4411,22,2
1604,873,2,2
1606,1858,58,5
1607,513,69,1
1608,91,117,2
1609,3580,144,4
1610,4208,88,4
1611,3858,68,1
1612,4150,134,5
1613,1035,51,2
1614,1364,41,1
1615,4798,140,2
1616,2508,82,3
1617,2236,96,2
1618,2598,20,1
1619,4361,88,4
1620,1537,5,2
1621,4528,139,5
1622,3514,26,3
1623,658,35,1
1624,4279,63,1
1627,379,3,4
1628,4453,120,5
1629,3959,124,1
1630,1520,128,3
1631,4229,13,1
1632,4705,58,2
1633,2437,103,4
1634,895,22,3
1635,1890,6,3
1636,4663,145,4
1637,1880,87,1
1638,4884,14,1
1640,3206,3,2
1641,2721,18,4
1642,2793,103,2
1643,3469,7,5
1644,2264,37,5
1645,3016,129,2
1647,3933,65,2
1648,2828,42,3
1649,725,140,1
1650,3012,150,5
1651,1807,117,4
1652,3981,50,4
1653,467,78,3
1655,4549,54,4
1656,945,117,4
1658,4810,117,2
1659,3871,12,2
1660,3443,116,4
1661,2163,88,1
1662,2302,12,4
1663,1780,139,3
1664,2793,42,4
1665,4782,93,3
1666,3388,27,4
1667,4720,79,3
1668,2877,119,5
1671,3115,90,1
1672,3105,47,4
1673,4255,105,4
1674,3628,117,3
1675,1681,105,2
1676,4828,114,1
1678,1413,9,2
1679,1344,62,2
1680,4829,65,1
1681,226,97,3
1682,19,89,2
1683,4405,83,5
1684,1119,63,1
1685,3134,68,5
1686,4356,88,1
1687,4263,66,3
1688,1173,2,4
1689,2480,94,1
1690,3476,115,1
1691,345,34,2
1692,3937,24,3
1694,4636,124,5
1695,625,41,5
1696,3349,29,5
1697,2462,3,2
1699,3995,21,1
1700,1305,1,4
1702,1127,18,3
1703,1079,82,1
1704,2913,147,3
1706,2799,139,2
1707,4693,130,2
1708,4550,137,1
1709,721,86,5
1710,1103,20,5
1712,4633,124,1
1713,2871,34,5
1716,4797,42,1
1717,3048,32,2
1718,3635,43,4
1719,3765,29,3
1720,2450,120,5
1721,3158,21,5
1723,1931,112,4
1725,3789,43,4
1727,4248,12,5
1728,385,58,5
1729,2432,121,4
1730,251,146,5
1731,2903,123,3
1732,3322,36,3
1733,271,60,1
1734,2199,16,3
1735,1981,30,2
1737,105,17,2
1738,1825,85,3
1740,2647,107,4
1741,676,64,1
1742,1362,42,4
1743,1936,3,2
1745,2554,116,2
1746,2662,14,3
1747,2037,127,1
1748,3629,69,2
1750,1737,47,3
1751,3841,57,2
1752,4186,57,4
1754,832,40,4
1755,178,138,4
1756,1981,12,1
1757,1029,34,1
1759,4815,69,1
1760,1248,77,4
1761,645,41,3
1762,1079,131,1
1763,4235,24,3
1764,2862,58,3
1765,2081,18,4
1766,4074,81,1
1767,3214,60,5
1768,1077,105,4
1769,3363,20,5
1771,600,75,3
1773,3774,79,2
1774,3461,130,5
1775,362,73,4
1776,411,39,5
1778,3162,143,4
1779,3876,91,3
1781,3279,138,4
1782,4293,123,4
1783,15,142,3
1784,1583,91,1
1785,1830,8,2
1786,3280,134,5
1787,4667,66,3
1788,1675,21,4
1789,290,98,4
1791,2494,12,5
1792,3295,78,1
1794,2836,55,4
1795,3950,5,1
1796,4565,42,1
1798,472,96,3
1799,195,88,1
1800,299,141,5
1801,3289,61,4
1803,1801,16,5
1804,1831,79,2
1805,4029,72,5
1806,3382,70,4
1808,1285,40,3
1810,2351,98,4
1811,837,21,5
1812,357,27,2
1813,4153,4,4
1814,356,30,2
1815,3997,76,4
1816,276,98,4
1817,1152,83,3
1819,4459,49,2
1820,1923,77,2
1821,901,9,4
1822,4811,68,5
1823,4701,99,3
1824,758,146,1
1825,4753,33,4
1826,4910,78,4
1828,1623,133,5
1830,949,1,4
1831,2959,147,1
1832,3166,76,5
1833,1743,51,3
1834,3193,122,2
1835,3870,14,3
1836,1760,116,5
1838,3221,74,4
1840,3694,17,5
1842,4374,86,1
1843,1851,100,1
1844,3612,134,5
1845,4600,150,5
1847,873,14,4
1848,33,114,2
1849,2566,80,2
1850,303,27,1
1851,4701,109,1
1852,194,24,3
1853,2922,109,2
1854,4252,145,3
1855,1326,28,1
1856,1919,1,1
1857,4798,99,3
1858,3162,123,4
1859,3723,146,4
1860,1268,127,2
1861,1607,144,5
1862,2700,63,2
1863,3179,24,1
1864,1978,52,4
1865,3200,9,3
1867,971,32,3
1868,4813,49,3
1869,3221,54,5
1871,1891,61,2
1873,2967,15,5
1874,3191,2,1
1875,911,15,3
1876,3402,150,5
1877,2068,132,1
1878,10,143,2
1879,2482,97,5
1880,4594,123,2
1881,2161,136,4
1882,2008,106,3
1883,3433,36,1
1886,518,58,2
1887,2145,112,4
1888,2596,17,4
1889,123,38,5
1890,4683,46,2
1892,4936,150,5
1893,1356,81,5
1894,2108,134,2
1895,3517,139,1
1896,952,57,4
1897,4957,7,4
1899,3184,43,5
1901,2183,61,1
1902,3251,6,2
1903,2433,2,3
1904,4829,126,2
1906,2837,38,4
1907,700,123,4
1909,3794,27,3
1910,2390,42,1
1913,4577,120,2
1914,323,134,1
1915,3616,110,3
1916,1224,121,1
1917,185,36,3
1918,569,42,4
1919,1715,84,5
1921,2978,9,5
1922,4406,33,2
1924,2640,136,2
1926,1677,112,2
1927,4590,29,4
1928,3458,110,5
1930,527,100,4
1932,818,25,3
1933,3383,44,5
1934,786,2,1
1935,3342,107,2
1936,1331,96,2
1937,1091,142,3
1938,4492,117,3
1939,2221,79,4
1940,2785,51,1
1941,713,85,3
1942,3567,119,5
1943,1452,57,4
1946,4453,80,2
1947,1804,85,3
1948,2986,47,3
1949,3629,127,1
1950,1544,141,3
1951,3832,37,3
1954,1376,53,5
1955,3080,132,4
1956,577,130,5
1958,2019,147,4
1960,399,57,4
1961,4253,38,5
1962,4196,27,3
1964,34,128,5
1965,2435,81,3
1966,2538,12,5
1967,1396,35,3
1968,1903,116,5
1969,3204,67,5
1970,4223,133,5
1971,3786,147,3
1972,2575,58,4
1973,4524,123,2
1974,320,54,4
1975,802,120,4
1976,1584,7,1
1977,4380,150,2
1978,4105,4,2
1979,4816,34,3
1980,355,58,2
1981,3217,41,3
1982,2712,73,2
1983,440,33,4
1984,2393,85,5
1985,2925,89,1
1986,1219,106,3
1987,3426,68,3
1988,3852,29,1
1989,2043,24,2
1990,117,84,4
1991,1261,39,5
1992,217,76,5
1993,2035,66,3
1994,2787,14,4
1995,2727,128,5
1997,1571,16,4
1998,4257,63,4
2000,1506,145,3
2001,3281,10,4
2002,550,28,1
2003,1711,9,5
2004,1341,98,1
2005,1587,60,1
2006,1291,97,5
2007,21,58,1
2008,3424,15,2
2009,4186,119,3
2010,444,144,5
2011,3645,141,1
2012,1235,133,1
2014,3434,149,3
2015,108,107,1
2016,2174,66,3
2017,3777,141,3
2019,2606,118,1
2020,708,132,4
2021,1255,40,1
2022,1117,38,1
2023,3094,113,3
2024,4037,133,1
2025,3259,3,1
2026,3289,121,5
2027,526,150,1
2028,2151,93,3
2029,2213,103,1
2032,3280,27,1
2033,848,15,3
2034,1853,141,4
2035,3712,76,1
2036,552,147,1
2037,418,128,3
2041,4941,118,3
2042,4909,116,3
2043,1369,99,5
2045,926,55,1
2046,3002,49,5
2049,2624,23,4
2050,381,134,4
2051,646,9,2
2052,2765,44,1
2053,3639,85,5
2054,3578,67,2
2055,3616,28,1
2056,465,133,1
2057,2051,109,5
2058,2634,43,3
2059,3376,54,4
2061,1211,108,3
2063,1344,133,4
2064,4490,37,3
2065,2093,139,3
2066,2415,64,1
2067,4487,122,2
2068,3521,47,5
2069,2224,37,2
2070,3506,129,5
2071,4439,121,3
2072,2114,76,2
2073,947,35,5
2074,1746,1,5
2075,3717,17,5
2077,2284,136,3
2078,1986,90,1
2079,3356,103,2
2080,1967,16,4
2081,3432,65,3
2082,837,34,4
2083,2454,14,4
2084,1444,126,4
2085,1327,117,3
2086,514,27,1
2087,118,48,4
2088,390,107,3
2089,4184,103,3
2090,2429,8,5
2091,1442,20,5
2092,3124,11,3
2094,1281,137,4
2095,2690,63,2
2096,1373,139,4
2097,1373,41,2
2098,3127,76,4
2099,3937,35,5
2100,2769,37,4
2101,1993,130,4
2102,1856,113,1
2103,4399,57,3
2104,3017,88,2
2105,1058,116,1
2106,2709,136,5
2107,499,119,2
2108,2822,115,1
2109,1338,11,2
2110,2767,106,2
2111,3686,118,3
2112,3405,143,1
2113,4783,74,4
2114,3203,88,1
2115,2282,68,4
2116,1870,46,1
2117,1336,85,4
2118,3586,109,2
2119,2145,150,3
2120,3455,125,5
2121,1691,33,1
2122,2007,8,2
2123,4134,97,2
2124,3476,14,5
2125,621,5,3
2126,1694,51,4
2127,3686,131,1
2128,3121,111,3
2129,4763,76,4
2131,2656,62,4
2132,680,77,3
2133,4581,89,3
2134,3007,16,5
2135,4102,20,3
2136,550,48,3
2137,2424,16,1
2138,1111,99,3
2139,211,141,1
2140,2969,62,1
2142,3576,6,1
2143,726,10,2
2144,4684,146,1
2145,3920,65,2
2146,2662,3,5
2147,933,78,2
2148,4116,122,2
2149,3543,119,4
2150,4044,33,1
2151,1356,53,2
2152,2376,79,2
2153,4935,140,1
2154,3377,93,1
2155,883,10,1
2156,1575,144,2
2157,1242,111,4
2159,1784,145,1
2160,3926,83,1
2161,1688,6,2
2162,2159,111,4
2163,4254,101,4
2164,1258,118,1
2165,1712,7,4
2166,4128,24,1
2167,3601,8,5
2169,4865,104,4
2170,4953,36,2
2171,3779,127,3
2172,73,149,1
2173,398,51,2
2174,251,104,5
2175,2402,139,5
2176,1402,86,1
2177,4038,135,3
2178,1159,141,3
2179,923,30,4
2180,1760,133,2
2181,4446,53,4
2183,267,61,4
2184,2550,71,4
2185,2178,60,1
2186,3280,118,2
2187,3939,32,5
2189,1461,80,4
2190,596,98,3
2191,255,97,5
2192,3275,6,3
2193,2209,90,2
2194,4103,98,3
2195,1897,23,1
2196,2234,81,3
2197,2902,109,2
2198,707,106,2
2199,1228,134,5
2200,2188,26,4
2201,1702,136,3
2202,454,84,4
2203,4797,8,5
2204,3330,93,1
2205,3374,67,1
2206,4323,144,4
2208,4722,32,2
2209,2912,100,3
2210,693,122,3
2211,1069,44,1
2212,548,115,3
2213,2332,82,2
2214,963,55,2
2215,4214,24,1
2217,2768,20,2
2218,2217,145,3
2219,2363,63,3
2220,4439,55,5
2221,2943,126,5
2222,1705,36,3
2223,3739,121,1
2224,4591,17,4
2225,4275,72,1
2226,4726,107,3
2227,2112,21,5
2229,2474,126,5
2231,4584,127,1
2232,4592,38,2
2233,777,143,5
2234,1360,147,1
2235,3325,5,4
2237,3358,136,1
2239,4864,6,2
2241,3561,149,1
2242,288,132,5
2243,1267,112,3
2244,3354,46,3
2245,3890,69,4
2247,4900,129,5
2248,3905,1,1
2249,2735,39,4
2250,3254,58,2
2251,3187,66,3
2252,1825,9,4
2254,3545,38,3
2255,3921,33,5
2256,4709,7,3
2257,1720,105,2
2259,2908,41,5
2260,1146,57,2
2261,4750,10,2
2264,1611,138,5
2265,2302,22,4
2266,104,57,5
2267,3045,30,4
2268,3160,99,3
2269,1181,126,5
2270,3798,41,1
2271,1192,116,5
2272,4337,53,2
2273,4556,147,5
2274,4975,133,2
2275,3050,43,5
2276,4765,108,3
2277,245,3,4
2278,4293,10,4
2279,2439,121,3
2280,4727,110,5
2281,730,1,3
2282,1202,98,1
2283,4637,62,4
2284,4693,107,5
2286,2343,112,3
2287,3850,126,1
2289,1815,43,4
2290,3779,48,2
2291,4137,145,1
2294,1703,40,3
2295,3665,143,2
2296,4212,93,3
2297,3529,6,4
2298,3399,94,5
2299,2340,126,3
2300,4708,66,2
2301,1916,141,3
2302,4691,85,3
2303,720,114,3
2304,3626,136,5
2305,3646,68,5
2306,4163,55,4
2307,2650,62,5
2308,3195,43,2
2309,1903,136,3
2310,919,27,4
2313,4813,55,3
2314,3765,150,1
2315,1526,87,2
2316,3319,90,4
2317,575,12,3
2320,3,7,3
2322,2411,120,5
2323,3071,99,1
2324,4978,149,4
2327,3548,127,1
2328,2550,38,2
2330,686,57,2
2331,1596,91,2
2332,2173,14,2
2333,599,121,5
2334,3157,115,1
2336,1881,100,3
2337,3518,24,1
2338,394,17,1
2341,4162,149,2
2342,1235,73,3
2343,4547,130,1
2344,4774,28,4
2347,3318,27,5
2348,2074,105,5
2349,4093,66,5
2350,2238,84,5
2351,245,3,3
2352,4109,34,4
2353,3264,143,5
2354,2854,11,2
2355,2247,37,1
2356,2942,114,2
2357,1561,137,4
2358,4955,89,1
2359,2341,135,4
2360,2405,97,3
2361,118,100,4
2362,695,100,5
2363,65,79,2
2364,3277,106,1
2365,3028,128,3
2366,516,128,2
2368,2799,100,1
2369,4281,80,1
2372,976,96,1
2373,1884,39,2
2375,2115,58,3
2376,616,8,5
2377,3978,68,2
2378,3815,124,5
2379,2489,39,1
2380,4350,24,5
2381,4236,28,1
2382,4644,80,4
2383,3795,112,3
2384,3879,73,3
2385,3417,77,5
2386,4047,39,3
2387,1051,52,1
2388,4313,48,3
2389,2045,94,5
2391,3104,137,5
2392,2452,129,2
2393,3872,19,2
2394,3196,49,2
2395,781,9,3
2397,3176,74,5
2398,4895,79,4
2399,1678,123,1
2400,2969,63,5
2401,1349,120,1
2402,1688,78,3
2403,4066,139,5
2404,564,135,4
2405,440,34,5
2407,4023,150,2
2410,2558,135,4
2412,3299,91,1
2413,3681,36,5
2414,985,47,5
2415,4760,55,5
2416,4401,143,4
2418,2453,93,4
2419,301,103,4
2420,2238,60,2
2421,2168,88,3
2422,4608,134,4
2423,1262,47,4
2424,3832,23,1
2425,1848,65,5
2426,3366,149,3
2427,4526,96,3
2428,2022,51,2
2429,3360,101,4
2430,3275,134,4
2431,1718,144,2
2432,2529,66,1
2433,1803,143,5
2434,2440,126,2
2436,615,28,5
2437,2522,51,3
2439,21,135,1
2441,4939,23,4
2442,220,147,2
2443,1487,150,1
2444,1485,118,3
2445,1421,131,5
2446,1297,93,4
2447,2983,114,2
2448,4006,31,3
2449,786,120,2
2451,3329,138,5
2452,515,135,5
2453,2841,123,5
2454,1742,50,4
2455,4065,98,4
2456,4037,90,3
2457,4246,100,3
2458,2172,21,2
2459,3632,82,2
2460,2987,127,1
2461,2236,135,3
2462,2120,7,3
2463,267,124,3
2464,1769,137,4
2465,1529,31,5
2466,4300,71,1
2467,3757,71,1
2468,3165,66,3
2469,1157,133,5
2470,4764,52,4
2471,3499,101,1
2472,1119,51,5
2473,2167,38,5
2474,572,23,4
2475,3957,29,5
2476,3210,133,4
2477,3845,51,1
2478,2160,83,3
2479,3876,54,1
2480,2818,47,2
2481,238,136,4
2482,496,139,1
2483,4913,103,2
2484,1044,119,5
2485,4268,27,2
2486,2036,129,3
2487,4138,3,1
2488,3314,94,1
2489,2190,10,5
2490,4407,78,3
2492,3546,85,1
2493,2149,123,1
2494,1550,116,5
2495,3195,66,1
2496,4254,129,3
2497,342,147,5
2498,1638,9,3
2499,2804,14,3
2500,310,103,2
2501,4919,43,3
2502,3274,1,1
2503,4860,91,1
2504,3793,42,2
2506,2394,21,5
2507,320,99,2
2508,455,32,1
2509,459,89,3
2511,1676,135,2
2512,2700,84,1
2513,694,125,2
2514,1132,71,5
2515,807,48,3
2516,3431,135,1
2517,2773,63,5
2518,3468,85,3
2520,2308,30,3
2521,4182,66,3
2522,2724,106,3
2523,2887,54,3
2524,638,130,2
2525,3659,85,4
2527,963,132,3
2528,2035,121,1
2529,2335,94,3
2530,2544,107,3
2531,865,34,5
2532,3456,126,3
2533,1811,8,4
2534,2159,6,1
2535,1254,124,2
2536,2319,29,2
2537,4067,13,3
2538,2756,75,5
2539,2979,48,4
2540,1759,124,4
2542,4756,129,1
2543,651,95,4
2544,1300,149,2
2545,4555,12,5
2546,1988,108,5
2547,4241,140,1
2548,274,142,1
2549,3027,45,4
2550,271,49,2
2551,4675,128,2
2552,1935,115,1
2553,1731,73,4
2554,3377,111,3
2555,1107,140,5
2556,1521,104,4
2557,3384,8,5
2558,1364,112,4
2559,2681,141,3
2560,4641,100,1
2562,2744,84,4
2564,4779,143,4
2565,4827,108,5
2566,998,138,2
2567,1196,35,5
2568,1522,58,2
2569,4572,14,1
2570,3389,78,5
2571,4062,14,3
2572,3155,84,4
2573,3047,118,5
2574,444,87,2
2575,3924,67,5
2576,3394,43,3
2577,2092,91,3
2578,1455,75,5
2579,2049,26,2
2581,178,105,1
2583,2156,48,5
2584,3898,106,2
2586,4489,103,5
2587,635,126,3
2588,4941,69,3
2589,3330,6,2
2590,1477,110,1
2591,1766,129,1
2592,52,123,3
2593,329,3,2
2594,1147,141,3
2595,1648,29,4
2596,1270,63,2
2597,2040,46,4
2598,355,52,4
2599,2784,108,3
2600,2718,108,2
2601,1983,122,2
2602,2573,2,3
2603,3577,11,1
2604,623,46,5
2605,3139,52,2
2607,3036,73,3
2608,3430,15,5
2609,1191,136,2
2610,3244,106,3
2611,2711,147,1
2612,531,79,1
2613,808,57,4
2615,3949,95,2
2618,2209,29,3
2619,1390,58,5
2620,759,139,5
2621,3102,96,5
2622,1940,145,1
2623,2844,22,5
2624,1550,19,2
2625,3079,128,5
2626,2112,12,3
2627,2908,86,3
2628,4076,98,1
2629,3211,4,3
2630,1494,149,2
2631,1055,99,1
2632,3573,6,1
2633,1805,1,1
2635,1609,128,2
2636,2824,135,4
2637,408,119,4
2638,824,86,5
2639,2507,126,3
2640,2966,145,5
2641,1224,31,3
2642,4661,118,5
2643,4996,12,3
2644,3826,135,4
2645,4435,34,4
2646,2148,73,5
2647,2729,79,2
2648,4952,121,2
2649,296,52,4
2650,3489,32,4
2651,730,150,2
2652,308,20,5
2653,1776,101,5
2654,3912,61,3
2655,1407,71,4
2656,4131,48,4
2657,4828,95,2
2658,1354,36,1
2659,3770,86,1
2660,4651,113,1
2661,3952,127,5
2662,2463,33,2
2663,2616,64,1
2664,2707,9,2
2665,3764,70,2
2666,3057,91,2
2671,1196,122,2
2672,4789,1,5
2673,4137,107,5
2674,1755,63,3
2675,2513,20,3
2676,308,77,4
2677,758,106,2
2678,2474,86,3
2680,3190,44,2
2681,33,22,2
2682,1877,99,5
2683,2124,13,1
2684,2047,135,1
2686,611,22,1
2687,1356,28,4
2689,2751,50,2
2690,2947,4,3
2691,4893,18,4
2692,2618,113,1
2693,3879,145,3
2694,2491,44,5
2695,841,41,5
2699,989,8,3
2700,1247,130,3
2701,4123,134,3
2702,4455,139,2
2703,4915,99,3
2704,834,80,5
2705,2568,39,5
2706,780,16,2
2707,2944,137,2
2708,4450,4,2
2709,2063,101,1
2711,4399,11,4
2712,2548,51,5
2713,4043,110,4
2714,4417,128,2
2715,3677,46,1
2716,1792,95,1
2717,4902,127,2
2718,3785,36,2
2719,2371,112,5
2720,1699,125,4
2721,1917,82,2
2722,848,44,5
2723,3124,43,4
2724,3494,123,1
2725,1903,117,2
2726,4933,61,1
2727,4740,21,3
2730,4734,103,3
2731,4134,107,1
2732,95,149,5
2734,3038,87,2
2735,2683,90,5
2736,2904,26,4
2738,2913,3,3
2739,2063,61,2
2740,2137,125,4
2741,324,51,2
2742,4465,133,1
2743,4312,146,3
2744,2517,82,1
2745,1321,82,4
2747,1687,27,5
2748,1327,14,3
2749,4764,7,5
2750,154,107,3
2751,307,34,2
2752,2072,23,2
2753,3463,141,4
2754,1570,17,5
2755,89,33,3
2756,2551,66,2
2757,1063,106,1
2758,2411,1,3
2759,1000,94,4
2760,1091,121,2
2762,698,20,5
2763,4582,142,5
2764,3719,122,3
2765,1784,119,2
2766,4969,137,2
2767,1317,130,1
2768,958,82,5
2769,4177,22,4
2770,1830,138,1
2771,4742,80,1
2772,877,125,5
2773,1579,28,5
2774,1954,36,3
2775,4923,61,4
2776,4617,8,2
2778,612,51,3
2779,2838,90,2
2780,2188,10,5
2781,3385,129,5
2782,4816,43,2
2783,868,9,4
2784,75,6,5
2785,558,45,1
2786,3007,138,3
2787,189,80,4
2788,4275,70,4
2789,2395,128,3
2790,3395,30,1
2791,3820,60,3
2792,386,76,1
2793,1103,97,5
2794,3956,66,1
2796,3624,129,5
2797,3310,42,1
2798,4321,50,5
2799,2363,64,3
2800,3105,25,1
2801,3009,122,2
2802,3771,40,4
2803,3843,85,2
2804,1269,19,3
2805,545,7,1
2806,4005,103,2
2807,271,33,3
2808,3473,113,2
2809,2995,144,2
2810,3477,105,3
2811,4677,80,2
2813,2595,40,2
2814,3021,28,5
2815,2548,47,2
2817,1690,86,2
2818,248,127,4
2819,4166,116,3
2821,3953,71,3
2822,2010,110,1
2823,72,137,2
2824,4476,118,3
2826,2378,98,1
2827,182,66,2
2828,2075,91,5
2829,759,16,5
2830,1824,65,4
2831,3254,93,1
2832,2431,101,2
2833,482,60,5
2834,4895,136,3
2836,4091,68,3
2837,2510,91,3
2838,4154,45,2
2839,4039,74,2
2840,873,34,3
2842,839,70,3
2843,2279,100,3
2844,1339,60,1
2846,3907,75,3
2847,1391,135,2
2848,3441,70,5
2850,1092,134,5
2851,4739,89,1
2852,12,43,2
2853,2060,134,5
2854,3135,88,4
2855,2921,29,3
2856,4591,50,4
2857,4656,14,2
2859,1580,71,3
2860,424,41,4
2861,3057,7,4
2863,3913,41,1
2864,2288,63,3
2865,310,54,3
2866,4228,90,3
2870,386,140,3
2871,3970,139,1
2872,4711,78,3
2873,3586,64,5
2874,3223,46,3
2875,1023,35,2
2876,2216,83,3
2877,1198,99,2
2878,4955,147,1
2879,3094,9,5
2880,3437,93,4
2881,618,23,4
2882,1239,75,5
2883,1935,116,3
2884,3873,41,2
2885,898,69,5
2886,1207,67,4
2887,2216,75,5
2888,2823,131,3
2889,4751,111,5
2890,412,57,2
2891,1707,128,3
2893,4527,118,5
2894,4809,60,3
2895,3182,2,1
2896,2734,138,5
2897,1684,69,2
2898,3324,49,5
2899,4392,114,4
2900,227,12,1
2901,3092,72,2
2902,258,72,1
2903,4000,73,5
2904,3126,118,1
2905,3916,78,3
2906,3070,112,5
2907,4418,79,2
2908,2962,17,5
2909,3852,54,5
2910,1320,57,5
2911,4294,41,5
2912,118,32,2
2913,56,70,3
2914,2877,124,3
2915,3807,98,3
2916,4490,60,1
2917,2541,103,4
2918,3273,122,4
2920,4098,88,2
2921,2547,83,1
2922,509,138,5
2923,4574,37,3
2924,1162,111,5
2925,333,44,5
2926,1902,111,3
2927,3113,36,4
2928,307,23,1
2929,4457,146,2
2930,163,28,5
2931,176,65,3
2932,4081,35,3
2933,3217,20,4
2934,2073,134,1
2935,4685,52,4
2936,730,85,4
2937,3540,64,2
2939,2051,137,3
2940,3171,32,5
2941,3541,109,3
2942,3449,44,4
2943,4397,111,3
2944,3976,118,4
2945,4967,13,1
2946,4051,15,5
2947,1043,49,4
2948,1054,94,5
2949,2245,98,3
2950,2218,47,1
2951,3482,61,3
2952,1276,34,3
2954,4877,73,3
2955,503,73,2
2956,2839,72,5
2957,2022,132,5
2958,4629,120,3
2960,3967,143,3
2961,1979,34,4
2962,1808,91,4
2964,2540,28,1
2965,3192,28,2
2966,4728,33,2
2967,418,18,1
2968,2087,57,5
2969,1292,139,3
2970,2360,122,5
2971,1079,12,1
2972,899,114,2
2973,2971,23,2
2974,734,48,1
2976,2262,49,2
2977,2377,42,5
2979,3797,43,4
2980,4098,41,1
2981,4156,115,3
2983,117,12,4
2984,1152,109,4
2985,2710,95,1
2986,4529,119,2
2987,3451,57,3
2988,2898,106,5
2989,533,106,3
2990,2561,81,1
2991,4217,128,4
2993,1874,115,2
2994,3238,133,2
2995,4620,33,3
2996,3932,95,2
2998,1180,79,2
2999,3866,20,4
3001,1218,49,2
3002,3026,79,2
3003,210,111,5
3004,1624,140,2
3005,2409,104,5
3006,3591,80,4
3007,3091,144,1
3008,4630,54,5
3009,2917,5,3
3010,2738,110,4
3011,3089,38,2
3012,1302,78,4
3013,4963,122,3
3014,1577,62,3
3015,3527,27,1
3016,2444,99,1
3017,4205,129,4
3018,4260,121,5
3019,2227,66,2
3020,2951,110,3
3021,711,77,5
3022,1867,61,5
3023,227,149,3
3024,4798,35,2
3025,4046,64,5
3026,20,41,1
3027,1762,94,1
3028,1970,94,1
3031,1504,141,4
3033,2007,117,3
3035,649,97,2
3036,1427,80,3
3037,4181,124,1
3038,4038,30,1
3039,4526,35,5
3040,272,14,2
3042,1465,43,1
3043,4918,55,1
3044,1138,90,4
3045,2957,11,1
3046,809,145,3
3047,1763,99,1
3049,3837,138,2
3050,58,25,5
3051,2102,111,1
3052,335,77,3
3053,190,4,2
3054,4276,20,3
3055,2641,1,5
3056,4488,126,2
3057,4131,116,1
3059,2410,87,2
3060,64,42,4
3061,3627,36,5
3063,518,66,2
3064,4376,11,2
3065,3287,17,3
3066,3889,23,4
3067,2881,113,5
3068,1600,23,3
3069,3669,7,3
3070,658,139,5
3071,512,26,3
3072,2747,128,4
3073,3409,150,2
3074,3270,25,5
3075,775,79,4
3076,3824,11,2
3078,1329,35,2
3079,486,91,2
3080,4294,122,3
3081,4087,118,5
3082,1558,87,1
3083,2089,63,4
3084,1602,136,4
3085,2343,117,5
3088,1275,86,2
3089,2554,100,1
3090,3368,63,1
3092,2813,107,2
3093,4327,47,2
3095,2511,75,1
3097,2367,21,5
3098,1472,77,5
3099,3008,29,4
3100,4024,45,4
3101,4806,129,2
3102,1674,136,3
3103,4669,93,1
3104,2590,67,1
3105,1805,123,2
3106,1922,120,5
3108,2057,77,2
3109,4384,99,3
3111,3447,100,1
3113,1205,17,4
3114,303,3,3
3115,2868,27,2
3118,4433,131,2
3119,1415,101,3
3120,4490,96,4
3121,3119,116,3
3122,506,74,3
3124,4369,18,3
3125,1390,83,5
3128,4709,137,2
3130,2234,138,1
3131,1884,61,4
3132,1093,142,5
3133,3139,4,4
3135,1405,23,2
3136,1121,74,5
3137,1071,89,1
3138,4969,83,2
3139,2265,121,5
3140,3664,107,3
3141,2644,58,3
3142,2889,40,2
3143,2712,142,4
3144,4855,14,4
3145,1392,123,2
3147,3256,150,5
3148,1165,58,3
3150,673,73,5
3151,3849,57,5
3152,1653,124,2
3153,2330,80,4
3154,179,131,1
3155,2016,105,5
3156,4306,115,2
3157,2862,49,5
3158,839,17,4
3159,2009,60,3
3160,712,78,4
3161,1481,51,4
3163,1969,125,4
3164,3750,117,4
3166,477,130,3
3167,2049,29,1
3168,1674,96,1
3169,1109,64,1
3170,573,134,1
3172,3605,28,1
3173,2433,130,2
3174,3442,144,3
3176,2310,146,4
3177,2826,9,3
3178,1690,29,5
3179,2167,144,1
3180,4829,77,3
3181,3147,86,1
3182,4784,101,3
3185,4312,138,3
3186,77,129,4
3187,2840,32,3
3189,2816,33,1
3190,2537,119,1
3191,4058,109,2
3193,720,69,3
3194,3997,46,2
3195,4601,126,5
3196,740,14,4
3198,2989,107,4
3199,4770,12,4
3200,1958,105,3
3201,3036,106,1
3202,4809,49,3
3203,612,96,4
3204,1054,38,4
3205,3695,80,4
3206,4534,124,5
3207,3346,22,2
3208,1328,14,2
3209,1501,89,1
3210,1091,31,3
3211,82,100,1
3212,742,129,2
3213,140,93,2
3214,37,39,1
3215,2854,53,3
3218,1306,5,2
3219,4291,114,4
3222,3517,150,4
3223,550,52,1
3224,770,42,1
3225,4939,54,4
3226,1873,78,5
3227,2018,84,3
3228,1577,126,2
3229,4926,8,4
3230,2827,51,1
3231,1273,88,4
3233,2045,104,5
3235,2393,19,2
3236,4911,61,2
3237,605,71,4
3238,2198,63,1
3239,2884,89,2
3240,3169,146,3
3241,4617,7,2
3242,4604,149,2
3243,2098,82,4
3244,630,61,5
3246,4773,95,4
3247,4224,54,3
3248,4843,99,1
3249,2333,118,4
3250,2681,105,5
3251,341,113,2
3252,1831,55,5
3254,3512,114,1
3257,2671,74,2
3258,4007,82,4
3259,1999,65,1
3260,2800,109,5
3261,1975,13,5
3262,3513,15,3
3263,775,46,4
3264,2230,131,1
3265,4225,4,3
3266,2585,120,1
3267,577,15,1
3268,4253,82,4
3269,1899,128,4
3270,1901,9,3
3271,880,82,4
3272,4290,28,1
3273,1031,139,2
3274,556,150,2
3276,2316,47,4
3278,4443,108,4
3279,298,100,5
3281,1741,121,5
3282,2378,50,1
3283,3338,146,5
3284,3668,47,4
3285,1367,121,3
3286,4514,57,1
3287,3850,15,4
3288,3706,35,5
3290,3637,113,3
3291,1522,4,1
3292,4005,29,2
3293,4892,45,3
3294,3813,104,4
3295,2120,25,3
3296,3708,46,3
3297,2435,133,3
3298,3435,147,1
3299,2993,27,3
3300,3903,60,3
3301,3768,108,1
3303,1717,150,4
3304,496,125,4
3305,2452,89,2
3306,4428,63,3
3307,2630,87,3
3308,4346,35,5
3309,1660,69,2
3310,3093,135,4
3311,4189,97,4
3312,2056,47,2
3313,202,143,3
3314,3637,48,1
3315,1551,40,5
3316,740,45,2
3317,8,101,2
3318,2054,25,3
3319,3016,139,3
3320,4341,62,1
3321,1903,58,2
3323,3660,140,3
3324,3495,129,4
3325,757,94,4
3326,4423,138,3
3327,1723,99,5
3328,4410,6,3
3329,1451,75,2
3331,845,101,2
3332,117,54,4
3333,403,73,4
3334,662,111,2
3335,1824,9,1
3337,1178,93,3
3338,22,85,4
3339,4710,27,5
3340,3498,98,4
3341,493,100,3
3342,145,114,3
3343,868,98,2
3344,2273,7,4
3345,2359,121,2
3347,2244,55,5
3348,2180,4,1
3349,126,44,3
3350,1998,7,1
3351,3554,65,2
3352,1632,128,3
3353,2596,17,5
3354,2398,149,1
3355,1474,141,2
3356,4805,91,4
3358,373,15,2
3360,444,44,2
3361,4919,39,2
3362,4144,76,2
3363,3220,54,5
3365,2087,74,2
3366,4840,132,1
3367,469,70,5
3368,867,8,1
3370,2074,121,2
3371,588,125,1
3372,2099,136,5
3374,2279,104,1
3375,1796,15,4
3378,4798,2,5
3379,2991,5,5
3380,2692,113,4
3381,2373,14,1
3382,3280,18,2
3383,4535,87,4
3384,1284,132,5
3386,3254,138,2
3387,4579,61,1
3388,2081,126,3
3389,2696,126,4
3390,303,11,4
3391,556,94,4
3392,2756,116,4
3393,257,65,4
3394,3289,149,1
3395,166,29,4
3396,2571,72,1
3397,1324,129,5
3398,3719,109,5
3399,3172,119,4
3400,575,68,3
3401,4555,108,1
3402,3155,123,5
3403,4533,31,4
3404,4375,43,5
3405,3313,136,3
3406,4590,95,2
3407,2279,107,5
3408,4633,127,1
3410,485,70,4
3411,370,32,4
3412,331,125,4
3413,1322,144,3
3414,2503,53,3
3415,3977,39,3
3416,4888,50,4
3417,2636,115,3
3418,3781,63,4
3419,491,83,5
3420,1171,15,4
3422,1839,66,2
3423,483,31,1
3424,3251,120,4
3425,5,40,5
3428,2410,141,4
3429,3336,35,2
3430,3592,90,1
3431,1902,82,4
3432,3953,108,3
3433,3829,132,1
3434,3571,101,1
3435,2875,48,1
3436,242,121,2
3437,455,111,4
3438,2646,2,2
3439,934,106,3
3440,1833,129,1
3441,99,18,5
3442,2728,48,4
3443,3634,144,3
3444,3050,29,1
3446,296,137,3
3447,1038,88,5
3448,4475,45,3
3449,4889,103,4
3450,3137,86,1
3451,3954,115,3
3452,4793,134,3
3453,1415,51,3
3454,2739,6,5
3455,3467,29,3
3456,731,97,2
3457,3536,64,2
3458,2144,116,5
3459,20,136,2
3460,3627,143,1
3461,4552,65,3
3462,979,103,4
3463,4928,4,1
3464,4439,4,5
3465,990,50,1
3466,274,29,1
3467,1814,133,4
3468,4845,48,2
3469,797,107,4
3470,1124,20,3
3471,3671,67,1
3472,2841,49,2
3473,2192,144,3
3474,2630,45,5
3475,2005,67,3
3476,2900,31,4
3477,4197,55,5
3478,470,129,4
3479,823,91,4
3480,4617,49,2
3481,1853,38,5
3482,3159,48,2
3483,4658,93,3
3484,972,4,5
3485,2011,10,3
3486,2288,122,3
3488,1607,107,4
3489,1338,107,1
3490,3851,66,2
3491,4976,89,4
3492,269,35,1
3493,3723,7,5
3494,146,99,5
3495,3726,94,3
3496,2310,19,2
3497,1953,32,4
3498,3498,147,4
3499,3985,66,2
3500,800,16,5
3501,2051,120,2
3502,696,115,4
3503,2833,49,3
3504,2659,58,2
3505,1050,127,2
3506,2067,87,1
3507,4270,89,1
3508,2310,111,2
3509,1554,150,5
3510,4142,46,1
3511,2338,144,5
3512,2549,122,4
3513,2003,46,2
3514,448,82,1
3515,3885,75,4
3516,4304,18,5
3517,3560,107,1
3518,4704,75,3
3519,4799,17,5
3520,3590,86,1
3521,2301,127,4
3522,1612,150,3
3523,4610,127,5
3524,3922,40,2
3525,4507,32,1
3526,2094,105,5
3527,1493,83,5
3528,2076,11,4
3530,3963,70,2
3531,2401,101,2
3532,4230,12,3
3533,1019,40,1
3534,1779,66,2
3535,3540,115,4
3536,2054,34,3
3537,3950,53,1
3538,4836,24,4
3539,615,47,1
3541,3231,106,4
3542,2237,24,2
3543,1887,109,2
3544,414,90,4
3545,4693,37,3
3546,3111,82,4
3547,767,128,2
3548,2438,99,4
3549,590,97,5
3551,4695,113,3
3552,4753,10,1
3553,2760,103,1
3554,3227,38,1
3555,441,20,1
3556,3788,15,5
3557,1676,94,2
3558,3903,64,3
3559,3955,42,5
3560,4458,118,1
3561,2443,150,1
3562,1493,99,5
3565,1055,147,3
3566,1283,112,5
3567,2947,22,5
3568,4312,96,5
3569,3389,122,3
3570,4916,57,3
3571,4480,126,4
3572,1240,141,2
3574,4319,27,2
3575,4904,77,2
3576,2538,128,3
3577,2630,39,2
3578,81,32,3
3579,404,13,4
3580,2544,90,3
3581,99,3,5
3582,4556,108,4
3583,2130,112,2
3584,4490,97,4
3585,2423,85,2
3586,3639,147,2
3587,3929,38,4
3588,1395,20,2
3589,2378,128,3
3591,1070,7,5
3592,4876,91,4
3593,3357,147,3
3594,4969,113,4
3595,1900,94,4
3596,4319,116,5
3597,2838,93,2
3598,4385,68,5
3599,529,63,3
3600,3924,123,2
3601,1293,57,5
3602,3025,19,5
3603,4492,133,3
3604,4407,57,2
3605,332,8,3
3606,2619,30,4
3607,2985,83,1
3608,2272,48,2
3609,3845,35,2
3610,454,105,2
3611,1596,95,4
3612,4795,6,2
3613,984,1,5
3614,2665,130,5
3615,3901,120,4
3616,4817,117,5
3617,3583,106,4
3618,4085,84,1
3619,453,75,3
3620,3635,103,5
3622,1491,38,2
3623,1298,99,3
3624,643,109,1
3625,2618,142,4
3626,2587,142,1
3627,4103,127,3
3628,4511,94,4
3629,3910,134,5
3630,273,7,2
3631,3349,115,2
3632,2602,63,1
3633,1501,134,2
3635,692,27,1
3636,3491,145,5
3637,1768,144,5
3638,3483,133,4
3639,1630,109,4
3640,3270,96,3
3641,3678,84,1
3642,3621,34,1
3643,1466,137,5
3644,212,82,5
3645,1731,129,3
3647,2346,16,3
3648,958,4,1
3649,939,94,4
3651,340,80,3
3652,4537,34,1
3653,4676,10,4
3654,2522,86,3
3655,4147,58,4
3656,1783,125,2
3657,2665,25,5
3658,1931,76,2
3659,3334,64,1
3661,4507,140,4
3662,1358,27,5
3663,3585,149,4
3664,4079,129,4
3665,4369,27,1
3666,4470,28,5
3667,448,65,4
3668,1258,60,3
3669,885,104,4
3670,1326,150,4
3671,4788,126,1
3672,4621,116,2
3673,734,127,4
3674,2276,22,3
3675,3420,68,1
3676,3524,89,5
3677,1176,107,3
3678,3024,147,1
3679,3793,66,4
3680,1107,49,2
3681,4868,84,3
3682,3894,1,4
3684,1396,32,2
3685,2667,99,2
3686,3525,23,3
3687,2950,3,3
3688,1086,93,4
3689,3013,139,1
3690,2244,135,1
3691,3857,101,3
3692,1511,55,1
3693,2034,121,2
3694,3355,115,4
3695,3559,86,5
3696,4757,75,5
3697,3751,150,5
3698,4974,19,4
3699,4055,104,3
3700,4945,2,3
3701,3463,129,2
3702,620,53,4
3703,122,78,2
3704,4375,52,3
3705,786,27,3
3706,93,109,1
3708,2994,19,3
3709,1975,140,3
3710,2131,82,1
3711,3094,4,2
3712,3114,75,2
3713,1431,80,4
3714,4958,87,5
3715,1200,110,1
3716,2005,107,1
3717,272,123,5
3718,145,135,5
3719,3913,48,4
3721,762,143,2
3722,344,58,2
3724,83,40,1
3725,3205,11,2
3726,2331,132,4
3728,4366,85,2
3730,2687,29,2
3731,2423,95,1
3732,3292,93,4
3733,471,147,3
3734,1776,134,3
3735,2995,72,3
3737,257,14,1
3738,1187,20,3
3740,4757,5,1
3741,254,52,2
3742,59,112,2
3743,3140,146,4
3744,1069,103,2
3745,3106,14,2
3746,64,22,1
3747,4769,120,3
3748,903,147,5
3750,1907,41,2
3751,3024,111,2
3752,1965,8,2
3753,4320,97,1
3754,3394,109,3
3755,1584,115,3
3756,2466,95,4
3757,1239,127,5
3758,4041,90,1
3759,3806,134,5
3760,945,142,1
3761,868,30,3
3762,2156,75,5
3763,2985,107,1
3764,1671,121,3
3765,5,103,3
3766,2601,139,1
3767,61,24,4
3768,732,100,1
3769,1030,137,1
3770,4280,23,1
3771,2605,98,4
3773,1064,15,4
3774,1217,20,3
3775,1414,18,3
3776,3876,75,4
3778,2408,19,4
3779,2144,58,5
3780,802,87,2
3781,3462,38,4
3782,2107,60,4
3784,2360,55,1
3785,2381,62,1
3786,4451,12,5
3787,2632,97,5
3788,4317,4,3
3789,2280,126,4
3790,2192,96,5
3791,3540,123,4
3792,2952,93,1
3793,3963,82,1
3794,1756,22,1
3795,3260,115,1
3796,2937,6,3
3797,2869,147,1
3798,3662,100,1
3799,1684,45,4
3800,778,89,1
3801,3124,125,5
3802,4365,14,2
3803,1006,31,5
3804,1144,39,2
3805,667,100,2
3806,1755,89,4
3807,1433,30,3
3808,2288,128,4
3809,1652,126,4
3810,1474,26,3
3811,98,48,5
3812,3942,95,4
3813,2356,13,3
3815,4708,141,5
3816,4972,76,2
3817,3772,117,5
3818,816,19,2
3819,2627,19,2
3820,241,49,1
3822,2363,27,2
3823,1034,44,5
3824,2043,83,4
3825,4715,150,1
3826,98,91,4
3827,1681,44,1
3829,4883,18,5
3830,3680,78,5
3831,2019,51,3
3832,3586,60,1
3833,1712,65,4
3834,3001,8,4
3836,1675,142,1
3837,225,46,2
3838,2638,35,5
3839,3943,142,3
3840,2901,18,4
3841,822,61,1
3842,133,107,4
3843,3290,60,5
3844,566,24,5
3845,1805,63,1
3848,799,149,1
3850,791,70,3
3851,3536,123,3
3852,2632,109,2
3853,4964,57,4
3854,981,116,1
3855,3906,6,3
3857,2155,112,4
3858,4413,115,2
3859,2578,93,3
3862,291,7,3
3863,643,9,5
3866,2407,75,3
3867,2064,99,2
3870,2591,16,2
3873,963,85,3
3874,2771,113,1
3875,2104,111,4
3876,3967,100,1
3877,1874,41,1
3878,3294,42,4
3880,2994,130,2
3881,2526,139,5
3882,552,62,2
3883,2286,41,4
3884,2660,24,3
3886,4706,99,5
3887,3320,149,3
3888,4122,5,4
3889,3920,123,3
3890,3851,116,3
3891,1213,145,5
3892,3469,138,3
3893,3750,103,5
3894,988,94,3
3895,4726,54,4
3896,4066,4,3
3897,3666,30,3
3898,3573,55,5
3899,3406,78,4
3900,3943,29,3
3902,150,93,3
3903,2312,138,3
3905,4503,87,4
3908,3681,121,2
3909,4685,130,4
3910,4550,70,2
3911,3493,6,4
3913,2509,45,5
3914,2339,93,4
3915,3262,111,4
3916,3826,66,4
3917,2359,17,4
3918,3509,6,4
3919,2811,89,4
3920,2857,122,4
3921,1163,123,1
3923,1709,123,2
3924,3541,45,3
3925,801,24,5
3926,966,45,3
3927,2154,18,5
3928,3786,25,3
3929,786,38,2
3930,4612,16,5
3931,3541,149,2
3932,2377,143,4
3933,2352,136,4
3934,3927,141,3
3937,2931,85,2
3938,4968,79,5
3939,3817,143,4
3940,1971,135,3
3941,650,135,4
3942,3995,128,4
3944,3121,73,3
3945,609,13,3
3946,635,3,1
3947,1104,72,2
3948,1475,113,1
3950,3032,17,1
3951,2649,95,2
3952,751,123,1
3953,538,119,2
3955,850,114,2
3956,4879,12,1
3957,2371,106,5
3959,1,54,3
3960,4863,104,3
3961,2219,139,3
3963,267,87,3
3964,574,147,5
3965,3330,39,5
3966,2245,127,5
3967,408,66,3
3968,2596,3,2
3969,3283,15,3
3970,4098,29,4
3972,949,143,1
3973,3024,6,5
3974,2706,126,2
3975,4493,84,3
3976,2374,77,3
3977,2135,104,1
3978,497,12,1
3979,4193,46,3
3980,3640,37,4
3981,4137,39,1
3982,3131,21,1
3983,4382,68,3
3984,1263,58,4
3985,859,81,4
3986,2642,127,1
3987,3746,29,5
3988,45,122,2
3989,3013,112,4
3990,3951,111,2
3991,4949,46,2
3993,908,116,3
3994,4381,109,4
3995,2297,14,5
3996,369,150,3
3997,3204,137,5
3998,1445,43,4
3999,499,107,1
4001,3305,44,4
4002,3750,96,5
4003,866,101,4
4006,446,93,4
4007,1541,16,2
4008,2261,141,1
4010,4579,25,5
4011,2356,15,1
4012,2643,132,2
4013,4617,7,3
4016,2007,2,4
4017,418,81,2
4019,3486,30,1
4020,392,13,1
4021,4469,84,3
4022,1719,131,5
4023,3971,98,2
4025,1148,93,3
4026,960,41,1
4028,2961,31,3
4029,201,24,1
4030,27,11,3
4031,3505,55,2
4032,1192,98,5
4033,1853,52,2
4034,1460,13,1
4035,1628,12,2
4036,1009,53,3
4037,1122,138,1
4038,3525,74,4
4039,3503,50,3
4040,2582,72,4
4042,3126,28,5
4044,65,54,2
4045,4303,62,5
4048,2484,128,4
4049,1313,123,5
4050,3495,129,2
4051,3978,15,5
4052,1207,12,1
4053,4758,76,1
4054,3824,135,4
4055,27,106,4
4056,1425,18,5
4058,4290,41,1
4059,1339,140,4
4060,191,20,5
4062,1011,16,3
4063,36,89,3
4064,4348,142,3
4065,4375,66,3
4066,3751,35,2
4067,576,130,4
4068,3400,82,5
4069,3904,78,1
4071,2740,62,2
4072,4309,6,1
4073,2622,26,4
4074,638,43,1
4075,2771,36,5
4076,2065,29,5
4077,1852,10,5
4078,3562,136,1
4079,3609,103,1
4080,2721,76,4
4081,4915,125,3
4082,2810,81,3
4083,2737,109,2
4084,4691,119,4
4085,2223,7,3
4086,4234,60,5
4087,1939,52,5
4088,1130,65,5
4089,1530,111,1
4090,3289,69,1
4091,2558,21,5
4093,633,110,3
4094,298,112,5
4096,2914,83,3
4097,2037,25,5
4098,3278,126,2
4099,35,81,2
4100,4505,118,2
4101,1625,106,3
4102,3276,28,4
4103,4360,104,1
4105,184,46,4
4108,2331,126,3
4110,4501,128,5
4112,572,83,5
4113,1350,13,1
4114,2243,6,2
4116,2354,38,3
4117,3741,128,3
4118,441,121,2
4119,3223,124,5
4120,2424,3,1
4121,4887,144,2
4122,1353,64,3
4123,1055,109,3
4124,3849,13,2
4125,4851,88,4
4126,4653,136,2
4127,2874,90,2
4128,1827,68,4
4129,4212,107,2
4130,1961,75,4
4131,2208,6,2
4132,1012,42,1
4133,1495,39,5
4134,2098,127,5
4135,3805,117,1
4136,232,95,1
4138,2092,52,3
4139,28,127,1
4140,4023,132,2
4141,4237,85,2
4142,3561,50,1
4143,2463,69,5
4144,1840,93,5
4145,1357,38,1
4147,3657,140,4
4148,2959,58,2
4150,4056,99,5
4151,777,98,1
4152,168,12,5
4153,4613,134,4
4154,41,33,2
4155,438,108,5
4156,2711,127,4
4157,1706,143,5
4158,1375,128,4
4159,1467,132,4
4160,728,90,3
4161,1691,35,1
4162,3655,25,3
4163,4987,30,5
4165,2153,142,5
4166,1156,115,1
4168,46,16,1
4169,1279,31,2
4170,4353,34,4
4171,864,96,1
4172,3297,97,1
4173,448,61,1
4174,9,101,3
4175,2492,108,4
4176,3752,36,4
4177,2465,16,4
4178,173,39,1
4179,2433,110,2
4180,3976,108,4
4181,2740,119,1
4182,2428,1,5
4183,3424,52,5
4184,3096,15,1
4185,998,14,4
4186,4721,31,5
4187,3845,111,1
4188,2336,9,5
4189,399,70,1
4190,1226,131,5
4191,4015,80,4
4192,4417,130,2
4193,3304,101,4
4195,293,113,3
4197,1241,23,3
4199,2407,104,5
4200,976,116,3
4201,2282,43,2
4203,703,31,5
4205,192,113,3
4206,2501,68,3
4207,4476,26,2
4208,1276,145,1
4209,1316,137,1
4210,3490,13,5
4211,2388,21,4
4212,3185,123,2
4213,2280,1,4
4214,245,133,3
4215,2295,3,4
4216,4829,83,2
4217,56,16,3
4218,4260,24,5
4219,3566,39,5
4220,3836,26,5
4221,2837,55,3
4222,4691,3,4
4223,2150,35,4
4224,3984,122,3
4225,1356,45,3
4226,2163,72,2
4227,4282,31,3
4228,4932,26,3
4229,841,140,3
4230,2036,53,1
4231,1768,63,3
4232,2620,57,2
4233,1186,53,4
4234,3543,112,1
4235,1825,4,3
4236,2669,134,3
4237,1399,75,5
4238,3106,89,2
4239,3702,110,2
4241,496,138,2
4242,1662,22,4
4243,165,95,2
4245,2340,114,3
4246,4464,108,4
4247,3602,138,5
4248,2727,48,5
4249,617,39,2
4250,3198,85,3
4251,3988,100,3
4253,4438,53,4
4255,4242,20,4
4256,3544,52,3
4257,303,136,2
4259,1520,96,1
4260,2011,49,3
4261,2729,107,3
4262,4762,77,2
4263,4482,150,1
4264,4493,133,1
4265,752,1,3
4266,1429,53,1
4267,3392,130,5
4268,2345,70,4
4269,926,45,4
4270,3414,144,2
4271,596,20,5
4272,2494,77,1
4273,3842,125,4
4274,2142,143,1
4275,4306,121,2
4276,1872,41,3
4277,3611,2,2
4278,876,126,4
4279,139,63,4
4280,4309,24,5
4282,2819,117,4
4284,153,18,2
4285,528,44,5
4286,616,115,2
4287,4635,144,1
4289,1936,10,4
4290,4022,73,5
4291,59,53,3
4292,1695,29,2
4293,2667,10,5
4294,980,10,3
4295,2769,57,1
4296,3631,39,1
4297,765,52,4
4298,1957,13,4
4299,4240,93,2
4301,2445,37,4
4302,758,111,1
4304,2956,75,3
4305,481,28,5
4306,1750,25,3
4307,4279,2,1
4308,919,90,3
4309,4739,100,4
4310,2903,72,4
4311,1191,132,3
4312,4949,89,5
4314,4553,21,2
4315,2781,125,3
4316,2388,121,5
4317,2421,17,3
4319,3495,90,2
4320,3480,66,4
4321,4862,106,1
4322,4999,134,3
4323,4273,111,4
4324,1623,113,4
4326,1657,21,1
4327,1528,140,5
4328,568,69,1
4329,3680,90,3
4330,4536,49,2
4331,3327,27,5
4332,4793,91,1
4333,499,98,3
4334,3929,119,3
4335,2711,143,3
4337,1272,4,5
4339,878,136,2
4341,2764,31,1
4342,4611,136,3
4343,1681,11,3
4344,3548,4,5
4345,435,135,1
4346,3890,103,1
4348,287,125,3
4349,2273,112,1
4350,2026,112,5
4351,2013,82,3
4352,3479,119,5
4353,3351,122,3
4354,4007,49,5
4355,331,104,1
4356,2176,60,1
4357,3254,60,5
4358,3637,141,4
4359,2902,23,4
4360,1312,48,4
4362,1785,135,2
4363,1544,124,4
4364,1171,17,3
4365,1398,53,5
4366,1876,80,3
4367,3421,116,2
4368,801,132,5
4370,2200,50,3
4372,4338,68,5
4373,310,34,4
4374,1513,44,4
4375,3093,140,4
4376,641,50,5
4377,3699,39,2
4378,57,2,1
4380,3292,106,2
4381,1619,105,1
4382,1916,122,2
4383,4575,20,2
4384,1519,129,1
4385,724,125,1
4386,2002,19,4
4387,3728,40,3
4388,118,106,3
4390,4400,136,2
4391,1814,139,5
4392,475,40,2
4393,4235,109,2
4394,2008,108,2
4395,1429,43,5
4396,701,41,1
4397,3186,8,5
4398,4025,22,1
4399,4599,1,4
4401,4494,129,2
4402,3676,143,1
4403,1814,34,4
4404,208,49,3
4405,1968,146,1
4406,3888,106,3
4407,3402,63,4
4408,3044,22,5
4409,1814,116,4
4410,2968,71,5
4411,604,132,2
4412,2557,145,2
4414,2879,100,1
4415,3928,45,5
4416,587,28,2
4417,3368,42,1
4418,4161,8,4
4419,1285,141,5
4421,4863,1,5
4423,3859,75,1
4424,3306,94,4
4425,3097,39,1
4426,4059,1,4
4427,2764,123,3
4428,4688,8,4
4429,3343,18,2
4430,3609,6,2
4432,2404,100,4
4433,2724,93,1
4434,1561,47,3
4435,4300,80,5
4436,4821,13,1
4437,2624,10,3
4438,1581,58,5
4439,2734,100,5
4440,3688,43,5
4441,181,75,1
4442,695,71,3
4443,3601,8,4
4445,1719,90,5
4446,3622,95,1
4447,1935,117,4
4448,4967,149,2
4449,1087,99,4
4450,3455,85,5
4451,1083,79,1
4452,4409,72,2
4453,4329,115,3
4454,1930,100,5
4455,4147,150,1
4456,3924,60,1
4457,2434,62,1
4458,2338,73,3
4459,1526,116,3
4460,1234,106,5
4461,3769,42,3
4462,3739,24,2
4463,2069,2,5
4464,4579,8,4
4465,4902,30,1
4466,3049,123,4
4468,2641,116,4
4469,2495,101,1
4470,3926,18,2
4471,3602,136,4
4472,1856,101,5
4473,85,37,4
4474,4225,7,4
4475,2268,116,3
4476,2433,64,5
4477,2354,28,4
4478,4431,20,5
4479,2087,42,1
4480,4827,5,4
4481,2367,103,5
4482,324,21,2
4484,3737,69,2
4486,4675,51,2
4487,2693,80,1
4488,2194,83,4
4489,1436,94,4
4490,114,137,4
4491,1480,95,2
4492,3507,93,1
4493,505,139,4
4494,1422,78,1
4495,4203,131,1
4497,2809,111,5
4498,3464,1,5
4499,2033,130,4
4500,598,66,4
4503,3422,20,4
4504,3529,90,4
4505,3602,62,2
4506,4384,80,5
4507,2224,33,3
4508,139,43,2
4509,2908,13,5
4510,124,88,5
4511,311,70,2
4512,1304,37,3
4513,3013,98,5
4514,4079,89,4
4516,2370,8,3
4517,4420,91,5
4518,1531,136,1
4519,4636,47,5
4520,3652,4,1
4521,4608,93,5
4522,4282,5,3
4523,3437,82,4
4524,30,41,5
4525,4159,134,3
4526,4750,9,1
4527,1040,103,5
4528,3791,54,4
4529,4367,127,2
4531,3914,26,1
4532,4,47,2
4533,4001,19,5
4534,2070,111,4
4535,3444,17,4
4536,1802,114,3
4538,43,99,5
4539,743,146,1
4540,4033,99,3
4541,309,7,2
4542,1927,126,2
4543,2464,65,4
4544,3120,101,4
4545,1941,117,5
4546,2095,31,4
4548,858,117,3
4549,2224,110,5
4550,3724,116,2
4551,1843,119,3
4552,2290,22,1
4554,4424,103,2
4556,4462,119,1
4557,3217,120,3
4558,1658,112,1
4559,1728,88,4
4560,1156,52,3
4561,736,45,2
4562,240,14,3
4563,107,132,1
4564,3010,78,2
4565,2610,119,2
4566,1094,104,1
4567,777,117,4
4568,3011,86,4
4569,3700,4,1
4570,4376,111,3
4571,3873,90,3
4572,4664,120,2
4573,2602,98,5
4574,4025,57,5
4575,3179,99,2
4576,2042,8,1
4577,2892,16,1
4578,800,98,2
4579,475,125,2
4580,4842,24,5
4582,751,149,1
4583,4486,131,4
4585,4277,52,5
4586,2046,136,5
4587,2039,38,3
4588,3477,37,5
4589,2378,105,3
4590,1647,136,3
4591,199,45,3
4592,1383,11,3
4593,1265,113,2
4594,1534,25,5
4595,3223,58,3
4596,3624,65,4
4597,1492,34,5
4598,2713,30,2
4599,3037,27,2
4601,189,113,3
4602,357,108,4
4603,943,64,4
4604,4059,61,5
4605,1446,33,3
4606,4433,100,2
4607,2035,125,3
4608,874,26,5
4609,268,75,4
4611,1928,81,3
4612,68,35,1
4613,3625,27,4
4614,2770,2,1
4617,1311,12,3
4618,4957,100,3
4619,4629,108,2
4620,2614,34,2
4621,3153,46,1
4624,1599,40,4
4626,578,139,4
4627,1394,53,5
4628,3208,94,3
4629,556,144,1
4630,1040,35,2
4632,4407,61,2
4633,3199,150,5
4634,2207,90,1
4635,1882,93,5
4636,3732,39,2
4637,1766,25,1
4639,1226,23,5
4640,468,77,4
4641,1285,48,5
4642,786,68,1
4643,4608,31,2
4644,2763,78,4
4645,2110,12,2
4646,4528,133,3
4647,182,127,1
4648,4567,6,1
4649,4078,54,3
4650,1204,33,3
4651,3455,141,5
4652,12,144,2
4653,1249,48,3
4655,3674,79,4
4656,2946,122,2
4657,4364,74,2
4658,446,137,4
4659,4396,25,1
4660,3421,118,1
4661,2164,35,2
4662,127,145,3
4663,1760,111,2
4664,3934,116,3
4665,2719,143,4
4666,2950,110,3
4667,4104,43,3
4668,4180,58,1
4669,2887,68,2
4670,3644,90,3
4672,2695,99,2
4673,3502,86,1
4674,4838,31,4
4675,2982,90,3
4676,4710,27,2
4677,1244,118,4
4678,664,28,4
4679,3775,50,3
4680,21,134,2
4681,2116,107,3
4682,4952,79,4
4683,4234,55,4
4684,743,135,4
4685,2592,15,2
4686,3394,42,4
4687,298,8,2
4688,1100,6,4
4689,1147,137,3
4690,3010,114,3
4691,771,107,2
4692,4247,54,5
4693,1981,79,2
4694,2144,45,3
4695,458,47,3
4696,636,99,4
4697,1702,73,5
4698,1648,15,1
4700,3970,76,2
4702,3004,19,2
4703,4484,127,2
4704,776,23,2
4705,781,51,5
4706,2157,80,2
4707,1161,63,4
4708,1381,82,3
4709,1943,104,1
4711,1353,14,1
4712,3432,58,3
4713,3292,95,1
4714,1261,54,4
4715,3192,11,3
4716,4001,54,2
4719,3728,4,4
4720,2648,10,3
4721,3252,128,2
4723,1959,147,1
4724,4618,26,2
4725,1984,21,1
4726,1205,40,1
4727,1184,142,1
4728,1079,85,2
4729,4872,74,2
4731,4313,44,2
4732,1932,126,2
4733,1326,98,4
4734,1506,133,4
4735,2342,138,5
4736,3755,93,1
4737,29,1,1
4738,3213,61,2
4739,1538,86,2
4741,2632,140,4
4742,1602,47,2
4743,1280,111,2
4744,1316,58,1
4745,2666,42,5
4746,3153,8,3
4747,348,25,3
4748,2552,42,2
4749,3029,7,5
4750,1858,90,4
4751,1550,118,3
4752,2802,60,5
4753,4772,21,5
4754,1985,149,3
4755,3951,89,2
4758,4121,101,3
4759,2868,26,2
4760,3120,11,4
4762,3023,68,1
4763,509,95,4
4764,2485,37,4
4765,4157,146,1
4766,4657,124,2
4767,2185,74,3
4768,1277,82,2
4769,3343,76,3
4770,1702,89,3
4771,982,17,4
4772,248,94,1
4773,1527,94,4
4774,3640,141,4
4775,3124,42,2
4776,246,21,1
4777,895,75,1
4778,4965,33,5
4779,4804,7,5
4780,448,16,2
4781,2404,45,3
4783,602,11,3
4784,1696,90,1
4785,2986,132,3
4787,2190,134,1
4788,173,31,2
4789,3885,40,2
4790,941,86,1
4791,3559,121,3
4793,3456,3,4
4794,2602,32,1
4795,4090,48,4
4796,261,79,2
4797,164,112,1
4798,3511,33,2
4799,3339,4,5
4800,4712,20,5
4802,937,116,1
4803,4811,48,4
4804,2506,86,3
4805,2916,50,3
4806,1218,67,4
4807,3552,101,3
4808,681,18,2
4809,1112,120,3
4810,3491,128,2
4812,1104,14,2
4813,682,57,1
4814,3723,15,2
4815,3157,100,1
4817,3287,144,4
4818,3468,23,1
4819,14,7,2
4820,3912,124,4
4821,4331,53,5
4822,2839,101,4
4824,399,14,1
4825,1531,130,3
4826,3038,76,1
4827,2359,33,4
4828,395,47,5
4829,347,24,5
4830,2544,138,4
4832,767,123,3
4833,333,127,2
4834,862,115,2
4835,2640,138,5
4836,1621,16,4
4837,3518,93,4
4838,1667,84,3
4839,4046,35,5
4840,465,12,1
4841,4422,1,2
4842,46,62,1
4844,4262,91,4
4846,1830,74,4
4847,3557,37,2
4850,2713,24,5
4851,4432,103,5
4852,1780,150,3
4853,4969,137,2
4854,4559,22,3
4855,1834,58,4
4856,3095,10,1
4857,3592,120,4
4860,2801,52,1
4861,1308,110,1
4863,3652,41,2
4864,3454,34,2
4865,2701,11,3
4867,1627,97,4
4868,186,66,5
4869,357,104,2
4870,4554,58,3
4871,1650,5,5
4872,856,75,4
4873,188,16,2
4874,1956,71,1
4875,4324,65,1
4876,1633,144,3
4877,2520,90,3
4878,1089,52,1
4879,455,110,3
4880,284,49,3
4881,3144,57,4
4882,3188,47,4
4883,2919,24,2
4884,2589,17,5
4885,1281,68,4
4886,2802,136,4
4887,4059,16,1
4888,3204,127,1
4889,2512,16,5
4890,3378,52,3
4891,3495,115,5
4893,3860,73,2
4894,54,137,2
4895,2917,111,2
4896,3084,100,3
4898,4180,147,4
4899,2933,103,2
4900,403,68,3
4902,92,144,4
4903,4970,115,2
4904,2713,38,5
4905,2894,133,3
4906,1077,120,2
4907,2546,46,1
4908,2127,138,3
4909,4224,143,1
4910,3698,66,2
4911,2518,120,3
4912,3737,138,4
4913,3307,126,4
4914,1922,127,3
4915,1766,146,1
4916,3403,31,3
4917,3254,140,5
4918,3536,101,1
4919,1476,146,2
4920,4048,142,1
4921,3735,114,3
4922,4676,37,5
4923,1414,81,5
4924,213,49,1
4925,3617,88,3
4926,786,89,5
4927,1481,143,5
4928,3643,1,1
4929,3868,51,1
4930,3205,77,5
4931,3279,42,1
4932,2956,45,1
4933,1315,77,4
4934,4881,149,5
4935,4677,115,2
4937,1608,18,2
4938,3039,50,4
4940,2461,80,5
4941,960,104,2
4942,3380,50,1
4943,189,149,5
4944,1149,23,2
4945,2152,88,5
4946,4436,16,2
4947,1101,25,1
4949,336,1,3
4950,2442,110,5
4951,499,100,2
4953,1644,71,2
4954,2931,51,1
4955,2819,86,5
4956,672,122,1
4957,387,18,3
4958,3411,146,3
4959,2480,53,1
4962,3154,77,2
4963,4979,33,5
4964,955,86,1
4965,1467,89,2
4967,2462,127,4
4968,2708,25,5
4969,1336,9,4
4970,2370,145,2
4971,13,149,4
4972,3280,7,3
4973,4157,86,4
4974,351,49,2
4975,268,132,5
4976,1171,139,3
4977,1638,140,4
4978,3705,22,3
4979,4547,79,2
4980,3744,118,1
4981,2100,90,1
4982,117,19,2
4984,2494,28,2
4986,2666,84,5
4987,2648,111,3
4988,1273,145,1
4989,480,34,2
4990,884,111,1
4991,2523,60,1
4992,2809,35,4
4993,1080,106,5
4995,1797,6,4
4996,3126,95,4
4997,2014,141,2
4998,2519,62,4
4999,1436,6,3
5000,457,52,5
5002,563,60,3
5003,4030,7,4
5004,2349,32,3
5005,2866,147,1
5006,2754,80,3
5007,3475,82,1
5008,1051,37,5
5009,1406,16,1
5010,624,118,4
5011,872,63,2
5012,2750,133,2
5013,2973,98,3
5014,1792,36,1
5015,125,54,4
5016,2519,73,4
5017,228,96,5
5018,1091,122,2
5019,2505,103,4
5020,4245,48,5
5021,2505,55,4
5022,2376,98,4
5023,1557,106,1
5024,869,73,1
5025,2918,33,1
5026,3962,3,2
5027,3026,58,2
5028,4522,78,1
5029,610,104,5
5030,3864,79,4
5031,325,29,5
5032,4752,18,1
5033,4466,33,1
5034,4053,95,5
5035,1490,34,2
5037,4758,115,3
5038,4518,7,1
5039,3765,18,4
5040,2514,16,4
5041,4170,44,2
5042,1679,110,3
5043,3255,118,5
5044,3336,44,4
5045,2424,119,4
5046,4243,96,4
5047,1986,27,5
5048,3403,73,2
5049,2272,91,4
5050,245,16,4
5051,2530,96,2
5052,162,51,3
5053,3857,90,1
5055,3005,42,1
5056,2366,91,2
5057,3306,40,3
5058,2522,35,1
5059,421,1,5
5061,876,132,1
5062,3698,113,1
5063,1955,31,3
5064,1599,16,1
5065,2846,146,1
5066,2751,134,3
5067,3252,68,1
5068,1398,146,4
5069,2437,106,2
5070,2971,120,5
5072,2898,70,2
5073,1460,127,3
5074,371,118,2
5076,3279,76,4
5077,3983,121,5
5078,1749,133,1
5080,1703,94,2
5081,3814,12,5
5082,3257,48,5
5083,3270,105,1
5085,2548,150,5
5086,457,77,1
5087,286,98,2
5088,3501,94,1
5089,365,68,4
5090,1368,107,1
5091,1685,44,4
5094,257,82,2
5095,1525,125,1
5097,3721,149,5
5098,1144,34,5
5099,2853,66,4
5100,3920,100,4
5101,3970,67,3
5102,4264,61,1
5103,4585,73,2
5105,4722,100,4
5106,4241,6,3
5107,1955,13,2
5109,47,144,2
5110,713,29,4
5111,1447,146,2
5112,3340,129,5
5113,1293,107,2
5114,2020,147,5
5115,2535,121,5
5116,2832,27,4
5117,4106,130,1
5119,1450,69,3
5120,1522,67,4
5122,2584,61,1
5123,3215,149,2
5124,3626,25,4
5125,562,140,3
5126,2663,58,4
5127,39,88,3
5128,4711,79,4
5129,766,55,2
5130,3715,147,1
5131,3274,94,4
5132,3545,131,1
5133,3753,108,3
5134,4756,98,4
5135,3326,48,4
5136,2510,147,3
5137,2371,2,2
5138,2064,76,4
5139,1619,120,3
5141,1075,28,5
5142,1572,24,5
5143,1906,53,3
5144,1448,94,5
5145,4147,61,1
5146,2573,83,2
5147,3494,76,1
5148,638,17,4
5149,1603,67,1
5150,2134,55,5
5151,1363,28,4
5152,1153,38,5
5153,4849,66,5
5154,1424,78,1
5155,3422,26,5
5156,3500,95,5
5158,1641,133,1
5159,3394,75,1
5160,3518,82,2
5161,163,61,1
5162,2128,107,3
5163,640,117,5
5164,4,100,4
5165,4867,37,3
5166,3523,51,1
5169,1179,89,1
5170,2744,1,1
5171,2417,139,3
5172,4940,33,4
5173,2832,15,1
5174,2915,16,4
5175,461,85,2
5176,4284,30,2
5178,2941,94,1
5179,3795,120,5
5181,2210,105,4
5182,4075,119,4
5183,1739,88,3
5184,1600,95,4
5185,4272,129,2
5186,4409,16,4
5187,4265,71,5
5188,2452,22,5
5189,2158,19,3
5190,272,119,2
5191,1169,93,1
5192,3032,125,4
5193,162,65,4
5194,1897,116,4
5195,4978,20,1
5196,3238,91,1
5197,2318,44,2
5198,3344,11,1
5200,2603,54,1
5201,2916,24,3
5202,3652,147,3
5203,2638,124,5
5204,4052,75,5
5205,1118,60,2
5206,4572,79,4
5207,4676,54,5
5208,435,76,1
5209,402,66,3
5210,337,145,3
5211,973,124,2
5212,1915,11,4
5213,1245,26,5
5214,3137,112,5
5215,1801,97,5
5216,696,7,1
5217,1930,143,4
5218,3930,36,3
5220,570,49,4
5221,4288,145,2
5222,137,60,3
5223,1179,19,3
5224,2141,12,1
5225,2992,36,4
5226,2786,23,4
5227,1746,48,3
5228,2421,14,3
5230,2968,85,1
5231,917,94,3
5232,4511,126,1
5234,1547,44,4
5235,448,65,5
5236,4339,20,2
5237,2248,14,4
5238,554,39,5
5239,4878,115,3
5240,938,55,1
5241,4975,55,1
5242,1298,120,4
5243,1428,43,4
5244,1704,94,3
5245,3011,90,1
5246,1402,84,1
5247,4644,77,3
5248,1705,110,4
5250,3510,128,5
5251,2649,125,3
5253,4761,72,1
5254,4800,81,3
5256,2926,140,3
5257,3337,100,2
5258,260,27,4
5259,1334,41,2
5260,1837,45,3
5261,3132,35,4
5262,786,76,3
5264,2694,144,5
5265,1860,76,5
5267,4916,37,4
5268,2636,2,1
5269,736,78,4
5270,519,74,4
5271,3471,145,1
5272,441,1,3
5273,3191,27,4
5274,2206,93,3
5275,1704,75,3
5277,4209,105,5
5278,3812,45,1
5279,2547,31,5
5280,3029,120,4
5281,4746,8,4
5282,3472,29,3
5283,1408,68,5
5284,4923,93,3
5285,1312,16,5
5286,1077,107,1
5287,3184,65,4
5289,1846,20,1
5290,2121,99,3
5291,3845,67,2
5292,3467,123,5
5293,2201,22,5
5294,4332,1,5
5295,717,60,4
5296,1310,25,2
5298,4930,63,4
5299,336,18,2
5300,414,37,1
5301,4253,62,1
5302,4219,144,3
5303,3898,9,2
5305,1345,25,1
5306,1829,25,4
5307,1718,58,1
5308,3875,86,1
5309,1827,89,2
5310,1338,13,3
5311,3986,142,3
5314,3093,87,2
5315,4711,63,3
5316,823,70,5
5317,4752,34,1
5318,4315,150,3
5319,4784,113,3
5320,1202,15,3
5321,2512,28,3
5322,4662,1,4
5323,2323,79,3
5324,4234,75,2
5325,4192,137,4
5326,2606,144,1
5327,674,143,1
5328,4883,112,5
5329,2788,57,4
5330,1086,113,3
5331,1242,30,3
5332,13,135,3
5333,1525,36,4
5334,357,18,3
5335,3912,14,2
5336,4881,143,5
5337,3736,96,1
5338,4338,118,5
5339,1469,58,1
5340,2304,95,1
5341,2840,145,5
5342,765,26,5
5343,1486,128,5
5344,1106,1,2
5345,4819,82,3
5346,2325,117,5
5347,104,145,2
5348,1216,51,1
5349,664,118,4
5351,1399,123,5
5352,3981,35,2
5353,4422,111,1
5354,2485,146,2
5355,1334,75,3
5356,306,147,1
5357,4428,24,5
5358,4152,28,3
5359,462,137,3
5360,171,120,1
5361,1036,100,4
5362,201,5,4
5363,2858,80,4
5364,1940,116,1
5365,4480,94,4
5366,389,28,1
5367,1573,122,3
5368,765,134,2
5370,304,117,5
5371,1429,41,2
5372,2671,101,3
5373,1824,111,3
5374,4876,14,3
5375,2312,53,3
5376,3702,33,4
5377,4039,113,3
5378,2748,37,2
5379,2950,110,2
5380,4951,14,2
5381,3262,49,5
5382,1820,110,3
5384,786,82,2
5385,766,67,4
5386,499,107,1
5387,4193,135,3
5388,4118,58,3
5389,4603,115,4
5390,2863,42,1
5391,2485,136,4
5392,4220,127,5
5393,3712,111,4
5395,3311,134,5
5396,888,57,2
5397,3382,145,2
5398,1402,28,1
5399,3016,99,1
5400,4584,90,3
5401,1484,63,2
5402,165,80,3
5403,888,124,5
5404,2368,15,4
5405,117,57,5
5406,2181,24,2
5407,2036,125,4
5408,2167,118,5
5409,1918,28,5
5410,3666,44,4
5411,691,103,4
5414,3096,135,2
5416,1085,44,5
5417,343,10,1
5418,4474,97,3
5420,531,29,3
5421,3487,46,2
5422,4649,35,5
5423,4153,32,2
5425,4875,84,2
5426,1284,22,2
5427,2158,13,4
5429,1134,63,2
5430,3793,74,4
5433,3787,133,2
5434,4008,128,5
5436,3420,115,4
5437,3100,41,5
5438,2555,18,1
5439,4037,107,5
5440,2106,83,3
5441,3335,119,1
5442,3689,51,4
5443,4768,45,4
5444,1197,45,4
5445,2625,137,2
5446,2500,75,3
5447,2254,49,1
5448,1273,77,4
5449,4616,52,5
5450,1762,64,3
5451,1789,107,2
5452,4292,107,4
5453,2485,39,2
5455,600,20,4
5456,66,80,1
5457,2918,136,4
5458,1736,63,2
5459,927,119,4
5460,4726,97,5
5461,2985,113,5
5462,1124,95,5
5463,758,149,3
5464,291,125,1
5465,2752,75,4
5468,2020,16,2
5469,4121,122,3
5470,1524,75,2
5471,3084,66,1
5472,1629,52,5
5473,519,77,2
5474,4875,80,3
5475,3888,143,3
5476,2753,131,4
5477,1327,86,4
5478,4554,140,3
5480,2460,103,4
5481,2636,96,1
5482,3606,140,2
5484,69,33,3
5485,4873,47,3
5486,1689,125,2
5487,2940,93,4
5488,1008,25,1
5489,2876,61,3
5490,3370,76,2
5492,4487,118,2
5493,4986,132,1
5494,2866,72,2
5495,1303,124,4
5496,1632,52,4
5498,3897,40,4
5500,4833,91,4
5501,4857,33,5
5502,3243,145,3
5503,2340,61,1
5504,3126,139,1
5505,1026,11,1
5506,3350,60,1
5507,1407,23,3
5508,1633,16,2
5509,4224,21,3
5510,2633,79,2
5511,3803,87,4
5512,3842,32,3
5513,2838,129,4
5514,1434,57,2
5515,1613,117,4
5516,3111,15,1
5517,2758,98,1
5519,388,105,2
5520,2087,28,3
5522,4218,82,4
5524,4208,100,5
5525,998,149,2
5527,867,137,5
5528,3386,25,1
5529,2966,3,1
5530,3532,82,2
5531,2509,23,5
5532,1377,104,3
5533,659,126,2
5534,3776,146,2
5535,4006,110,3
5536,2024,109,1
5537,4249,83,4
5539,784,65,2
5540,4383,50,2
5541,193,73,4
5542,4856,130,4
5543,2423,81,3
5544,942,126,5
5545,867,85,5
5546,4011,72,3
5547,534,54,4
5548,4469,107,4
5549,3513,57,3
5550,4031,79,3
5551,4249,64,1
5552,3020,35,5
5553,3454,94,2
5554,350,128,2
5555,1910,97,4
5556,2551,9,5
5557,4796,32,1
5559,2012,131,1
5560,3979,35,1
5562,791,129,4
5563,4164,120,5
5564,2865,126,3
5565,4760,26,5
5566,4929,107,5
5567,3077,46,5
5568,790,53,4
5569,3259,109,5
5570,2472,6,4
5572,2143,70,1
5573,3335,25,2
5574,1457,73,4
5575,2038,146,1
5576,4424,146,5
5577,2466,53,4
5578,3264,146,4
5579,931,51,3
5581,1617,132,3
5582,4722,93,1
5583,414,85,1
5584,242,72,4
5585,3314,47,4
5586,1784,77,2
5587,2395,113,5
5588,3952,101,1
5589,3843,76,5
5590,288,127,3
5591,1093,88,4
5592,163,126,4
5593,1843,16,3
5594,658,108,3
5595,3248,124,3
5596,3475,137,4
5597,3571,55,3
5598,3675,119,1
5600,4010,1,4
5601,3473,71,2
5602,2378,1,1
5603,4466,11,3
5604,2790,79,1
5605,4428,78,5
5606,2227,50,1
5607,4763,97,4
5608,210,53,3
5609,4024,74,4
5611,148,29,2
5612,3773,67,2
5613,2507,96,1
5614,2583,114,3
5615,1235,109,2
5617,4115,18,2
5618,4306,136,4
5619,3767,62,4
5620,4941,58,5
5621,2014,51,4
5622,1723,103,5
5623,4201,115,4
5624,840,97,2
5625,305,61,4
5626,2949,149,1
5627,4231,104,2
5628,2371,90,4
5629,1264,112,1
5630,3683,117,4
5631,4410,114,2
5632,3950,18,1
5633,4721,111,5
5634,1866,93,4
5635,3478,66,1
5637,3192,136,5
5638,4396,101,2
5639,176,94,2
5640,3302,141,2
5641,4288,3,5
5642,2450,131,3
5643,68,131,5
5644,2194,81,3
5645,2190,80,4
5646,2825,125,2
5647,2635,98,5
5648,822,125,5
5649,3643,39,4
5650,3104,22,3
5652,2977,122,5
5653,3580,63,1
5654,887,62,4
5655,81,112,1
5656,308,2,4
5657,663,94,3
5658,1795,41,3
5659,2916,87,2
5660,2488,138,3
5661,688,147,1
5662,3294,51,1
5663,649,150,1
5665,3534,54,1
5666,522,133,3
5667,4117,17,2
5669,2573,113,5
5672,613,13,1
5673,1555,147,4
5674,4476,136,3
5676,1981,110,3
5677,1530,14,3
5678,3747,121,4
5679,1844,13,4
5680,4788,80,4
5682,432,96,4
5683,2950,90,5
5684,3053,110,5
5685,1743,122,2
5686,4931,69,2
5687,4863,49,2
5688,4641,100,1
5689,221,109,3
5691,4759,112,2
5692,3687,142,2
5694,1332,137,1
5695,3162,51,2
5696,2165,94,4
5697,4526,137,3
5698,334,93,5
5699,1764,84,3
5700,436,81,5
5701,2729,28,1
5702,3720,71,1
5703,4346,30,1
5704,2221,24,5
5707,2570,61,4
5708,4066,93,3
5710,4597,110,4
5711,2207,80,1
5712,3212,99,5
5713,3309,86,1
5715,1614,30,4
5716,1343,75,3
5717,4733,115,2
5719,1394,140,5
5721,4060,136,4
5722,3700,123,4
5723,3991,88,5
5724,456,130,3
5725,2694,130,3
5726,2566,33,3
5728,3490,23,1
5729,3119,31,3
5730,2011,90,1
5731,2945,25,1
5732,2448,90,2
5733,3486,133,5
5734,2189,126,1
5735,3990,96,1
5736,2451,27,3
5738,1743,10,4
5739,3229,20,5
5740,2108,134,1
5741,4431,36,2
5742,191,9,1
5744,22,32,5
5745,686,123,1
5746,4039,97,2
5747,3744,53,2
5748,2655,54,4
5749,2720,67,3
5750,1154,94,2
5751,2818,145,2
5752,3025,89,5
5753,1189,98,1
5754,3756,66,3
5755,1986,100,1
5756,730,112,3
5757,1282,74,2
5758,346,139,5
5759,1371,67,4
5760,1538,82,3
5761,4607,40,4
5762,3983,70,4
5763,3001,42,5
5764,2729,52,4
5765,3469,117,1
5766,642,19,5
5767,1723,68,3
5768,4189,86,3
5769,3720,130,2
5770,4263,144,3
5771,2346,50,2
5772,2783,17,4
5773,2348,108,1
5774,3544,147,2
5777,1330,27,2
5778,2977,25,4
5779,1839,40,3
5782,298,32,4
5783,3610,129,1
5784,2892,26,4
5785,1526,45,4
5786,2911,107,1
5787,3170,145,1
5788,2796,146,2
5789,4491,76,2
5790,4581,112,2
5792,4779,137,5
5793,4913,4,5
5794,4662,146,5
5795,4298,146,1
5798,2760,84,4
5799,3712,53,4
5801,4367,139,3
5802,729,18,4
5803,691,65,2
5805,2898,17,2
5806,1179,147,5
5807,4472,85,5
5808,1549,134,3
5809,1543,146,3
5810,831,141,4
5811,41,132,1
5812,392,150,1
5814,649,69,3
5815,4927,57,3
5816,1497,106,2
5819,4399,117,3
5820,1944,103,3
5822,802,141,2
5823,3148,67,5
5825,2023,26,3
5826,613,55,4
5828,3189,61,4
5829,4509,95,1
5830,291,83,2
5831,1636,48,4
5832,3406,65,1
5833,1933,26,5
5834,1858,139,3
5835,3378,51,3
5836,145,8,3
5838,3107,23,3
5839,1604,78,2
5840,1112,84,3
5841,2630,115,5
5842,2095,105,4
5843,4504,57,1
5845,1177,20,1
5846,2141,129,4
5847,120,51,1
5848,2207,65,1
5850,1370,40,2
5851,3328,67,3
5852,3985,124,4
5853,2505,48,5
5856,10,107,4
5857,4643,76,3
5858,4425,79,3
5859,1010,11,5
5860,2673,39,4
5861,1507,129,3
5862,587,22,5
5863,3134,95,5
5864,1295,116,1
5866,1824,124,1
5867,404,55,2
5868,4327,93,3
5869,798,36,2
5870,289,38,2
5871,4534,58,5
5872,554,31,5
5873,3847,63,4
5874,3597,120,4
5875,1282,2,3
5876,4860,105,3
5878,3301,6,1
5879,4564,145,1
5880,3597,45,5
5882,2373,149,1
5883,619,113,2
5884,174,1,3
5885,2784,73,2
5886,4839,143,1
5887,4261,68,1
5888,3354,97,4
5889,2237,134,3
5890,940,110,2
5891,1605,82,3
5892,1990,41,3
5893,1001,33,5
5894,2867,111,4
5895,972,72,4
5896,2251,28,2
5897,481,26,2
5898,828,134,3
5899,807,135,1
5900,436,99,2
5901,3037,87,5
5902,4173,4,3
5903,4407,36,3
5904,669,98,2
5905,3253,47,5
5906,3839,118,5
5907,1629,137,4
5908,3635,90,1
5909,2094,1,5
5910,4237,25,1
5911,4188,24,3
5912,172,76,5
5913,4823,84,2
5914,129,24,4
5915,4990,71,1
5916,2983,23,1
5917,3632,100,1
5919,2547,138,2
5920,254,134,5
5921,4287,19,5
5922,3222,58,3
5923,457,113,3
5924,3779,57,4
5927,1291,18,1
5928,458,100,5
5929,1989,35,5
5930,4545,89,3
5931,418,79,3
5932,724,41,3
5933,2839,72,4
5934,3193,25,1
5936,4313,50,5
5937,4831,105,3
5938,3772,90,2
5939,4976,132,5
5940,4225,130,5
5941,1567,65,2
5942,4940,127,2
5943,1015,1,2
5945,2026,108,3
5946,4647,5,3
5947,2779,1,3
5948,4002,12,5
5952,1091,107,2
5953,3647,122,4
5954,3750,106,5
5955,1474,26,3
5956,3786,140,3
5958,313,121,3
5959,3523,76,5
5960,4397,99,5
5961,205,147,5
5962,3779,72,1
5963,1379,62,5
5964,4407,55,2
5966,4366,51,4
5967,1516,42,2
5968,4109,3,3
5969,2539,129,2
5970,1464,11,5
5971,4926,108,4
5972,1542,121,1
5973,623,147,5
5974,2285,108,1
5975,3050,11,3
5977,4875,135,4
5978,4837,88,1
5979,2104,19,4
5980,339,96,2
5981,3554,48,1
5982,4430,144,1
5984,237,117,2
5985,2288,50,2
5986,3814,124,4
5987,2220,100,3
5988,1526,76,2
5989,4601,141,4
5990,3902,74,3
5991,3597,101,3
5993,4409,144,1
5996,557,144,4
5997,3645,51,1
5998,150,135,2
5999,4658,15,5
6000,4276,113,3
6001,1432,85,1
6002,2658,76,2
6003,3320,105,5
6004,2605,89,2
6005,588,60,2
6006,4111,124,5
6007,3524,110,1
6008,2077,105,1
6009,2867,107,1
6010,2743,43,3
6011,1096,99,3
6013,940,62,2
6014,3794,22,1
6015,491,72,1
6018,4968,33,1
6019,1975,149,3
6020,2040,132,5
6021,4919,128,5
6023,3885,49,2
6024,2449,135,5
6025,239,98,1
6026,3829,14,2
6027,3488,85,5
6028,4836,46,3
6029,3186,63,5
6030,1146,11,2
6031,4800,146,5
6032,656,10,1
6033,790,130,2
6034,2285,75,4
6036,3703,96,1
6037,1685,111,2
6038,3804,74,4
6039,2102,80,2
6040,507,54,2
6041,2900,63,4
6043,3464,72,5
6044,3438,36,1
6045,655,94,5
6046,1602,44,1
6047,979,33,3
6048,3380,15,5
6049,1528,77,3
6050,3842,113,2
6051,3063,107,4
6052,340,41,3
6053,3517,147,4
6055,2837,89,4
6056,1560,122,2
6057,582,100,1
6058,1418,113,5
6059,4484,64,4
6060,2520,127,5
6061,4742,1,1
6062,3316,69,2
6063,1176,86,2
6064,634,131,1
6065,329,36,1
6066,1076,11,2
6067,2944,13,5
6068,3479,115,1
6069,2343,138,4
6070,4631,26,4
6071,361,108,4
6072,4118,110,2
6073,1613,6,3
6075,499,90,3
6076,3502,66,3
6077,2456,107,4
6080,3665,126,1
6081,1969,46,2
6082,4442,58,2
6083,1158,54,3
6084,948,31,4
6086,2880,32,4
6087,2197,62,2
6088,4164,22,2
6089,4824,100,2
6090,2622,89,5
6091,155,95,3
6092,808,55,2
6096,4499,46,2
6097,2293,117,4
6098,3677,125,1
6099,2961,12,5
6100,1507,60,1
6101,3180,124,4
6104,822,143,5
6105,713,124,4
6106,2958,61,4
6107,1624,51,3
6108,1103,105,1
6109,3312,122,4
6110,1786,82,5
6111,2292,44,4
6112,4652,147,3
6114,4521,95,2
6115,2375,11,3
6116,2378,140,1
6117,1528,42,4
6118,1718,128,2
6119,4112,143,4
6120,4023,25,2
6121,1430,126,4
6122,2547,67,5
6124,740,16,2
6125,2264,5,1
6126,2026,147,3
6127,4576,20,4
6128,1207,64,4
6129,2641,133,3
6130,4698,96,5
6133,4222,31,5
6134,4186,58,2
6135,3080,32,5
6136,4757,19,4
6137,4754,147,2
6139,3477,97,3
6140,3476,116,3
6142,3788,106,2
6143,2034,61,2
6144,2286,73,2
6145,4608,87,4
6147,2945,118,2
6148,2037,86,4
6149,4783,131,1
6150,1282,89,4
6151,1786,134,4
6152,262,150,5
6153,84,49,1
6156,3253,29,2
6157,4329,150,3
6159,1158,101,2
6160,4141,42,4
6161,2021,26,4
6162,507,20,1
6163,60,86,5
6164,1301,12,1
6165,4983,6,1
6167,2560,24,3
6168,3953,66,3
6169,2830,84,2
6170,1692,88,1
6171,2472,23,4
6172,193,98,5
6174,2668,82,1
6175,4643,94,3
6177,812,54,3
6178,1227,71,4
6179,4784,81,1
6180,2175,90,1
6181,2272,97,5
6182,2110,104,2
6183,3734,9,5
6184,1417,72,2
6185,2174,7,5
6186,1297,93,5
6187,3140,62,2
6188,3204,150,2
6189,3511,31,5
6191,218,62,1
6192,1393,30,5
6193,3688,147,4
6194,700,37,2
6195,2673,64,3
6196,3059,111,5
6197,1125,91,1
6198,230,27,4
6199,738,110,5
6200,4410,138,3
6201,4485,25,4
6203,3598,37,2
6204,1140,65,4
6205,4557,101,1
6206,2060,88,5
6207,4436,89,3
6208,2319,114,2
6210,2636,90,5
6211,1051,69,2
6212,3066,95,1
6213,4946,82,3
6214,4455,83,1
6215,3470,1,4
6216,1534,50,4
6217,1024,74,4
6218,4244,34,3
6220,421,144,5
6221,3883,2,5
6222,1402,149,3
6224,2124,21,2
6226,1375,144,2
6227,3798,147,5
6228,2054,44,1
6231,404,139,3
6232,4148,144,3
6233,1325,13,1
6234,691,36,5
6235,3140,6,5
6236,3742,75,1
6237,3622,150,2
6238,4103,64,3
6239,176,38,5
6240,2288,53,2
6241,4624,114,4
6242,610,48,5
6243,2784,83,1
6244,2475,128,4
6245,4917,13,2
6246,1825,39,4
6248,4451,112,1
6249,2229,139,4
6250,2809,30,5
6251,2769,30,4
6252,4757,122,4
6253,3466,31,1
6254,3691,6,1
6255,4644,30,1
6256,2032,47,3
6257,3150,68,5
6258,2575,132,5
6259,4746,85,1
6260,4900,73,4
6261,335,55,5
6262,4374,53,3
6263,405,18,1
6264,2670,139,5
6265,1542,49,4
6266,1380,99,2
6267,3662,87,5
6268,3528,133,4
6269,471,114,3
6270,2671,7,3
6271,4087,70,3
6272,1604,22,4
6273,2722,145,3
6274,4179,38,4
6275,4211,2,5
6276,1953,21,1
6277,1786,135,4
6278,1416,136,1
6279,953,113,1
6280,782,116,3
6281,2157,112,1
6282,1139,89,4
6283,758,66,3
6284,3609,91,4
6285,4700,5,1
6286,2168,6,3
6287,4682,96,1
6288,2017,117,2
6289,395,104,4
6290,1244,77,2
6292,1073,15,4
6297,3414,130,2
6298,3561,86,3
6299,3707,2,5
6300,1657,34,1
6303,928,88,5
6304,3398,143,3
6305,873,67,2
6306,2357,29,5
6307,2981,120,4
6308,1715,54,2
6309,4523,132,1
6310,1278,22,3
6311,2154,23,3
6312,851,49,2
6313,639,19,3
6314,2801,122,4
6315,3087,52,1
6316,1007,12,3
6317,3929,32,4
6318,2823,45,1
6319,1069,46,4
6321,2914,116,2
6322,542,35,5
6323,72,149,1
6324,3860,66,1
6325,766,63,1
6326,940,68,1
6327,1524,12,3
6328,3421,103,1
6331,2790,47,5
6332,183,105,4
6333,3876,81,5
6334,4884,142,3
6335,598,76,2
6336,2144,17,4
6337,4173,120,1
6338,1188,69,5
6339,2281,78,5
6340,3237,80,3
6341,2151,95,5
6342,763,98,4
6343,1663,22,5
6346,4679,54,1
6348,3776,62,5
6351,4498,133,5
6353,1936,78,3
6354,2976,131,1
6355,2172,118,3
6356,3334,121,4
6357,3786,46,5
6358,2499,93,3
6359,2200,116,1
6360,2127,55,3
6361,2326,1,2
6362,4270,129,1
6364,4702,60,5
6365,1519,11,3
6366,4095,113,4
6367,1650,41,4
6368,3674,5,5
6369,3940,84,3
6370,3355,90,1
6371,1781,49,2
6372,2069,51,3
6373,4764,16,3
6374,2445,54,3
6375,1504,67,3
6376,4046,89,2
6377,3250,142,3
6378,1263,73,1
6379,4284,101,2
6380,4592,149,5
6381,4359,144,4
6382,4141,4,4
6383,2790,47,3
6384,1603,45,4
6385,2086,25,2
6386,147,42,3
6387,240,90,5
6388,39,114,2
6389,3628,144,1
6390,2152,150,3
6391,203,68,3
6392,3663,12,3
6393,856,132,5
6394,4722,20,4
6395,1316,30,2
6396,4771,17,5
6397,113,123,2
6398,4767,26,3
6399,4723,129,4
6400,3114,117,4
6401,3643,105,4
6402,3434,114,3
6403,558,30,4
6404,3024,96,2
6405,4049,134,4
6406,2577,64,2
6408,961,147,1
6409,437,34,1
6410,2503,144,3
6411,4659,71,2
6412,463,18,3
6414,4081,47,3
6415,1582,74,3
6416,2537,16,4
6417,886,75,4
6418,1079,1,2
6419,1222,61,5
6420,209,106,2
6421,2479,71,5
6422,2949,12,5
6423,167,132,3
6425,1259,52,2
6426,4524,71,3
6427,2403,118,3
6428,2673,61,5
6429,147,111,5
6432,4525,69,3
6434,4486,6,3
6435,1779,45,2
6436,4055,79,3
6437,3211,133,5
6438,668,140,5
6439,1367,43,2
6440,4114,78,4
6441,4782,21,1
6442,3277,29,2
6443,2606,46,3
6444,2927,66,2
6445,421,133,5
6446,2158,43,3
6448,2988,135,4
6449,1822,13,1
6450,37,141,4
6451,3562,98,3
6452,2915,114,1
6453,2599,60,3
6454,4109,10,5
6455,4851,75,1
6456,4868,118,1
6457,1383,135,1
6458,3284,139,5
6459,2894,68,4
6460,949,63,4
6461,647,6,4
6462,2705,101,3
6463,3018,108,3
6464,2134,131,1
6465,4022,103,4
6466,4221,5,3
6467,4716,57,1
6468,80,58,5
6469,987,81,1
6470,1606,50,2
6471,81,95,1
6472,2043,57,5
6473,237,70,5
6474,4469,139,3
6475,4638,36,5
6476,3941,37,2
6478,320,8,4
6479,4603,51,2
6480,3175,147,5
6481,321,98,5
6482,2101,71,1
6484,1436,118,1
6485,381,35,3
6487,3051,89,2
6488,1206,31,2
6489,3163,60,4
6490,2994,113,4
6491,4685,71,3
6492,2468,85,4
6493,500,138,5
6494,4879,25,3
6495,3282,33,4
6497,4455,22,1
6498,3858,30,5
6499,1282,53,3
6500,4424,13,2
6501,464,23,2
6503,2868,73,4
6504,3635,127,2
6505,3588,118,1
6506,195,101,4
6507,4734,33,4
6508,3870,137,2
6509,700,34,5
6510,1674,140,4
6511,4917,129,2
6513,3559,9,4
6514,2660,27,2
6515,1070,130,3
6516,1502,48,5
6517,814,91,2
6518,2174,12,1
6519,4099,31,4
6520,3255,111,4
6521,214,25,5
6523,1746,137,3
6524,2483,27,4
6526,2227,110,5
6527,4670,96,5
6529,813,119,2
6530,4984,43,3
6531,2629,45,2
6532,964,48,2
6533,2339,146,3
6534,2026,116,5
6535,2060,121,2
6539,4738,10,4
6540,1392,29,3
6541,1782,74,3
6542,208,47,5
6544,2223,33,3
6545,279,35,2
6547,1552,63,1
6548,2075,9,3
6549,860,50,2
6550,537,9,3
6551,1647,20,3
6552,4847,27,4
6553,4322,125,3
6554,2622,122,4
6556,3315,27,5
6557,2342,122,2
6558,3708,83,4
6559,3908,119,1
6560,2801,142,2
6561,3058,73,2
6563,2636,39,1
6564,2821,99,4
6565,4625,139,3
6566,4816,12,3
6567,836,72,4
6568,3292,145,2
6569,2743,138,5
6570,1843,23,2
6571,2930,131,5
6572,4110,45,4
6573,2637,128,1
6574,175,138,1
6575,1682,108,1
6576,108,131,3
6577,4755,101,2
6579,1326,22,5
6580,1650,117,5
6581,1281,19,4
6582,3231,97,2
6583,1556,7,1
6584,3887,12,4
6585,2406,6,3
6587,4486,52,2
6588,1824,82,2
6589,4086,27,3
6590,245,57,1
6591,3112,105,5
6592,4586,49,4
6593,1579,34,4
6594,4307,106,3
6595,2915,5,1
6596,4643,68,5
6597,2851,49,3
6598,1939,22,4
6599,4664,15,5
6600,2099,146,3
6602,3704,110,3
6604,3337,121,1
6605,496,142,3
6606,2713,133,2
6607,452,83,3
6608,3769,89,4
6610,270,3,3
6611,4035,62,5
6613,2985,14,4
6614,2509,2,4
6615,3786,44,2
6616,3769,79,2
6617,3234,42,3
6618,1706,54,2
6619,1900,19,4
6620,3955,8,1
6621,2677,22,2
6622,4791,12,1
6623,161,70,1
6624,355,14,5
6625,1978,11,4
6626,450,124,4
6627,4315,84,3
6628,2880,119,5
6629,2749,112,3
6632,2558,36,2
6633,3158,91,5
6634,2250,116,3
6635,179,57,4
6636,3682,31,1
6637,2011,55,2
6638,4018,90,4
6639,2438,120,2
6640,3559,138,2
6641,3532,77,4
6642,4807,89,5
6643,1795,63,5
6644,4322,69,3
6645,1040,135,2
6646,3830,6,1
6647,644,89,3
6648,794,77,5
6649,4270,98,1
6650,4324,17,5
6651,1033,3,2
6652,4154,30,4
6653,2137,100,1
6655,2022,39,5
6656,551,77,1
6657,11,64,1
6658,3882,33,4
6659,1148,47,1
6660,1662,131,1
6661,2059,53,1
6662,645,72,4
6665,2618,76,2
6666,874,25,3
6668,847,6,3
6669,3683,106,4
6670,4560,99,5
6671,3351,29,3
6672,1917,73,1
6673,1096,113,3
6674,2841,133,5
6675,1449,114,4
6676,1062,14,4
6678,2221,32,5
6679,3605,37,1
6684,2552,108,5
6686,1510,47,4
6687,3241,2,5
6688,907,123,3
6689,4048,126,2
6690,676,42,1
6692,387,140,2
6693,3056,54,1
6694,1027,106,2
6695,3404,49,3
6697,936,80,3
6698,2029,100,2
6699,2583,40,1
6701,1998,48,1
6702,798,29,2
6704,933,67,4
6706,3474,71,1
6707,1849,52,3
6708,3386,145,3
6709,2665,85,5
6710,1751,77,1
6711,3498,94,4
6712,2238,141,2
6713,2446,80,5
6714,4764,53,2
6715,1352,26,5
6716,3879,87,2
6717,4254,22,1
6718,4217,68,3
6719,3671,112,4
6720,27,137,1
6721,2075,30,2
6722,4939,22,4
6723,934,147,4
6724,172,70,1
6725,4799,137,1
6726,3941,100,2
6727,3637,76,2
6728,4292,129,2
6729,246,13,3
6730,2262,23,1
6731,2551,150,3
6732,988,39,3
6735,3563,14,2
6736,2942,115,2
6737,378,100,5
6738,2949,129,5
6739,3976,21,4
6740,4247,73,2
6741,1949,98,5
6742,1674,11,2
6743,1850,101,2
6744,909,133,5
6745,2625,111,5
6746,4076,78,1
6747,432,66,3
6748,4997,63,5
6749,2888,12,4
6750,4538,106,4
6751,2728,36,4
6752,1765,11,4
6753,4675,33,1
6755,2338,49,5
6757,2638,140,3
6758,953,11,4
6759,2676,112,4
6760,1719,142,1
6761,1172,36,2
6762,2328,47,2
6763,4676,48,3
6765,758,52,4
6768,1064,7,2
6769,2342,122,1
6770,2637,121,5
6771,663,40,2
6772,3371,80,5
6773,3545,23,1
6774,1787,144,2
6775,3736,51,4
6776,512,106,3
6777,3446,82,5
6779,4740,61,5
6780,4134,88,5
6781,1724,38,1
6782,4584,133,1
6783,1882,37,4
6784,3603,9,3
6785,49,138,3
6786,2780,75,5
6787,755,129,3
6789,1555,17,1
6791,1434,62,1
6792,1250,78,1
6793,3196,15,2
6794,4591,17,4
6796,3504,113,5
6797,1027,6,5
6798,4474,15,3
6799,239,39,5
6800,1734,89,4
6801,1320,84,3
6802,4138,11,4
6803,2988,145,1
6804,4808,23,1
6805,1031,73,1
6806,3605,113,2
6807,1320,134,3
6808,1891,83,1
6809,606,123,1
6810,1956,82,2
6811,193,120,1
6812,3032,14,5
6813,4158,10,4
6814,1842,72,3
6815,920,129,3
6816,2584,74,3
6817,1605,15,1
6818,362,87,1
6819,2952,90,1
6820,3522,39,5
6821,4887,71,5
6822,2061,114,2
6823,1444,53,4
6824,2891,142,1
6827,3028,48,3
6828,623,95,5
6829,3562,43,3
6831,3685,20,4
6832,820,144,2
6833,3616,80,5
6834,1435,93,2
6835,3803,83,4
6836,1076,140,2
6838,2563,127,3
6839,686,88,1
6841,3048,125,5
6842,1118,89,5
6843,312,41,3
6844,2471,137,3
6845,1905,72,4
6846,4846,125,4
6850,4549,146,5
6851,3188,75,2
6852,1690,68,1
6853,173,6,1
6855,2821,147,4
6856,3411,65,3
6857,487,78,4
6858,2905,132,2
6859,4328,143,4
6860,3746,149,5
6861,237,37,1
6862,1829,76,3
6863,4258,55,5
6864,431,43,2
6865,1039,80,2
6866,1152,75,4
6867,4503,47,5
6868,1356,64,5
6869,2903,138,3
6870,762,133,2
6871,3999,69,1
6872,2124,128,5
6873,541,37,1
6874,588,105,2
6875,3587,64,2
6876,2635,101,5
6877,2173,91,4
6878,4574,116,5
6879,1545,110,2
6880,2996,67,1
6881,1479,115,4
6882,3371,149,5
6884,1889,52,2
6885,1481,101,4
6886,476,85,1
6887,4418,101,2
6888,1451,82,4
6889,2165,52,4
6890,1178,5,3
6891,4159,72,5
6892,4794,101,5
6893,2981,87,2
6894,2660,107,4
6895,665,138,2
6896,3913,54,5
6897,3174,48,1
6899,549,125,2
6900,2295,58,4
6901,3173,117,4
6902,3267,70,4
6903,410,57,4
6905,625,126,3
6906,1811,20,4
6907,848,37,5
6908,3587,30,3
6909,3787,77,4
6910,17,76,3
6911,4853,60,4
6912,813,106,5
6913,4462,34,5
6914,3140,110,4
6915,3504,97,3
6916,1956,5,4
6917,92,144,2
6918,1896,147,1
6920,4074,149,5
6921,1013,45,1
6922,2138,44,1
6924,2410,111,4
6925,3875,93,4
6926,1501,91,1
6927,1790,136,5
6929,4906,104,5
6930,3669,76,2
6931,4653,68,4
6932,2638,40,5
6933,2195,100,2
6934,3383,65,1
6936,938,12,1
6937,4662,103,1
6939,1072,43,3
6940,1156,80,3
6941,3289,28,1
6943,1550,104,3
6944,2566,100,5
6945,3456,83,5
6946,1448,131,4
6947,4023,50,1
6948,1610,104,2
6949,4180,94,5
6950,3710,150,1
6951,4713,141,5
6952,3870,67,1
6953,857,109,5
6954,443,99,5
6955,2574,7,1
6956,3774,124,1
6957,4435,86,5
6958,2793,65,5
6959,441,119,4
6961,1587,107,5
6962,2465,3,2
6963,1156,9,5
6964,2985,45,2
6965,2127,135,2
6966,1370,17,4
6967,3251,125,3
6968,2051,108,2
6969,1455,39,5
6970,1261,122,4
6972,321,99,3
6973,3678,54,4
6974,4018,68,2
6975,46,27,3
6976,4518,149,5
6977,368,38,2
6978,3807,83,1
6979,4213,5,5
6980,286,129,3
6982,2752,99,2
6983,325,40,4
6984,2425,113,3
6985,784,15,4
6987,4889,55,1
6988,3201,142,5
6989,857,19,2
6990,4395,134,3
6991,1741,84,3
6993,4107,67,3
6994,360,13,5
6995,3892,139,5
6996,4463,78,1
6997,1197,149,1
6998,2997,13,2
6999,4635,5,1
7000,4072,50,5
7001,2702,42,2
7002,3174,120,3
7003,4041,91,3
7004,1182,115,1
7005,1176,64,3
7006,4593,67,1
7007,647,125,2
7008,919,84,3
7009,4213,4,3
7011,29,64,4
7012,4012,86,3
7015,618,88,2
7017,695,5,1
7018,4333,138,4
7019,2829,103,5
7020,1649,53,2
7021,2313,25,3
7022,4771,1,4
7023,273,78,5
7024,466,42,2
7025,1061,100,2
7026,3180,86,5
7027,1440,68,5
7028,4680,79,4
7029,4020,39,2
7030,4845,43,1
7033,2067,7,4
7034,4292,22,4
7035,777,57,5
7036,579,87,1
7037,3211,114,4
7038,2434,38,3
7039,3412,40,4
7040,3309,7,1
7041,2504,101,1
7043,3938,54,4
7044,4942,127,4
7045,1520,46,2
7046,2556,19,5
7047,3377,28,5
7048,866,150,5
7049,4992,74,5
7050,2553,10,5
7051,3753,24,3
7052,4580,49,5
7053,4124,134,4
7054,2261,100,4
7055,4387,82,2
7056,2154,33,4
7058,1135,39,2
7059,4028,103,2
7060,592,121,3
7061,1128,84,2
7062,556,5,5
7063,3405,142,5
7064,1131,13,1
7065,2589,6,4
7066,104,132,3
7067,2139,129,5
7068,2017,96,1
7069,880,100,1
7071,4145,90,5
7072,775,124,3
7073,4526,99,1
7074,4569,97,3
7075,1612,73,2
7076,1161,120,3
7078,3269,20,1
7079,3137,15,5
7080,3505,20,5
7081,3121,73,4
7082,3707,139,2
7083,4080,35,4
7084,917,110,5
7085,3056,40,3
7086,3208,149,5
7087,1601,109,3
7088,4567,101,3
7090,3724,17,4
7091,4736,121,5
7092,3477,6,2
7093,3941,104,1
7094,2328,128,5
7095,4288,99,4
7096,4093,21,4
7097,1860,149,5
7098,3615,89,4
7099,1788,73,1
7100,1249,26,2
7101,3403,108,2
7102,3727,130,2
7103,1457,54,2
7104,3384,45,4
7105,585,12,4
7106,3677,118,3
7107,4792,78,4
7108,122,140,5
7109,2094,75,4
7110,224,28,1
7111,3223,43,2
7112,2133,121,5
7113,4375,86,2
7115,3919,79,3
7116,461,1,3
7117,11,141,2
7118,4093,110,4
7119,226,143,4
7120,1161,112,2
7121,2173,88,4
7122,4947,1,1
7123,3401,27,4
7124,1341,40,1
7125,516,36,1
7126,2978,147,2
7128,2180,143,4
7129,3838,78,3
7130,925,120,4
7132,1932,47,1
7133,4811,99,2
7134,839,129,5
7135,3101,9,3
7136,938,135,1
7137,2217,131,4
7139,4599,16,2
7140,910,141,4
7141,3368,48,1
7142,3192,7,5
7143,448,146,5
7144,1530,68,3
7145,2160,103,1
7146,4700,33,5
7147,3154,72,4
7148,1542,144,3
7149,974,46,1
7150,1397,97,3
7151,1433,10,1
7152,3702,1,1
7154,2173,16,3
7155,1830,146,5
7156,3918,48,4
7157,4713,1,4
7160,585,24,4
7161,4076,38,1
7164,4729,66,3
7165,2031,18,5
7166,1883,60,5
7167,4652,121,5
7168,3780,11,2
7170,3967,118,3
7171,3774,9,4
7172,3017,63,5
7173,538,135,3
7174,1850,118,3
7175,2746,32,3
7176,1397,53,1
7178,4301,27,1
7179,3712,84,3
7181,1104,87,4
7182,2709,131,5
7183,3686,138,2
7185,1239,134,4
7186,2335,52,5
7187,2826,19,5
7188,155,70,3
7191,3923,133,3
7192,2623,105,4
7193,1786,76,4
7194,4752,136,2
7195,4622,42,2
7196,4936,93,1
7197,1855,105,3
7198,1609,47,5
7199,2917,128,2
7200,4070,122,2
7201,2524,145,1
7202,4496,37,1
7203,3486,73,3
7204,4908,42,1
7205,2182,103,3
7207,1225,42,4
7208,45,142,1
7209,4432,30,5
7210,1550,43,1
7211,3507,88,2
7212,4399,32,1
7213,3520,28,2
7214,3533,16,5
7215,4432,93,1
7217,1930,132,3
7218,2403,58,5
7219,3330,58,2
7220,41,48,2
7221,760,147,1
7222,4573,137,2
7224,4268,118,5
7225,421,97,2
7226,2094,116,5
7227,2179,99,3
7228,1275,67,2
7229,3907,57,1
7230,57,26,4
7231,1242,46,1
7232,1031,23,1
7233,890,89,4
7234,4118,127,3
7235,3166,107,4
7236,305,61,4
7237,3736,21,3
7238,2632,68,2
7239,4387,77,4
7241,748,98,2
7242,805,77,3
7244,2746,142,5
7245,2230,81,5
7246,3788,110,1
7248,2407,23,4
7249,4863,70,1
7250,895,48,3
7251,1426,133,3
7252,694,141,4
7253,4195,74,2
7254,1222,117,4
7255,1737,18,4
7256,4075,93,3
7257,1336,82,3
7259,443,141,3
7260,4429,143,1
7261,2156,77,2
7262,409,98,2
7263,2720,147,1
7264,2913,136,4
7265,2784,86,1
7266,1482,100,4
7267,2083,129,5
7268,3248,81,1
7269,1943,8,3
7270,4018,32,2
7271,4830,62,4
7272,3120,77,1
7274,3233,79,2
7275,3466,112,2
7276,1019,14,3
7278,2423,48,2
7279,1734,40,1
7280,963,11,4
7281,4491,9,4
7282,4580,133,5
7283,4522,116,4
7284,3522,130,2
7285,725,9,2
7286,4362,47,3
7287,366,69,3
7289,2173,63,3
7291,104,87,3
7292,4679,5,2
7293,290,29,5
7294,4391,103,1
7295,4158,94,1
7296,4456,120,4
7297,752,99,2
7298,1857,123,1
7299,736,129,2
7300,3220,27,3
7301,3905,135,4
7302,3047,87,1
7303,4786,2,2
7304,2934,99,2
7305,2109,79,5
7306,496,8,2
7307,182,19,4
7309,4770,121,3
7311,3966,45,4
7312,1217,66,3
7313,3874,145,1
7314,3932,18,5
7315,4819,129,5
7316,618,99,5
7317,1040,79,3
7319,377,134,2
7320,4211,71,5
7321,1277,75,2
7322,2506,100,3
7323,3940,111,5
7324,808,19,3
7325,1356,136,5
7326,4429,42,5
7327,3148,142,2
7328,3043,64,3
7329,1415,68,3
7330,158,121,1
7331,710,55,3
7332,3940,131,1
7333,1826,113,3
7334,3065,32,4
7336,2149,117,4
7337,3044,19,3
7338,762,38,4
7339,628,112,1
7340,763,124,2
7341,1422,33,3
7342,810,82,3
7343,807,4,3
7344,229,58,1
7346,877,10,5
7348,1853,143,1
7349,4288,20,3
7350,987,125,3
7351,403,135,4
7352,4480,31,5
7353,1650,95,5
7354,2449,17,3
7355,2363,22,1
7356,4794,23,5
7357,660,126,5
7358,2227,15,3
7359,2068,104,4
7360,821,98,3
7361,1573,52,3
7362,3154,98,3
7363,1802,91,1
7364,4482,89,2
7365,2220,16,5
7366,4392,49,5
7367,2421,101,1
7368,4701,48,4
7369,4615,39,5
7370,2925,110,1
7371,4504,52,4
7372,1113,11,4
7373,2247,4,5
7374,136,83,4
7375,3068,16,5
7376,3283,36,5
7377,3622,14,5
7378,3999,77,5
7379,4787,110,2
7380,4285,8,4
7381,1365,136,5
7383,4600,113,1
7384,1378,77,3
7385,715,33,2
7386,776,55,4
7387,2163,10,3
7388,2159,7,5
7389,4212,140,3
7390,3744,139,2
7391,2708,79,5
7392,4048,140,4
7393,4542,127,5
7394,2449,113,2
7395,1401,103,3
7397,3977,100,5
7398,2445,105,1
7399,2211,22,1
7400,1286,70,1
7401,861,105,4
7402,830,103,2
7403,1484,144,2
7404,1282,50,3
7405,285,34,2
7407,3200,147,1
7408,4027,71,4
7409,1127,54,5
7410,304,13,4
7411,1727,74,4
7412,625,123,2
7413,607,24,1
7414,4574,60,4
7415,4895,3,2
7416,1817,75,1
7417,1804,37,1
7419,3647,25,3
7420,232,129,5
7421,1336,69,3
7422,2980,105,2
7423,652,11,2
7424,366,62,4
7425,4738,123,5
7426,3316,108,4
7427,3251,66,1
7428,4182,150,3
7429,1741,37,4
7430,2096,52,3
7431,2351,35,4
7432,134,132,5
7433,433,129,5
7434,1573,20,4
7435,2644,22,2
7436,2896,118,1
7438,406,10,5
7439,1734,70,3
7440,3521,10,5
7441,1436,39,1
7443,793,147,5
7444,3018,45,1
7445,3600,101,2
7446,378,23,4
7447,1677,12,2
7449,993,40,4
7450,2553,140,1
7451,2411,105,2
7453,2109,53,5
7454,3780,51,2
7455,611,48,3
7456,3123,100,5
7457,1650,97,1
7459,2388,29,1
7460,4532,143,4
7461,1640,16,3
7462,1656,49,2
7463,2004,71,4
7465,4386,84,2
7466,4576,97,2
7468,1686,16,2
7469,4333,64,4
7470,802,55,4
7471,4253,53,4
7472,4010,21,3
7473,2938,49,2
7474,1321,44,2
7475,4364,31,4
7477,3771,5,5
7478,1964,134,2
7479,4825,69,3
7480,1899,12,5
7482,3212,109,2
7483,899,150,5
7484,3857,66,4
7485,122,32,5
7486,3159,47,5
7487,4229,46,4
7488,2332,34,1
7489,2848,32,5
7490,1863,80,4
7491,791,129,3
7492,953,115,1
7493,1631,97,2
7494,4474,133,3
7495,1398,31,5
7496,2168,24,5
7497,4980,30,4
7498,2526,96,2
7500,3758,42,4
7501,1336,97,2
7503,3642,85,4
7504,2163,68,3
7505,3817,93,5
7507,1389,113,1
7508,4795,73,3
7509,2334,10,5
7511,4614,62,3
7512,1931,110,2
7513,29,113,3
7514,2917,123,2
7515,3066,31,4
7516,2851,122,5
7517,1681,126,1
7518,3221,133,1
7519,4190,30,3
7522,3843,32,4
7525,1931,123,5
7527,3500,67,4
7528,589,83,3
7529,872,85,2
7531,1512,93,1
7533,3553,83,1
7534,1044,53,1
7535,4510,8,4
7537,4594,99,4
7538,2814,16,3
7540,797,72,5
7541,1656,145,2
7542,830,38,4
7543,2936,75,1
7544,2135,142,1
7545,4499,99,2
7546,1430,138,5
7547,4101,105,4
7548,2199,104,3
7549,4974,21,4
7550,4832,145,2
7551,2072,66,1
7553,4884,16,2
7554,1916,122,3
7555,2703,9,2
7556,108,20,4
7557,552,19,5
7558,4422,57,1
7559,361,1,3
7561,3850,17,3
7563,4304,34,3
7564,2458,45,1
7565,57,132,5
7566,3863,77,1
7567,3751,43,5
7568,3520,49,3
7569,2909,143,1
7570,4033,119,1
7572,725,44,3
7573,1583,82,5
7574,2705,81,3
7576,3536,122,5
7577,4275,21,5
7578,385,9,5
7579,2607,119,1
7580,3020,113,4
7581,3330,64,3
7582,4814,8,4
7583,1442,121,4
7584,1715,93,2
7585,3571,99,4
7586,1486,68,5
7587,2176,139,3
7588,25,104,5
7589,4149,62,1
7590,1880,9,3
7591,3919,54,5
7592,3411,90,3
7593,1380,80,3
7595,2358,125,1
7596,3610,66,4
7597,1025,11,4
7598,4102,138,4
7599,53,144,1
7600,428,130,4
7602,4600,114,2
7603,4904,101,2
7604,2582,134,4
7605,732,10,3
7607,2869,128,5
7609,760,132,1
7610,3526,122,1
7611,3581,81,4
7612,1793,84,5
7613,1711,24,1
7614,1981,37,4
7616,4094,43,1
7617,3511,8,1
7618,534,130,4
7619,1661,147,4
7620,3506,29,1
7621,4534,123,1
7622,3801,52,1
7623,538,100,5
7624,652,17,2
7625,662,62,2
7628,3782,76,1
7629,2524,9,3
7631,653,61,5
7632,2085,93,2
7633,2653,66,2
7634,583,61,2
7635,2583,111,2
7637,1862,32,2
7639,1478,32,3
7640,1442,39,1
7641,4232,147,1
7642,4791,57,5
7643,518,22,5
7644,3464,6,5
7645,4619,130,5
7646,1936,82,5
7648,4447,116,5
7649,297,143,1
7650,2325,70,2
7651,4710,98,3
7652,4783,121,2
7653,3970,66,2
7654,2160,142,3
7655,4431,54,2
7656,4971,86,4
7657,4174,135,1
7658,2020,138,3
7659,2658,117,2
7660,1412,49,3
7661,477,19,4
7662,4859,23,3
7663,3473,133,5
7664,4970,90,1
7665,3147,66,2
7666,1754,87,5
7667,3089,134,3
7668,4811,93,3
7670,3236,17,4
7671,3602,113,2
7672,1750,4,5
7673,3903,60,1
7674,2910,9,3
7675,2055,77,5
7676,3740,87,1
7677,1635,75,2
7678,3850,125,5
7679,1836,130,3
7680,1191,32,1
7681,4266,39,2
7682,687,134,3
7683,4214,73,1
7684,2379,23,4
7685,4184,43,3
7686,4173,73,4
7687,886,20,2
7688,2915,27,1
7689,4307,138,2
7690,1794,68,3
7691,856,136,5
7692,2600,121,4
7693,3776,115,3
7694,3730,52,5
7695,3623,64,4
7696,1188,85,2
7697,3596,116,1
7698,844,87,5
7700,4617,9,2
7701,3750,87,5
7702,128,18,5
7703,4839,133,4
7704,566,104,4
7705,4689,149,2
7706,4404,50,1
7707,4047,11,5
7708,4371,47,4
7709,4723,61,2
7710,108,49,2
7711,4155,21,2
7713,3369,50,2
7714,2695,79,4
7715,4265,74,5
7716,95,96,3
7718,1810,25,2
7719,2329,129,1
7720,2015,119,2
7722,4684,108,2
7723,2758,120,1
7725,4453,13,1
7726,1507,127,2
7727,689,49,1
7728,4403,105,2
7729,1891,93,1
7730,4807,2,5
7731,1049,77,5
7733,3981,32,4
7734,3131,26,1
7735,1015,47,1
7737,2005,41,1
7738,4733,35,5
7739,4156,73,4
7740,297,26,5
7741,763,22,5
7742,1163,1,4
7743,2435,46,5
7744,2403,64,1
7745,2496,32,5
7746,4968,23,2
7747,870,27,3
7748,1713,112,1
7749,2396,1,3
7750,4587,8,3
7751,1194,8,5
7752,1446,49,3
7753,4614,117,2
7754,2584,106,4
7755,775,109,1
7758,2033,43,5
7760,4175,142,1
7763,3197,134,3
7764,822,111,2
7765,4430,30,1
7766,2380,140,4
7767,2320,10,4
7768,3777,124,1
7769,4616,81,2
7770,2944,140,2
7771,1134,117,2
7772,413,46,1
7773,1252,93,3
7774,80,67,3
7775,2935,94,4
7776,1997,89,3
7777,2431,78,5
7778,1148,5,3
7779,2215,23,5
7780,802,147,5
7781,2211,48,2
7782,4697,129,3
7783,4913,106,1
7784,2628,88,3
7785,4354,98,1
7787,2756,145,3
7788,858,130,3
7789,2005,22,4
7790,3022,110,1
7791,2420,50,5
7793,2992,85,5
7794,752,100,4
7795,2787,38,2
7796,3139,95,4
7797,832,32,4
7798,2982,101,4
7799,112,63,3
7800,939,22,5
7801,3765,58,2
7802,4790,40,3
7803,4921,129,1
7804,1521,53,5
7805,3638,75,2
7806,2026,15,4
7807,3482,12,3
7808,2743,85,1
7809,2970,139,1
7810,3218,80,5
7811,4047,134,3
7812,3206,7,4
7813,1661,73,4
7814,1177,37,2
7815,2758,108,5
7816,363,41,4
7817,1600,115,3
7818,3543,121,4
7819,1282,29,2
7820,2093,150,3
7821,1428,68,1
7822,2220,48,3
7823,599,88,4
7824,582,63,1
7826,3423,3,2
7827,330,85,5
7828,3158,146,2
7829,4486,94,5
7830,352,4,5
7831,2937,55,1
7832,451,69,4
7833,3325,26,1
7834,2686,90,4
7835,106,132,5
7836,50,123,5
7837,3972,65,1
7838,4833,118,2
7839,4902,118,2
7840,2305,68,3
7841,4436,6,4
7842,1657,32,5
7843,3243,71,4
7844,1397,95,4
7846,3369,113,4
7847,732,63,2
7849,2732,16,3
7850,1986,31,4
7851,1452,83,1
7852,2146,62,4
7855,3694,131,2
7856,3032,84,2
7857,411,150,4
7858,4729,141,4
7859,1867,83,5
7860,2276,127,4
7861,926,93,4
7863,1341,47,2
7864,4072,129,2
7865,322,106,1
7866,235,70,1
7867,4159,88,1
7868,2391,142,1
7869,3530,143,5
7870,535,64,4
7871,4327,50,3
7872,3953,103,5
7873,216,54,2
7874,3711,75,3
7876,2177,87,3
7877,2014,132,4
7878,1409,149,5
7879,2307,117,5
7880,2163,131,1
7881,3487,138,4
7883,2955,116,4
7884,237,65,1
7885,1964,106,3
7886,4306,150,3
7887,1772,132,1
7888,3008,106,4
7889,652,100,1
7890,3638,142,3
7891,1075,95,3
7892,2352,143,3
7893,793,147,1
7894,3937,134,5
7895,3113,72,4
7896,4081,27,5
7897,2558,31,4
7898,1063,46,4
7899,262,88,4
7900,3396,60,5
7901,3204,55,1
7902,1190,29,2
7904,4155,77,1
7905,2852,106,2
7906,3433,137,1
7908,1347,131,4
7909,2012,126,2
7910,1558,126,5
7911,802,35,4
7912,3656,129,1
7913,3619,31,1
7914,1625,103,4
7915,3232,29,5
7916,1350,72,3
7917,1070,12,2
7918,4549,139,4
7919,1740,79,5
7920,4495,1,3
7921,1468,100,3
7922,2588,134,5
7923,2555,55,2
7924,714,52,2
7926,4921,80,5
7927,1195,76,4
7928,4999,147,1
7929,4153,66,5
7931,2566,131,1
7932,391,74,3
7933,539,33,3
7934,2068,119,2
7935,1280,10,3
7936,3397,108,1
7937,3608,113,1
7938,3070,94,3
7939,4159,34,4
7940,1687,27,1
7941,4558,104,1
7942,3871,140,5
7943,2696,130,3
7944,980,110,5
7945,4247,129,1
7946,3907,103,2
7947,79,5,4
7948,574,75,3
7949,4227,10,2
7950,34,107,1
7951,2479,53,1
7952,3768,45,5
7953,3470,61,3
7954,761,101,3
7955,1286,33,5
7956,1916,14,2
7957,834,131,4
7958,1207,129,2
7959,898,5,5
7960,4266,50,1
7961,2861,48,2
7962,2310,134,5
7963,2434,32,4
7964,1775,31,2
7966,3748,24,5
7967,3052,74,1
7968,2749,125,2
7969,924,108,5
7970,3907,41,3
7972,4514,145,3
7973,3136,1,3
7974,2489,73,3
7975,1759,43,5
7976,1648,66,5
7977,987,41,5
7978,599,62,2
7979,382,25,3
7980,4186,80,1
7981,3969,131,3
7982,4991,112,1
7984,1068,57,4
7985,2154,2,5
7986,1997,6,3
7987,4990,7,3
7988,2732,4,1
7989,2705,42,1
7991,860,94,2
7993,3879,94,1
7994,963,75,1
7995,1758,136,5
7996,3784,11,3
7997,4524,142,5
7998,4024,126,5
8000,3598,89,5
8001,772,142,2
8002,304,53,2
8003,2395,6,4
8004,4107,22,3
8005,238,129,2
8006,1649,131,2
8007,4885,40,5
8008,611,42,4
8009,4311,114,5
8010,1512,136,2
8012,2682,13,1
8013,877,63,4
8014,4312,144,1
8015,1364,68,4
8017,2235,13,1
8018,4724,119,5
8019,3044,22,1
8020,2645,78,2
8021,2815,20,2
8022,3733,85,5
8023,3830,50,5
8025,881,9,1
8026,2096,138,1
8027,2606,17,3
8028,2424,62,5
8030,3875,15,2
8031,2523,4,5
8033,3090,70,3
8034,2709,19,3
8035,3893,6,4
8036,3492,111,4
8037,3195,9,1
8038,3873,90,4
8039,4101,120,1
8040,4599,30,4
8041,509,82,4
8043,2505,68,5
8046,2493,82,2
8047,1305,121,4
8048,3028,106,4
8049,663,30,4
8050,553,139,5
8051,4297,149,2
8052,472,116,2
8053,4541,14,1
8054,1532,7,3
8055,3148,1,1
8056,4646,47,3
8057,4142,117,5
8058,3621,68,5
8059,2198,106,1
8060,1120,128,4
8062,1595,30,2
8063,4317,73,3
8064,2601,53,4
8065,2407,126,3
8067,2103,57,2
8068,1186,21,2
8069,881,37,2
8070,3487,147,4
8071,3789,130,5
8072,3675,5,4
8073,3820,88,5
8074,4775,38,2
8075,2840,3,5
8076,4043,21,3
8077,582,16,2
8078,3358,29,4
8079,4156,131,2
8080,3095,108,4
8081,2912,15,3
8082,4700,30,4
8083,1308,108,1
8084,1616,70,3
8085,4240,81,1
8086,3742,126,4
8088,3475,52,1
8089,1671,101,3
8090,28,34,5
8091,4302,35,5
8092,3339,57,5
8093,3126,57,5
8094,3505,94,1
8095,4035,36,3
8096,3736,3,3
8097,3574,107,3
8098,1505,149,1
8099,3626,116,3
8100,4061,41,2
8101,4525,115,3
8103,536,22,4
8104,1981,13,5
8105,3697,46,1
8106,691,20,3
8107,1864,106,5
8108,4984,37,2
8109,3943,126,3
8110,937,147,3
8111,3565,122,4
8112,348,45,1
8114,2349,48,5
8115,3101,45,1
8116,2542,96,3
8117,3846,43,4
8118,723,11,4
8119,1485,63,5
8120,3587,124,2
8121,4652,57,5
8122,2790,14,5
8123,960,80,3
8125,1904,103,1
8126,3462,139,4
8128,3599,144,5
8129,3222,64,3
8130,2341,84,5
8131,917,44,1
8132,65,94,3
8133,1951,141,1
8135,4267,35,2
8136,1380,40,5
8137,659,126,1
8138,4062,37,5
8139,2069,58,4
8140,1745,122,5
8141,1193,124,2
8142,3472,123,2
8143,1797,61,4
8144,1777,39,3
8145,4087,91,3
8146,587,57,5
8147,686,132,5
8148,1175,37,2
8149,1855,127,2
8150,4164,8,2
8151,2145,10,5
8152,1889,113,1
8153,2864,80,3
8154,4919,119,4
8155,4606,60,3
8156,1662,91,4
8157,1794,88,5
8158,626,100,1
8159,3442,98,5
8160,2884,9,1
8161,3923,23,2
8164,1989,22,2
8165,1138,33,1
8166,3729,139,2
8168,3391,1,1
8169,3385,140,4
8172,4704,21,1
8173,4305,54,2
8174,4658,114,2
8175,3184,129,2
8176,1029,21,1
8177,2646,52,5
8178,3212,19,5
8179,2533,29,3
8180,3157,65,3
8181,1207,107,5
8184,4129,137,2
8185,663,69,2
8186,176,55,5
8187,4919,42,1
8188,2232,38,4
8189,273,6,5
8190,1215,144,2
8191,1405,25,3
8192,47,13,5
8193,4217,124,3
8194,1266,149,4
8195,3321,110,2
8196,272,80,1
8197,2282,55,2
8198,652,124,2
8200,3755,96,3
8201,2126,22,3
8202,1755,3,1
8203,3574,122,4
8204,254,52,2
8205,2590,140,2
8206,4913,9,2
8208,4549,45,2
8209,1902,87,2
8211,2475,32,3
8212,1157,2,4
8213,3588,4,4
8214,1240,32,2
8215,1022,80,5
8216,4194,52,5
8217,822,106,4
8218,86,39,4
8219,4545,144,1
8220,3475,110,3
8221,3078,142,5
8222,3488,110,4
8223,329,41,4
8224,3364,72,5
8225,2384,120,3
8226,3705,44,1
8227,3166,93,2
8228,4279,125,3
8229,379,108,2
8230,2565,127,3
8231,3894,127,5
8232,358,13,1
8233,2200,13,4
8234,146,24,1
8235,1599,129,1
8236,2776,3,4
8237,3978,32,2
8238,4379,71,1
8239,3687,98,4
8240,270,108,4
8241,1085,82,3
8242,1614,70,1
8243,978,61,4
8244,4331,16,1
8245,2795,89,5
8246,2790,103,2
8247,960,83,2
8248,1755,101,2
8249,3383,10,1
8251,742,114,4
8252,116,99,1
8253,2747,61,5
8254,4700,71,5
8255,3185,12,5
8256,4599,107,2
8257,2756,115,1
8258,2138,12,5
8259,3145,107,1
8260,722,98,1
8261,4635,63,2
8262,1645,45,3
8263,1548,99,3
8264,4184,78,3
8265,786,41,4
8266,2686,28,4
8267,150,65,4
8268,240,139,1
8269,3602,101,5
8270,1358,68,5
8271,3588,122,4
8272,4987,85,1
8273,155,29,4
8275,236,88,2
8276,3373,106,3
8277,3045,35,1
8278,895,71,2
8279,2396,99,5
8281,4421,71,4
8282,2758,10,2
8283,3688,36,4
8284,1019,28,5
8285,2840,129,5
8286,3202,44,2
8288,4196,131,3
8289,1049,61,3
8291,1518,21,3
8292,4768,3,5
8293,4682,131,2
8295,2540,43,3
8296,628,145,4
8298,2153,136,3
8300,3982,108,5
8301,4458,147,3
8302,943,131,1
8303,4430,119,2
8304,858,119,1
8305,1232,143,1
8306,2869,86,3
8307,189,39,4
8308,563,118,2
8309,4639,67,1
8310,3505,19,5
8311,2286,45,1
8312,4723,62,1
8313,2249,41,3
8314,4518,103,4
8315,1022,96,1
8316,167,41,4
8318,3878,87,3
8319,4645,68,2
8320,2569,99,2
8321,1218,44,5
8322,233,49,2
8323,961,20,1
8324,4903,28,5
8326,1557,134,4
8327,701,24,3
8328,4755,122,5
8329,3086,78,3
8330,3203,30,4
8332,3814,89,1
8333,2714,138,1
8334,3731,139,4
8335,3363,78,3
8336,3672,57,1
8337,3361,144,4
8338,1497,114,3
8339,515,96,5
8340,3322,127,3
8341,80,86,4
8342,3417,73,2
8343,1309,85,2
8344,1551,39,2
8345,4272,19,5
8346,3605,81,1
8347,2023,30,2
8348,4829,146,1
8349,3956,67,1
8350,4174,76,1
8351,4838,116,2
8352,524,107,5
8353,2446,143,4
8355,1712,119,4
8356,1439,150,2
8357,229,15,5
8358,3224,137,2
8359,3622,49,3
8360,3761,23,2
8361,1478,98,3
8362,2383,58,2
8364,4097,61,2
8366,3622,9,3
8367,4331,12,1
8368,4956,125,1
8369,2082,82,2
8370,869,42,1
8371,1675,109,2
8374,3739,21,1
8375,3890,108,5
8377,4866,18,4
8378,775,17,5
8379,2979,11,2
8380,910,36,2
8381,2903,114,1
8382,3303,118,4
8383,2071,39,3
8384,4000,24,5
8385,77,139,1
8388,830,94,5
8389,1029,127,1
8390,1191,130,5
8391,629,149,5
8392,2179,81,2
8393,3202,2,1
8394,4321,123,4
8395,2879,146,2
8396,3506,120,2
8397,2516,42,4
8398,3626,23,2
8399,2788,125,3
8400,307,118,4
8401,3976,67,3
8402,231,99,1
8403,192,101,1
8404,4064,78,2
8405,2906,2,1
8406,2134,4,1
8407,3516,94,2
8408,1782,38,2
8409,178,76,2
8410,83,124,4
8411,1494,15,5
8412,3703,67,5
8413,446,55,4
8414,534,85,1
8415,3381,79,5
8416,2607,74,5
8417,2239,81,3
8418,139,126,3
8419,3082,147,3
8420,984,80,3
8421,506,51,3
8422,650,20,4
8423,1451,39,3
8424,3457,41,2
8425,2278,25,5
8426,533,134,1
8427,3189,143,3
8428,1246,30,5
8429,3125,93,1
8430,1423,122,1
8431,2188,122,5
8433,4423,105,5
8434,1897,84,1
8436,1497,17,5
8437,1878,55,3
8438,3474,46,1
8440,1248,85,1
8441,632,34,3
8442,3079,86,3
8443,3799,115,1
8444,530,80,2
8445,4392,75,5
8446,176,7,3
8447,2625,8,1
8448,4112,76,4
8449,769,125,5
8451,1876,130,5
8452,2195,88,5
8454,4007,15,2
8455,2374,50,2
8456,267,139,1
8457,4878,46,2
8458,2675,112,4
8460,4685,32,1
8461,4200,10,4
8462,2687,24,3
8463,1544,73,3
8464,516,87,3
8465,57,31,5
8466,238,16,1
8467,1050,104,2
8468,2787,15,3
8469,207,9,1
8470,1329,124,4
8471,3441,143,4
8472,3481,23,1
8474,4059,73,5
8475,946,115,2
8476,2320,24,1
8477,433,88,1
8478,4375,57,3
8479,2301,125,3
8480,1705,143,2
8481,1508,53,5
8482,1905,21,3
8483,3429,26,3
8484,3535,76,2
8485,212,16,4
8487,1158,64,2
8488,4762,38,2
8489,595,122,3
8490,3515,62,4
8491,1285,27,1
8492,4754,41,5
8494,3039,60,2
8495,4658,139,4
8496,4875,37,4
8497,3104,78,4
8499,3389,94,1
8500,897,21,2
8501,4433,80,3
8502,1131,70,3
8503,1500,95,2
8504,1502,3,3
8505,865,133,5
8506,3989,49,5
8507,2648,30,5
8508,3556,15,1
8509,225,143,2
8510,4441,11,2
8511,3012,137,4
8512,2319,11,3
8513,2047,42,4
8514,1522,114,3
8515,2941,57,2
8516,3477,150,2
8517,2615,122,3
8518,1292,114,3
8519,1977,32,3
8520,3315,11,2
8521,2976,90,3
8522,4830,136,1
8523,2194,65,5
8524,4546,27,1
8525,448,54,1
8526,858,110,4
8528,1213,133,2
8529,772,84,2
8531,4411,3,5
8532,2245,143,1
8533,3118,85,1
8534,1711,97,2
8535,1728,110,3
8536,2547,93,5
8538,1740,119,4
8539,467,123,5
8540,1528,34,5
8541,3424,35,1
8543,2993,133,2
8544,1041,132,5
8545,519,86,5
8546,3961,14,2
8547,3928,104,1
8548,3939,49,4
8551,271,50,4
8552,1429,70,5
8553,300,57,4
8554,1154,60,3
8555,4414,126,3
8556,4639,129,4
8557,44,135,5
8558,507,50,4
8559,2336,135,1
8560,2911,91,3
8561,1886,17,3
8562,2630,8,2
8563,4717,120,4
8564,416,121,4
8565,1630,64,1
8566,2775,129,4
8567,1615,33,3
8568,3516,70,4
8569,4128,136,2
8570,4494,30,4
8572,534,131,4
8573,2830,60,1
8574,2257,105,2
8575,3660,141,2
8576,3093,20,4
8577,811,117,3
8578,3860,82,5
8579,1070,17,2
8580,2407,73,1
8581,2975,33,2
8582,1939,128,1
8583,3706,79,1
8584,4790,31,3
8585,1603,77,2
8586,284,51,2
8587,3004,9,2
8588,1077,40,1
8589,1686,130,2
8590,543,105,2
8591,2257,104,3
8592,4002,138,1
8593,1360,31,1
8594,422,48,3
8595,654,75,2
8596,2865,13,1
8597,454,106,4
8598,831,132,2
8599,2259,66,2
8600,1684,22,4
8601,3181,29,2
8602,2975,87,1
8603,1236,66,4
8604,2565,36,2
8605,187,31,3
8606,383,100,3
8607,4124,7,3
8608,1042,65,4
8610,1247,131,5
8611,1922,47,2
8612,1998,113,1
8613,4656,53,2
8614,544,32,3
8615,748,31,3
8616,2164,64,5
8618,219,18,2
8619,537,99,5
8620,38,31,2
8622,4189,73,2
8624,3002,80,5
8625,2456,125,4
8626,2740,134,4
8627,1250,68,5
8628,876,26,5
8630,2061,39,1
8631,4198,6,3
8632,3691,139,1
8633,3643,53,2
8634,3910,42,5
8635,4975,103,2
8636,1556,100,2
8637,838,131,5
8638,3745,75,5
8639,4498,115,3
8640,4225,112,3
8641,4872,24,3
8642,1092,127,3
8643,3730,41,1
8644,1920,141,5
8645,4721,57,2
8646,1444,139,4
8647,649,147,3
8648,569,1,1
8649,4045,114,4
8650,424,105,2
8651,2118,72,1
8653,531,60,3
8654,2845,94,4
8655,3638,132,2
8658,2279,53,2
8659,3682,122,3
8660,1759,46,2
8661,2054,34,2
8662,104,121,4
8663,4302,32,5
8664,1989,150,3
8665,1565,86,4
8666,638,144,2
8667,2154,95,5
8668,54,24,1
8669,3780,60,3
8670,2693,107,2
8671,2497,94,5
8672,2002,142,5
8673,1611,134,2
8674,4296,141,5
8675,4934,146,1
8676,4240,83,3
8677,2804,71,2
8678,1499,14,2
8679,3795,135,3
8680,4346,12,5
8681,4993,37,3
8682,1758,117,5
8683,1963,66,1
8684,73,117,1
8685,4851,26,5
8686,175,117,4
8687,168,45,1
8688,3459,47,3
8690,958,130,5
8692,2528,149,4
8693,2071,106,5
8696,1819,74,2
8697,4422,13,5
8698,1904,104,2
8699,217,44,3
8700,2641,58,2
8701,4701,21,5
8702,1494,82,2
8703,3947,42,4
8704,4326,29,4
8705,4605,141,3
8706,4033,8,2
8708,2546,30,2
8710,496,150,5
8711,1808,88,4
8712,691,120,3
8714,4402,89,2
8715,2485,6,2
8716,2282,3,5
8717,2426,81,1
8718,3954,87,5
8719,438,136,5
8720,3627,17,2
8722,4822,35,4
8723,2798,55,4
8724,3852,109,5
8726,1746,65,4
8727,3294,3,3
8728,3819,72,3
8729,624,132,4
8730,3510,4,5
8732,4343,32,4
8733,2517,87,3
8734,2367,144,5
8735,89,126,5
8736,2516,143,5
8738,457,141,5
8739,1138,94,2
8740,2430,125,5
8741,2872,63,3
8742,3878,54,5
8743,2666,91,5
8744,256,89,3
8745,4709,121,3
8746,2035,125,1
8747,1121,32,2
8748,3710,3,2
8749,1131,137,4
8750,1483,112,3
8751,3470,30,5
8752,199,99,4
8753,3785,36,4
8754,3968,104,2
8755,4477,121,2
8756,159,69,2
8757,736,76,2
8758,4542,138,1
8759,677,147,1
8760,2453,34,3
8761,4062,7,1
8762,1420,57,2
8763,2347,18,5
8764,3863,63,5
8765,582,110,5
8766,1998,84,4
8767,4893,57,1
8768,683,91,3
8769,2126,125,2
8770,704,128,3
8771,4924,6,4
8772,1997,95,4
8773,1200,85,4
8774,411,119,4
8775,4943,137,5
8776,1419,26,4
8777,1817,100,3
8778,4403,48,2
8779,4797,52,2
8780,4792,105,3
8782,2526,136,1
8783,1847,126,2
8784,4090,112,5
8786,191,118,4
8788,1653,106,2
8790,3234,90,2
8791,2428,119,4
8792,3115,60,5
8793,2030,110,1
8794,2896,127,4
8795,2070,90,1
8796,4902,22,5
8797,1019,96,2
8798,1154,143,2
8800,3847,57,5
8801,2783,14,4
8802,1285,99,1
8803,736,9,5
8804,2568,19,1
8805,4767,127,2
8806,4461,61,3
8807,3803,30,5
8808,4786,123,5
8810,747,6,4
8812,3186,98,2
8813,1634,53,4
8814,2471,7,1
8815,3634,95,5
8816,649,80,4
8817,3026,146,1
8818,1145,51,3
8819,8,136,3
8822,4603,50,1
8823,4415,10,5
8824,847,88,2
8825,3678,6,3
8826,307,105,5
8827,2364,99,5
8828,868,67,3
8829,238,127,2
8830,517,51,4
8831,4417,89,5
8832,2681,69,3
8833,4547,26,5
8834,3793,144,4
8835,4660,117,4
8836,2970,134,5
8837,4900,105,2
8839,4526,97,5
8840,422,30,5
8841,1137,97,1
8842,1286,13,2
8843,2647,142,5
8844,1099,45,4
8846,3735,38,1
8847,660,121,5
8848,3305,25,5
8849,501,84,1
8850,4694,47,2
8851,1968,88,1
8852,4611,123,1
8853,1394,37,2
8854,3231,18,1
8855,1825,146,4
8856,2287,5,3
8857,2003,112,2
8858,3141,110,2
8859,4858,109,4
8861,1728,22,5
8863,1602,17,2
8864,2040,41,2
8865,745,66,3
8866,4777,90,3
8868,3134,20,2
8869,1804,5,2
8870,2532,80,2
8873,1429,19,5
8874,3175,16,1
8876,4579,98,1
8877,3241,29,4
8878,3867,106,2
8879,317,139,4
8880,3944,87,2
8881,3191,125,4
8882,2454,33,1
8883,4182,53,5
8885,2003,78,1
8886,3328,117,3
8887,1408,82,3
8888,4417,96,1
8889,3255,5,4
8890,166,86,1
8892,1390,108,1
8893,3733,34,3
8894,2731,21,4
8895,1925,67,4
8896,1222,139,5
8897,2588,126,4
8898,735,76,3
8899,903,8,2
8900,4538,67,5
8901,2482,127,2
8903,4337,55,2
8906,2375,107,5
8907,3919,81,4
8908,4,114,5
8909,303,19,2
8910,1240,118,5
8911,4382,23,2
8912,3298,122,2
8914,2354,80,1
8915,2597,95,4
8916,683,3,3
8917,2535,19,2
8918,997,19,5
8920,3089,11,5
8922,508,98,3
8924,422,74,3
8925,1101,44,2
8926,1310,140,4
8927,3544,73,5
8928,2211,64,3
8929,2635,142,1
8930,1794,128,5
8931,1832,142,2
8932,725,29,3
8933,3598,111,5
8935,263,85,5
8936,597,83,4
8937,4086,39,4
8938,3550,73,5
8939,2184,47,2
8940,2642,100,5
8941,4092,27,5
8942,2045,57,2
8943,3536,18,3
8945,617,70,3
8946,3217,10,4
8947,2531,131,2
8948,2065,84,2
8949,1108,57,2
8950,3324,125,1
8951,3727,131,3
8952,1813,112,4
8953,3840,66,2
8954,4997,42,5
8956,417,107,5
8957,1939,2,5
8958,1059,89,2
8959,3204,13,4
8961,4570,106,1
8962,3326,117,3
8963,2456,127,3
8965,1243,72,5
8966,3783,29,4
8967,1379,138,3
8968,4462,121,2
8969,4106,70,4
8971,1757,77,3
8972,2159,143,4
8974,4449,147,2
8975,4298,123,1
8976,1172,140,3
8977,1663,123,5
8978,2031,114,2
8979,4514,88,1
8980,3360,135,5
8981,1154,27,1
8983,4269,64,3
8984,2018,43,2
8985,73,149,4
8986,1935,80,5
8987,2566,116,1
8988,1739,23,3
8989,1896,63,1
8990,2822,97,1
8991,4804,24,2
8992,3398,49,5
8994,3403,82,1
8997,1265,29,3
8998,2659,122,1
8999,4266,82,4
9000,4258,107,5
9001,2961,47,3
9002,57,58,4
9003,4150,83,1
9004,4265,94,1
9005,3871,145,2
9007,4419,107,4
9008,3708,7,4
9010,4253,77,4
9011,4800,94,5
9013,2059,98,2
9014,2844,48,4
9015,486,133,1
9016,2384,62,1
9017,2598,48,5
9018,294,7,3
9019,4735,38,1
9020,74,127,3
9022,3530,70,4
9023,1978,112,5
9024,1951,112,2
9025,4506,142,5
9026,2095,78,4
9027,1944,41,4
9029,719,105,3
9030,1014,108,5
9031,1240,57,2
9032,1206,43,5
9033,38,19,3
9034,347,112,2
9035,3457,89,4
9036,3635,118,2
9037,1418,22,5
9039,1573,97,1
9040,2401,126,3
9041,4423,133,2
9042,430,44,5
9043,1939,79,4
9046,4153,71,2
9047,3022,116,2
9048,428,39,4
9049,2578,99,4
9050,585,82,4
9051,4525,29,1
9052,900,53,4
9053,1778,74,1
9054,2255,140,3
9055,3805,70,4
9056,1662,142,5
9057,1089,23,5
9058,1376,124,2
9060,3420,22,3
9061,3267,21,1
9062,2984,27,5
9063,420,8,4
9064,1522,49,1
9066,3483,60,2
9068,4092,116,1
9069,3141,2,5
9070,3540,108,1
9071,3945,84,4
9072,262,54,4
9075,467,48,3
9076,1074,68,2
9077,2111,54,1
9079,1662,5,1
9080,1145,109,1
9082,4207,8,4
9084,2499,51,2
9085,2873,118,2
9086,572,130,1
9087,3267,53,4
9088,2673,6,2
9089,3065,29,4
9090,2357,91,4
9092,2191,33,1
9093,1936,33,5
9094,3689,133,2
9095,2478,5,4
9099,2908,135,4
9100,309,38,3
9101,1366,140,2
9104,237,51,5
9105,4127,47,1
9106,2913,6,2
9108,1328,30,5
9110,1083,106,1
9112,3752,113,4
9113,2120,23,5
9114,1199,60,3
9115,2541,80,3
9116,1922,144,5
9117,3015,52,4
9119,4398,137,5
9120,1817,47,3
9121,1245,13,1
9122,4541,93,3
9123,3321,123,2
9124,1110,133,2
9125,335,141,5
9126,2290,60,3
9127,72,18,5
9129,3147,37,3
9130,1505,86,1
9131,4023,33,2
9132,2821,123,3
9133,4502,48,3
9134,2175,72,4
9135,1856,108,3
9136,4084,1,4
9137,4987,41,2
9138,3730,14,4
9139,882,76,2
9140,1188,131,5
9142,809,77,5
9143,2695,18,2
9144,4904,16,5
9145,4557,31,2
9146,2563,20,4
9147,1176,149,3
9148,3721,95,5
9149,3686,136,5
9150,901,21,5
9151,1073,133,5
9152,149,51,5
9153,2144,40,4
9154,1345,133,4
9155,1821,13,4
9156,1443,138,1
9157,4811,83,4
9158,2283,63,2
9159,4915,28,2
9160,598,22,1
9161,4265,66,3
9162,961,79,2
9163,464,98,5
9164,4818,10,1
9165,614,78,5
9166,1122,140,5
9168,3952,20,4
9169,1170,28,1
9170,1079,47,1
9171,3745,39,1
9172,863,10,3
9174,3944,10,5
9175,133,9,5
9176,745,30,5
9177,4013,134,2
9178,3295,24,2
9179,4448,70,4
9180,2770,73,4
9181,44,107,2
9182,1867,125,5
9183,551,121,1
9184,1653,106,3
9185,961,31,2
9186,4007,112,3
9187,3934,136,2
9188,4680,146,3
9190,3889,30,5
9191,13,119,1
9192,2109,2,1
9193,2624,109,1
9194,101,40,1
9196,4567,87,3
9197,2377,63,5
9198,1064,47,3
9199,3215,53,1
9200,3141,127,5
9201,368,54,1
9203,3301,2,5
9204,3830,112,4
9205,1978,58,1
9207,4930,98,1
9208,4192,72,2
9210,3453,4,1
9211,1917,40,2
9212,1717,43,3
9213,2596,128,4
9214,2730,82,1
9215,4385,12,4
9216,3616,125,4
9217,4133,49,5
9218,4118,128,1
9219,3483,86,5
9220,3080,80,5
9221,1986,5,1
9223,2448,66,5
9225,2953,54,2
9226,4439,143,2
9227,3258,17,4
9228,2471,116,1
9230,964,99,2
9231,3000,105,5
9232,3503,48,5
9233,60,62,3
9234,4589,21,5
9235,1933,72,3
9236,2966,80,3
9237,2581,20,2
9238,4774,150,2
9239,4107,13,5
9240,2837,11,4
9241,4887,52,3
9242,3781,78,1
9243,4176,72,1
9244,2780,130,3
9245,2670,54,2
9247,3222,96,5
9248,2178,61,3
9249,4683,82,1
9250,1325,121,4
9251,4565,129,2
9252,3186,13,2
9254,763,78,4
9256,4663,43,3
9257,3744,83,2
9258,1735,41,1
9259,3709,63,3
9260,2994,52,3
9261,2,25,4
9262,2959,107,5
9263,1875,18,4
9264,2618,34,1
9265,2367,67,1
9266,1685,43,1
9267,3207,18,3
9268,653,21,5
9269,3624,6,3
9271,3700,86,4
9272,4477,10,2
9273,4612,57,1
9274,2299,119,1
9275,420,127,3
9276,1686,143,1
9277,1308,84,2
9278,701,138,1
9279,1278,66,1
9281,2307,134,1
9282,364,36,4
9283,1983,30,1
9284,3114,81,5
9285,1103,81,4
9287,4875,57,1
9288,3421,48,1
9289,4180,42,2
9290,3838,115,2
9291,1831,97,1
9292,1274,135,1
9293,353,96,3
9294,385,101,5
9295,3338,128,1
9296,1792,97,3
9297,1120,66,1
9299,2495,146,3
9300,4706,83,4
9301,1201,77,5
9302,3172,104,1
9303,3638,4,5
9305,265,30,4
9306,3784,82,4
9307,1289,72,3
9308,237,83,5
9309,4196,82,5
9310,4386,126,1
9311,1093,129,3
9312,936,50,4
9314,1074,28,2
9315,278,26,2
9316,2688,75,4
9318,902,14,2
9320,2915,38,1
9321,1651,93,4
9322,3380,61,4
9323,1087,7,4
9324,4128,9,2
9325,4758,71,2
9327,2726,103,2
9328,1283,149,5
9329,1335,2,1
9330,4617,120,1
9331,4310,125,1
9332,2753,133,5
9333,3251,40,4
9334,2318,67,3
9335,2949,55,4
9336,2752,136,5
9337,1192,30,1
9338,1483,94,3
9339,2596,49,4
9340,3664,78,5
9341,882,111,3
9342,2549,68,3
9343,1729,46,2
9344,1446,26,5
9345,1520,34,2
9346,267,9,1
9347,4970,22,2
9348,1279,111,5
9349,1240,22,5
9350,3883,47,1
9351,4156,23,2
9352,3954,7,1
9353,961,138,5
9354,1875,38,4
9355,2185,28,2
9356,4535,81,4
9357,1330,131,4
9358,1018,104,3
9359,3267,39,3
9360,410,14,1
9361,340,21,1
9363,3846,77,3
9364,3793,33,2
9365,3958,15,4
9366,1021,149,1
9367,3699,149,4
9368,2099,104,1
9369,4491,141,5
9370,2351,80,2
9371,478,130,3
9372,1820,144,3
9373,1411,46,4
9374,3643,61,3
9375,2589,24,5
9376,1496,39,5
9377,4529,95,4
9378,2670,135,4
9379,4833,125,3
9380,3085,142,2
9381,2490,93,5
9383,3231,46,4
9385,4109,40,3
9386,2553,44,4
9387,3869,50,2
9388,201,29,5
9389,3562,89,5
9391,2939,82,3
9392,4895,143,5
9393,511,150,4
9394,4279,82,4
9395,4985,14,3
9396,2649,30,1
9397,2202,83,3
9398,4243,149,2
9399,2776,115,5
9400,2951,70,3
9401,2213,119,4
9402,3710,7,2
9403,3745,19,1
9404,2335,66,4
9405,821,61,5
9406,4301,88,3
9407,938,43,1
9409,4604,82,1
9410,922,94,3
9411,2016,144,4
9412,4385,113,5
9413,830,7,5
9414,2701,51,1
9415,1936,134,4
9417,3122,147,3
9418,1476,11,2
9420,4050,15,2
9421,222,85,4
9422,3997,66,4
9423,3581,98,5
9425,4128,82,5
9426,1028,4,4
9427,3196,18,4
9428,3063,87,2
9430,1253,62,2
9431,3856,119,4
9432,3415,123,5
9433,4988,68,5
9435,1784,72,1
9436,1219,45,4
9437,969,54,4
9441,2114,55,1
9442,3991,53,2
9443,2879,62,4
9444,3693,143,2
9445,1126,1,2
9446,4581,83,3
9447,529,105,1
9449,574,96,2
9450,412,106,2
9451,3041,21,1
9452,3792,145,2
9453,4631,44,1
9454,973,36,5
9455,4510,120,3
9456,766,34,2
9457,1275,81,2
9458,1377,127,4
9459,4317,123,2
9460,702,91,2
9461,1710,149,5
9462,4442,5,5
9463,2375,132,4
9466,421,82,1
9467,789,67,5
9469,1630,74,2
9470,1101,51,1
9472,862,64,1
9473,343,7,5
9474,3279,29,5
9475,304,129,1
9477,1202,65,1
9478,172,107,3
9479,648,5,3
9480,2705,23,2
9481,631,48,1
9482,1904,133,2
9483,4995,63,4
9484,1370,110,3
9485,854,60,4
9487,3895,65,2
9490,3128,117,1
9491,3967,81,2
9492,1080,99,3
9494,1792,47,1
9495,4787,130,3
9496,2227,95,2
9497,365,147,1
9499,2470,95,4
9500,4732,60,1
9501,4307,72,2
9502,2186,85,1
9503,1405,132,5
9505,31,85,5
9506,3884,58,4
9507,4991,78,2
9508,943,150,5
9509,1392,111,5
9510,4758,76,3
9511,1538,122,2
9512,2588,104,4
9513,4481,118,1
9514,293,95,4
9515,1472,96,4
9516,4432,10,2
9517,1825,133,1
9518,4280,99,4
9519,1922,35,1
9520,854,93,2
9521,1192,35,1
9522,2941,101,5
9524,1222,142,5
9525,309,21,3
9526,3322,124,5
9527,1613,54,5
9528,4568,114,4
9529,1687,13,1
9530,3625,134,2
9531,92,50,4
9532,3915,62,5
9533,2953,115,3
9534,3063,37,4
9535,2791,36,3
9536,692,63,1
9537,4999,90,1
9538,1827,50,3
9539,2644,93,4
9541,19,37,5
9542,2022,107,1
9544,36,42,2
9545,2497,127,3
9546,3521,86,2
9547,2555,45,4
9548,4164,81,4
9551,4822,14,5
9553,490,136,4
9554,3035,88,5
9555,517,52,2
9556,1398,96,2
9557,4945,21,2
9558,4362,14,4
9559,4319,32,3
9560,3742,149,2
9561,3279,44,5
9563,1514,97,5
9564,444,80,3
9565,1383,70,5
9566,4425,132,2
9567,675,97,5
9568,4397,113,4
9571,960,71,3
9572,82,54,1
9574,1775,77,4
9576,3472,77,5
9577,2981,69,1
9578,1061,78,2
9579,2060,32,1
9580,2841,141,2
9581,3332,96,2
9582,1482,134,3
9583,4080,51,3
9584,3335,63,2
9585,1089,71,1
9586,921,54,4
9587,168,47,5
9588,3365,129,4
9589,1748,132,3
9590,1138,130,2
9591,4234,83,2
9592,69,101,3
9593,1640,6,2
9594,896,138,5
9595,3833,62,5
9596,2112,146,3
9597,1999,50,3
9598,2030,51,3
9599,3222,135,3
9600,4240,42,3
9603,4481,97,2
9604,4099,81,4
9605,433,27,2
9608,2236,72,2
9609,4409,79,5
9610,1842,143,3
9611,527,9,1
9612,995,89,3
9613,1399,27,3
9614,287,136,4
9615,2716,149,2
9617,1300,107,3
9618,2076,128,1
9619,992,99,2
9620,2472,112,4
9621,995,13,4
9622,3601,89,4
9623,2435,27,5
9624,3138,114,1
9625,2935,46,5
9627,4792,120,2
9628,3720,123,1
9629,2680,98,1
9630,1684,147,4
9631,4538,14,3
9632,2017,71,2
9633,3343,105,5
9634,3075,117,1
9635,2177,2,3
9637,2986,12,4
9638,3653,34,2
9639,1944,103,5
9640,2075,106,5
9641,4843,81,1
9642,3593,25,4
9643,2276,101,3
9646,3415,121,4
9647,201,68,3
9648,259,118,3
9649,1270,40,2
9650,2014,16,3
9651,4307,141,5
9653,1426,5,2
9654,3471,113,5
9655,4278,66,1
9656,2412,117,1
9657,4598,50,4
9658,2605,6,5
9659,4291,3,3
9660,3818,101,1
9661,2439,39,1
9662,2366,28,1
9663,635,52,3
9664,3573,75,4
9665,2271,142,3
9666,3753,1,5
9667,2325,100,2
9668,1516,123,1
9669,2128,108,1
9670,1518,31,5
9671,4165,32,5
9672,127,3,1
9673,2010,150,1
9674,837,8,2
9675,2230,143,1
9676,4922,1,4
9677,538,119,5
9678,1553,15,5
9679,4128,12,3
9680,4830,54,4
9681,1220,126,5
9683,1313,51,1
9685,4210,35,2
9686,3442,74,1
9687,2684,115,2
9688,2779,54,5
9689,2107,79,4
9690,2449,52,2
9691,4004,111,5
9692,3868,15,4
9693,3215,11,1
9694,1617,78,3
9695,3862,65,1
9696,186,63,1
9697,822,67,5
9698,4763,40,1
9699,4480,113,3
9700,4155,83,5
9701,1428,39,4
9702,4814,15,2
9703,1932,135,4
9704,688,31,1
9705,3372,4,1
9706,108,128,4
9707,791,66,4
9708,167,119,5
9709,1566,77,3
9710,1113,89,4
9711,3567,145,5
9712,4451,82,1
9713,4154,145,4
9714,4809,124,1
9715,2070,7,3
9716,3738,104,1
9717,388,99,2
9718,752,107,3
9720,4833,77,1
9721,1568,88,5
9722,3898,34,4
9723,4773,22,4
9724,4626,51,4
9725,4279,88,4
9726,4432,62,4
9727,1095,20,2
9728,851,24,5
9729,2685,75,3
9730,767,31,1
9731,1499,44,3
9732,3836,82,3
9733,1715,40,3
9734,2404,71,2
9735,1504,120,1
9736,2707,8,5
9738,3780,55,2
9739,359,132,3
9740,1789,55,4
9741,4854,89,1
9742,2472,114,3
9743,4004,10,4
9745,3426,25,5
9746,1347,39,2
9747,3173,29,5
9748,3331,34,5
9749,2592,145,3
9750,2853,3,2
9751,2563,6,2
9752,47,27,2
9753,1932,91,2
9754,1367,95,1
9755,3,139,1
9756,3053,58,1
9757,480,26,3
9758,4517,104,2
9759,3961,68,1
9760,2061,86,3
9761,2163,140,4
9762,4662,8,4
9763,676,84,4
9764,598,90,4
9765,2754,111,3
9766,2268,100,3
9767,4204,17,4
9769,4395,91,1
9770,3807,132,1
9773,528,70,4
9774,4349,105,2
9776,3385,24,5
9777,955,11,3
9778,4364,60,3
9779,147,64,1
9780,3742,143,5
9781,1154,132,4
9782,435,75,4
9783,2897,60,5
9784,736,100,1
9785,3587,114,5
9786,4033,122,3
9787,6,43,2
9788,707,136,2
9789,54,123,2
9790,4927,121,2
9791,2519,119,4
9792,355,135,5
9793,1326,146,4
9795,3873,112,5
9796,1440,145,4
9797,2852,87,3
9798,2958,130,3
9799,465,89,1
9801,4190,98,3
9802,1710,129,4
9803,4948,73,1
9804,3492,85,4
9805,3886,116,2
9806,374,90,1
9807,2020,145,4
9808,4758,11,3
9810,3516,3,5
9811,1954,60,5
9812,2642,82,4
9813,1582,8,3
9814,4954,64,3
9816,717,29,4
9817,3535,100,1
9818,3614,70,4
9819,2810,77,1
9820,502,3,1
9821,1246,2,2
9822,966,3,5
9823,39,11,3
9824,1227,106,3
9825,2529,68,4
9826,2405,90,2
9828,213,106,2
9829,1772,108,5
9830,1657,121,3
9831,3936,22,4
9832,2346,145,5
9833,2206,21,5
9834,3452,26,3
9835,1399,103,1
9836,2116,94,1
9839,846,135,1
9841,235,23,5
9842,3032,77,3
9843,2662,93,1
9844,1273,100,5
9845,2655,72,1
9846,99,149,5
9847,4247,30,3
9849,4984,123,2
9850,2777,139,2
9851,4833,78,1
9852,1462,58,4
9854,2779,75,5
9855,1396,70,1
9856,4116,145,4
9857,2501,135,4
9858,4584,91,5
9859,3084,12,5
9860,372,32,1
9861,4772,149,2
9863,1837,64,2
9864,4118,140,3
9865,3990,118,5
9866,4471,94,4
9867,790,46,1
9868,3601,5,1
9869,10,63,2
9870,3890,26,2
9871,1818,79,5
9872,4134,62,1
9873,342,130,3
9874,4460,130,4
9875,3815,43,4
9876,4552,54,4
9877,1026,34,2
9878,3553,109,5
9880,713,51,2
9881,1440,142,2
9882,2329,131,4
9883,1045,126,3
9884,2014,75,1
9886,4582,73,2
9888,4656,42,4
9890,1457,130,1
9891,1784,23,5
9893,2295,75,2
9895,3433,115,4
9896,1041,117,4
9897,3037,40,2
9898,4483,129,1
9899,3522,1,2
9900,617,43,2
9901,3687,132,3
9902,4049,84,3
9903,517,60,3
9904,1154,3,3
9905,516,79,3
9907,3039,44,2
9909,4667,75,1
9910,3737,142,2
9911,2824,26,5
9912,737,115,2
9913,1340,109,3
9914,4553,149,3
9915,3808,28,2
9916,4264,138,2
9917,2928,89,5
9918,2068,113,5
9919,54,2,2
9920,1052,72,1
9921,999,112,4
9922,987,17,5
9923,3034,50,2
9924,4242,38,1
9925,4024,150,3
9926,3533,85,1
9927,2622,147,1
9928,1662,71,1
9929,572,114,1
9930,1565,1,1
9931,1849,89,5
9932,1006,123,1
9933,2368,21,2
9934,2804,66,4
9935,3876,8,5
9936,1594,83,4
9937,4383,144,4
9938,143,142,1
9939,1386,62,3
9940,2888,122,1
9941,1148,45,4
9942,2544,84,4
9943,459,45,1
9945,3972,69,1
9946,3307,83,1
9947,2121,58,2
9948,2155,145,3
9949,4003,85,1
9950,4928,77,5
9951,3952,118,1
9952,3573,52,3
9953,977,82,3
9955,3267,69,2
9956,1767,14,5
9957,1791,83,5
9958,2597,37,4
9959,1293,43,1
9960,3707,32,3
9961,3326,114,4
9962,352,30,5
9963,1965,105,2
9964,4221,54,1
9966,1591,95,3
9967,4533,141,4
9968,4269,140,5
9969,1573,25,2
9970,149,34,1
9971,4032,40,1
9972,1713,26,4
9973,1164,74,1
9974,128,33,3
9975,916,17,4
9976,4564,95,1
9978,1307,62,1
9979,3330,108,1
9981,4630,112,5
9982,559,73,2
9983,1713,19,3
9984,3097,87,5
9985,82,71,2
9988,1773,120,4
9989,517,5,4
9990,2267,36,2
9991,4673,138,5
9992,863,20,3
9993,4860,34,4
9994,3439,105,2
9996,1500,16,5
9997,575,103,1
9998,3794,113,2
9999,2306,111,4
10000,4307,75,3
10002,385,27,2
10003,3326,101,1
10004,2964,129,5
10005,1656,107,2
10006,1420,32,3
10007,3086,66,2
10008,4078,63,1
10009,4973,114,4
10010,506,130,5
10011,660,17,4
10012,4671,69,1
10013,2791,43,4
10014,1080,114,5
10015,1461,31,1
10016,2809,103,5
10017,3616,29,2
10018,4361,60,1
10019,2579,3,5
10020,3912,4,2
10021,4325,44,4
10022,2670,61,1
10023,938,44,1
10024,1103,7,5
10025,1219,49,5
10026,3990,108,2
10027,1818,14,1
10028,1670,83,2
10029,335,36,1
10030,2485,104,4
10032,3559,44,2
10033,4800,149,3
10034,384,143,2
10035,3545,34,2
10036,4023,85,5
10037,4013,58,1
10038,1528,69,1
10039,4394,75,1
10041,4357,46,5
10042,2592,78,2
10043,4576,70,2
10044,3123,19,3
10046,1576,68,3
10047,124,38,1
10048,3388,52,5
10049,102,97,2
10050,4492,99,5
10051,343,44,1
10052,3558,144,4
10053,841,1,4
10054,1310,6,2
10055,1503,16,1
10056,98,29,1
10057,1421,44,1
10058,4456,136,1
10059,2379,129,2
10060,2339,21,4
10061,2305,91,3
10062,1820,13,5
10063,2479,45,1
10064,1633,134,1
10065,4343,85,5
10066,1488,39,4
10067,2557,66,2
10070,212,118,3
10071,91,28,5
10072,2854,4,2
10073,2867,20,5
10074,1008,65,5
10075,921,72,2
10077,2832,86,2
10078,3957,78,1
10079,839,143,1
10080,1629,37,3
10081,4713,51,5
10082,1877,93,3
10083,232,82,4
10084,1148,47,1
10085,3201,36,4
10086,352,77,4
10087,312,127,5
10088,4611,41,4
10089,1788,142,5
10090,1273,143,3
10092,241,29,2
10093,2746,17,2
10094,2917,18,5
10095,3963,20,2
10096,522,48,4
10097,4815,64,3
10098,3502,78,5
10100,843,1,1
10101,2760,91,5
10102,3312,85,5
10104,950,123,3
10105,3812,16,4
10106,909,150,2
10107,3736,16,4
10108,75,39,4
10109,4568,90,3
10110,504,87,5
10111,882,69,3
10112,4980,97,1
10113,3206,57,4
10115,1397,12,2
10116,28,97,5
10118,1623,106,5
10119,2174,39,5
10120,3957,98,2
10121,4094,150,4
10122,1611,2,2
10123,177,30,2
10124,2551,130,5
10125,833,30,5
10126,109,22,3
10127,1244,51,2
10129,848,48,5
10132,4509,8,4
10134,4164,82,4
10135,3681,21,2
10137,172,122,2
10138,94,50,3
10139,802,29,1
10140,729,136,3
10142,3299,108,1
10144,2962,3,3
10146,2185,116,5
10147,4113,45,4
10148,3323,38,5
10149,3,18,2
10150,4632,14,4
10151,2493,7,1
10152,307,87,1
10153,4587,54,3
10154,4590,19,4
10155,2528,76,2
10156,1445,138,1
10157,4814,76,4
10158,1389,41,5
10159,2434,5,2
10160,3502,94,3
10161,2149,57,1
10162,4999,15,5
10163,412,1,5
10164,2352,63,4
10166,734,132,5
10167,2646,66,5
10168,3217,100,1
10169,4708,150,1
10170,1920,25,3
10172,3702,23,4
10173,2999,5,3
10174,3241,110,3
10175,4066,147,1
10176,1557,137,4
10177,3775,149,1
10178,1534,125,3
10179,2406,100,3
10180,3885,117,2
10181,4759,69,2
10182,3063,91,3
10183,241,75,1
10184,892,62,4
10185,2860,66,4
10186,2140,149,1
10187,3994,143,2
10188,1295,6,5
10189,2183,145,3
10190,2631,27,2
10191,1161,8,4
10193,412,20,5
10194,491,40,5
10195,4661,72,1
10196,987,134,2
10198,461,107,1
10199,1351,46,4
10200,2446,50,3
10201,963,16,5
10202,3896,63,5
10204,2525,63,4
10205,2110,77,4
10206,1786,77,1
10207,720,8,5
10208,1647,67,2
10210,1360,99,2
10211,645,108,1
10214,4612,61,2
10215,4154,21,4
10216,2770,143,1
10218,204,54,5
10219,3705,69,2
10220,3040,53,5
10221,1462,114,1
10222,3798,140,1
10224,4470,28,2
10225,2455,26,5
10226,265,24,3
10227,1654,88,4
10228,450,118,3
10229,3510,126,1
10230,4793,138,1
10231,4051,104,3
10232,1194,123,3
10233,4914,103,4
10234,3246,15,5
10235,156,116,3
10236,1791,58,1
10237,3638,11,5
10238,2685,143,3
10240,1585,120,4
10241,1221,21,1
10243,894,128,5
10244,1641,129,1
10245,167,119,3
10246,3742,45,5
10247,2535,100,2
10248,1558,144,5
10249,2377,135,2
10250,59,131,4
10251,1381,55,2
10252,3358,64,3
10253,1170,88,3
10254,1448,101,4
10255,423,11,2
10256,3929,149,5
10257,355,79,4
10258,1410,46,2
10259,3273,60,4
10260,4494,16,5
10261,625,110,2
10262,517,28,3
10263,2523,126,2
10264,2552,74,2
10268,869,21,4
10269,4952,32,3
10270,40,138,2
10272,3380,28,3
10273,2177,4,1
10274,3403,26,3
10275,3038,81,3
10276,2589,132,2
10277,2587,90,2
10279,4621,50,4
10280,3692,76,3
10281,3038,82,4
10282,4255,86,1
10283,250,119,5
10284,3744,41,4
10285,4155,132,1
10286,3432,146,2
10288,1606,29,2
10289,1983,138,5
10290,3343,136,2
10291,2260,32,2
10292,707,21,3
10293,3283,82,1
10294,1947,78,3
10295,3120,67,1
10296,115,4,1
10297,1711,10,4
10298,735,25,5
10299,271,79,4
10301,2529,17,3
10302,3976,87,2
10303,507,69,2
10304,4934,114,1
10305,3387,145,2
10306,1554,7,1
10307,193,124,3
10308,1014,115,5
10309,451,60,2
10310,1926,131,2
10312,2331,83,1
10314,961,146,5
10315,2728,20,4
10317,4333,34,1
10318,1988,41,3
10319,4050,19,3
10320,4117,17,5
10321,1915,129,3
10322,2600,97,5
10323,23,77,1
10324,3469,98,1
10325,2932,6,3
10326,2491,106,5
10327,4671,115,4
10328,4673,14,5
10329,976,4,2
10330,3474,11,5
10332,576,19,4
10333,3942,138,4
10335,2373,39,2
10337,2223,96,2
10338,4588,65,4
10339,1072,100,3
10340,3935,95,3
10341,2357,98,4
10342,3668,112,4
10343,2232,104,5
10344,4317,117,3
10345,4884,11,5
10346,3460,121,4
10347,1900,16,5
10348,1269,24,5
10349,1455,63,2
10351,2608,110,1
10353,1401,40,2
10355,3167,85,1
10356,2479,37,2
10357,3824,20,5
10358,747,103,1
10359,4217,120,5
10361,4071,108,3
10362,4251,110,5
10364,69,52,4
10365,1964,115,3
10366,2918,70,1
10367,1064,136,3
10368,837,10,5
10369,3244,119,4
10370,1220,28,1
10371,2154,6,3
10372,733,10,5
10373,3676,124,1
10374,1802,83,5
10375,3381,27,5
10376,701,29,5
10377,1402,22,5
10378,4410,62,1
10379,2831,116,1
10381,3635,26,4
10382,226,45,5
10383,2805,116,5
10384,4485,141,1
10385,4184,141,3
10387,3165,88,2
10390,3529,106,5
10391,1446,42,3
10392,3205,49,2
10393,2177,68,1
10394,765,76,4
10395,1283,12,2
10396,4093,150,4
10397,716,42,1
10398,4176,41,2
10399,4446,71,3
10400,3756,12,2
10401,3522,32,3
10402,3498,117,2
10403,598,36,4
10404,4564,125,3
10405,4967,61,4
10406,3904,10,2
10408,1792,134,3
10409,3757,38,3
10410,3033,38,4
10411,3566,61,3
10412,1079,142,2
10415,1776,71,2
10417,1444,63,4
10418,173,137,3
10419,4006,38,2
10420,3012,79,3
10421,4065,100,5
10424,2751,29,2
10425,4137,68,3
10426,3168,149,4
10428,230,37,3
10429,1948,149,2
10430,1850,134,4
10432,2444,83,5
10433,1826,11,3
10434,2424,132,3
10435,2794,45,5
10436,4462,144,4
10437,613,81,5
10438,2541,135,5
10439,3041,142,1
10440,4133,110,5
10441,109,40,4
10443,4095,116,3
10444,1399,17,1
10445,1522,77,2
10446,1145,81,2
10448,1888,127,5
10449,3930,47,5
10450,4255,131,3
10451,248,83,5
10452,4715,51,2
10453,677,28,1
10454,4103,65,3
10455,4756,137,2
10456,424,51,4
10457,1121,1,3
10458,3265,72,1
10459,1872,129,4
10460,3692,106,3
10461,279,18,3
10462,1431,82,3
10463,208,29,4
10464,4176,9,1
10465,420,37,5
10467,1324,43,1
10469,4230,35,2
10470,978,145,4
10471,3325,65,4
10473,2866,67,1
10474,1731,29,5
10475,1737,81,3
10476,3626,117,4
10477,4752,22,1
10478,2115,101,2
10479,3526,21,2
10480,3606,118,2
10481,4258,130,1
10482,1493,110,4
10483,2428,76,3
10484,2836,29,5
10485,1633,68,3
10486,1945,9,2
10488,766,45,2
10489,2720,41,4
10490,126,39,4
10491,2005,120,2
10492,4273,138,2
10493,2577,2,1
10494,211,44,5
10495,2772,146,3
10496,633,122,5
10497,93,29,3
10499,1007,6,1
10500,1524,15,5
10502,109,12,3
10503,463,1,3
10504,1211,24,2
10505,2232,24,1
10506,3962,70,5
10508,1623,30,4
10509,2862,78,1
10510,3756,140,3
10511,1933,111,2
10512,3499,45,4
10513,1781,14,3
10514,3789,72,2
10515,4553,64,5
10516,2748,82,1
10517,193,127,4
10518,806,118,5
10519,4031,139,5
10520,3180,13,2
10521,1402,96,5
10522,1890,41,5
10523,924,54,2
10525,1748,60,3
10527,2746,124,5
10528,1025,26,5
10530,398,13,5
10531,822,57,1
10532,180,8,4
10533,3282,44,1
10534,4116,121,3
10535,3520,1,1
10536,1771,62,5
10538,4953,44,5
10539,1305,125,1
10540,4732,126,1
10541,383,72,1
10542,550,110,3
10543,1125,15,2
10544,1619,76,2
10545,3497,54,4
10546,4362,25,5
10547,2541,146,5
10548,3266,76,3
10549,4367,113,5
10550,4653,4,4
10551,1463,37,4
10552,4222,17,1
10553,3441,33,2
10554,967,29,4
10556,465,115,1
10557,184,114,4
10559,1159,58,2
10560,338,69,5
10561,2409,120,4
10562,2427,64,2
10563,1658,107,1
10565,1055,120,2
10566,3316,108,3
10567,3424,80,5
10568,4126,121,5
10569,1225,128,1
10570,3149,52,4
10571,2606,16,4
10572,920,72,1
10573,3345,58,2
10574,4435,39,4
10575,2432,82,1
10576,4604,21,4
10577,2049,87,1
10578,4972,85,3
10579,857,110,3
10580,4582,60,5
10581,3586,109,2
10582,2669,71,2
10583,1278,108,4
10584,4078,84,5
10587,4968,67,5
10588,816,4,3
10590,4117,145,3
10591,2047,99,2
10592,114,107,4
10593,2323,5,3
10594,2052,36,1
10595,3965,74,3
10596,3223,72,2
10598,3616,1,4
10599,2964,35,4
10600,1120,125,1
10601,32,7,5
10602,650,116,1
10604,190,23,3
10605,4832,81,1
10606,1590,60,5
10607,16,75,5
10608,3340,61,4
10609,3324,150,5
10610,4039,36,4
10611,4460,90,2
10612,2047,128,5
10613,2761,78,4
10614,4946,31,3
10615,2728,44,4
10616,2542,76,3
10617,348,55,3
10618,2217,15,3
10621,2519,52,5
10622,3081,98,5
10623,4171,136,4
10624,1563,127,1
10625,1519,85,5
10626,375,25,4
10627,2538,40,4
10628,782,8,2
10629,4783,134,3
10630,3901,36,3
10631,3446,139,2
10632,2438,134,4
10633,1088,75,1
10634,4088,12,4
10635,2384,105,4
10636,143,123,3
10637,4071,49,2
10638,2933,10,5
10639,2186,100,4
10640,4006,89,2
10641,1737,3,5
10642,2439,150,5
10643,1793,27,2
10645,4166,69,1
10646,1135,4,5
10647,1504,79,3
10648,1754,51,5
10649,2338,71,5
10650,2432,112,4
10651,4039,10,4
10652,4750,31,1
10654,4120,40,5
10655,2623,35,3
10656,3412,50,1
10657,3811,31,2
10658,2031,31,2
10659,576,140,1
10660,860,77,5
10661,3882,91,2
10663,2185,73,2
10664,4949,45,5
10665,4176,101,5
10667,1584,33,1
10668,574,88,4
10669,1974,123,1
10670,3320,138,2
10671,2304,33,5
10672,1137,107,5
10673,1946,66,3
10674,3438,143,4
10675,676,143,1
10676,641,94,4
10677,2570,35,5
10678,885,74,3
10679,4553,138,5
10680,4092,119,1
10681,1947,46,2
10682,53,90,2
10683,4310,32,1
10684,1026,42,1
10685,4915,91,3
10686,3727,58,2
10687,3929,30,5
10688,4284,53,5
10689,2277,105,4
10690,972,31,1
10691,1412,54,2
10692,4033,137,1
10693,248,110,3
10694,3314,137,4
10695,505,10,5
10696,4902,53,2
10697,2271,93,2
10699,3627,53,5
10700,2208,138,3
10702,327,49,4
10703,3201,38,3
10704,2423,38,5
10706,1144,118,5
10707,3070,50,4
10708,839,138,4
10709,3804,141,3
10710,4376,95,2
10711,2297,71,2
10712,4300,44,4
10713,632,21,3
10714,3788,72,2
10715,855,79,2
10716,4412,55,1
10718,1852,98,4
10719,3083,67,4
10720,2776,2,5
10721,790,13,3
10722,3118,124,1
10723,4632,122,1
10724,1234,112,4
10725,3883,35,4
10726,788,7,2
10727,3952,91,2
10728,4799,140,2
10729,2012,46,3
10730,4422,13,1
10731,1244,20,3
10732,3736,105,5
10733,4467,34,1
10734,2134,78,4
10735,924,4,1
10736,3807,80,5
10737,3108,121,2
10738,3234,73,5
10739,2332,136,3
10740,2905,109,3
10741,45,46,5
10743,1865,7,2
10744,1495,135,2
10745,703,85,4
10747,4503,47,4
10749,651,29,5
10750,1464,118,3
10752,4288,141,5
10753,4781,46,5
10754,1481,82,1
10755,774,61,4
10756,1944,139,3
10757,1448,90,4
10758,4804,80,5
10760,3662,11,3
10761,1818,134,4
10762,4077,72,2
10763,1198,51,4
10764,1331,39,2
10765,322,144,4
10766,2217,52,2
10767,1731,31,5
10768,4607,70,2
10769,3005,113,5
10770,3715,95,1
10771,262,95,1
10772,253,11,3
10773,4812,29,3
10774,1805,36,3
10775,2764,32,3
10777,3568,108,5
10779,345,123,3
10780,4047,39,4
10781,4536,68,5
10782,2900,120,4
10783,3801,51,5
10784,3710,53,2
10785,3539,52,1
10786,2578,101,3
10788,1195,57,3
10789,932,26,1
10790,4278,134,4
10791,2098,37,3
10792,1168,15,1
10793,1189,62,3
10794,98,121,2
10795,2333,71,3
10796,2779,115,5
10798,2930,47,2
10800,4252,51,2
10801,2863,43,2
10802,1769,13,4
10803,3073,74,4
10805,1831,142,4
10806,504,47,2
10808,3023,58,2
10809,3789,61,1
10810,4554,87,2
10812,221,89,5
10813,3137,4,1
10814,2709,135,3
10815,1109,112,2
10816,4723,34,1
10817,4702,108,3
10818,1585,72,1
10819,812,97,4
10820,3100,55,1
10821,4253,133,4
10822,3112,121,1
10823,4763,150,2
10825,1745,95,2
10826,4611,22,5
10829,333,47,2
10830,3732,116,5
10831,1674,89,5
10832,3326,73,3
10833,4269,121,2
10835,1270,49,1
10837,3452,129,4
10838,925,61,5
10839,4101,45,4
10840,3814,52,2
10842,2368,5,1
10843,1847,4,1
10844,4615,66,3
10845,1712,44,2
10847,2498,52,5
10848,593,135,5
10849,346,137,1
10850,2610,99,2
10851,1938,60,3
10852,1137,18,2
10853,1677,80,5
10855,1840,99,5
10856,4499,76,3
10857,4860,2,2
10858,2876,63,3
10859,2014,123,3
10860,1268,51,5
10861,3107,62,4
10862,742,117,3
10863,3882,90,5
10864,1550,34,1
10865,3697,12,4
10866,3968,140,4
10867,915,74,4
10868,1851,81,4
10869,3892,79,2
10870,363,23,5
10871,4581,18,4
10872,4030,117,2
10873,3137,120,1
10874,3111,95,3
10876,1227,86,4
10877,3326,3,5
10878,826,94,3
10879,920,125,3
10880,3015,147,5
10881,2858,93,3
10882,1132,91,4
10883,28,83,3
10884,3372,77,5
10885,2505,124,5
10886,3882,110,2
10887,2216,26,4
10889,4835,8,2
10890,2758,23,5
10891,3315,120,5
10892,436,53,4
10893,3131,118,1
10894,195,29,5
10895,408,24,3
10898,2485,78,3
10899,2885,107,1
10900,4410,37,1
10901,3813,45,3
10902,4747,87,3
10903,1188,137,4
10905,34,72,5
10906,2450,12,3
10907,4236,130,3
10908,565,15,2
10909,1342,130,1
10910,3521,88,4
10911,3628,28,5
10912,2695,145,2
10913,3369,30,1
10914,1542,97,5
10915,3657,16,5
10916,4079,80,1
10917,1089,127,1
10918,1885,37,4
10919,4608,49,2
10920,378,139,4
10921,48,63,5
10922,2656,73,5
10923,2675,33,4
10924,2105,32,4
10925,2508,21,5
10926,2617,134,4
10927,3413,139,2
10928,2625,150,4
10929,2206,121,1
10930,3232,74,2
10932,3881,94,5
10933,4434,22,3
10934,3283,60,5
10935,2686,39,1
10936,4236,87,5
10937,2153,74,1
10938,2939,36,2
10939,1358,124,2
10940,3378,130,3
10941,2712,22,3
10943,39,73,1
10944,578,39,1
10945,884,38,2
10946,385,96,3
10947,4865,2,2
10949,1157,4,3
10950,1320,145,3
10951,2976,125,4
10952,1727,75,2
10953,807,31,1
10956,4446,22,3
10958,1267,79,2
10959,214,48,5
10960,45,27,1
10962,4497,118,3
10963,4704,9,4
10964,4896,109,4
10965,342,37,5
10966,1088,2,3
10967,387,121,4
10969,1577,24,3
10970,1834,79,3
10971,4220,111,2
10972,1853,66,4
10973,2307,85,5
10974,4240,135,2
10975,2760,86,4
10976,1077,3,3
10977,1558,21,5
10978,4232,108,4
10979,253,127,5
10980,4796,45,2
10981,856,21,5
10982,4648,25,1
10983,2869,50,1
10984,2453,76,5
10985,3521,73,1
10986,1858,96,4
10987,4011,2,5
10988,3689,50,2
10989,1652,73,3
10990,3520,137,4
10991,767,96,2
10992,1674,17,3
10993,3167,13,1
10994,312,72,3
10995,1394,94,3
10996,237,64,2
10997,4918,139,3
10999,4929,75,2
11000,2142,103,1
11001,4032,71,4
11002,4460,62,1
11003,409,112,2
11004,938,149,5
11005,2086,98,2
11006,3112,49,4
11007,640,101,5
11008,311,111,3
11010,2208,78,1
11011,4775,149,4
11012,715,142,1
11013,4672,141,5
11016,1641,98,4
11017,3300,91,2
11019,2483,83,4
11020,916,37,5
11024,1486,113,3
11027,537,66,1
11028,2473,41,1
11029,4112,90,1
11030,3809,146,1
11031,3052,49,3
11032,1336,16,4
11033,2416,76,2
11034,892,131,2
11035,229,132,2
11036,4973,129,3
11037,4612,13,4
11038,2616,133,3
11039,263,110,4
11040,3682,65,1
11041,63,95,3
11042,3575,128,2
11043,4032,36,5
11044,897,95,2
11045,1390,111,5
11046,3932,127,4
11047,3061,70,3
11048,1982,45,3
11049,2876,110,1
11050,3342,126,5
11051,2650,136,1
11052,654,103,4
11054,1634,113,3
11055,2798,118,4
11056,4594,9,1
11057,1703,25,2
11058,2719,35,3
11059,3845,36,2
11060,392,22,5
11061,496,54,4
11063,3816,42,1
11064,317,144,4
11065,3092,45,1
11066,3927,119,1
11067,3232,71,2
11068,452,51,4
11069,4453,121,3
11071,1604,7,1
11072,3620,27,4
11073,3757,20,1
11074,997,114,3
11075,1391,132,1
11077,4449,119,5
11078,896,100,4
11079,4241,112,4
11081,2037,99,1
11083,1287,125,3
11084,1018,76,4
11085,4617,135,5
11086,3986,106,5
11087,3198,114,4
11088,2872,58,4
11089,3843,85,2
11090,4390,1,2
11091,774,36,1
11092,966,55,3
11093,1322,87,5
11094,1587,129,5
11095,679,26,3
11096,4184,68,2
11097,437,105,3
11098,4005,61,5
11099,1756,128,5
11100,4194,127,3
11101,4035,55,4
11102,1038,94,4
11103,3825,131,4
11104,2802,20,1
11105,1153,20,2
11106,1721,117,2
11107,978,28,2
11108,3988,132,2
11110,1067,67,5
11111,4622,132,2
11112,408,34,4
11113,490,24,2
11114,1763,21,4
11115,3834,66,4
11116,3508,106,2
11117,2489,46,4
11118,3678,64,1
11119,3514,27,2
11120,4357,145,2
11121,1570,110,3
11122,2918,140,2
11123,2963,26,1
11124,4250,25,2
11125,3549,38,3
11126,2851,69,1
11127,2818,37,3
11128,4175,129,5
11130,2050,65,1
11133,3151,66,2
11134,2790,75,3
11135,18,119,5
11136,1736,147,5
11137,3813,87,4
11138,3532,65,5
11140,396,22,5
11143,853,91,3
11144,215,34,5
11145,1774,35,2
11146,4350,87,4
11147,3443,100,1
11148,1888,91,5
11150,1659,37,1
11152,2593,29,4
11153,4616,134,1
11154,2852,26,4
11156,937,109,4
11157,3422,69,3
11158,4029,22,2
11159,3720,39,2
11160,2837,7,4
11161,1045,34,1
11162,3070,58,4
11163,687,36,4
11164,4905,24,5
11165,1346,132,3
11166,3805,77,1
11168,4223,90,1
11169,4446,44,1
11170,2967,95,2
11172,614,65,1
11173,580,38,2
11174,3130,22,5
11175,865,11,4
11176,4029,96,4
11177,1781,12,4
11178,1847,40,2
11179,3571,44,4
11180,4811,134,5
11181,1261,97,4
11182,1027,64,5
11183,1801,43,2
11184,3933,60,3
11185,1945,67,1
11187,4085,13,5
11188,3098,100,5
11189,212,100,4
11190,3212,58,5
11191,372,19,5
11192,4390,71,3
11194,4511,87,3
11195,4521,74,2
11196,2829,72,4
11197,449,53,4
11198,882,11,2
11199,3319,78,1
11200,4083,119,5
11201,4501,99,3
11202,1656,29,1
11203,4474,77,3
11204,3469,144,5
11205,2076,72,1
11206,4302,80,5
11207,1083,43,4
11208,1681,149,1
11209,4681,47,2
11210,4793,16,5
11211,2842,42,4
11212,2922,13,2
11213,747,20,5
11214,2521,122,3
11215,64,52,5
11216,2913,65,1
11217,2922,65,3
11218,3399,45,4
11219,2253,4,5
11220,2108,89,1
11222,452,35,3
11223,2363,121,1
11224,2202,55,3
11225,3705,127,1
11227,2313,99,3
11228,1773,64,2
11229,1206,40,3
11230,3538,51,4
11231,1262,71,2
11232,2579,72,2
11234,4111,71,4
11236,1562,38,4
11238,1541,22,2
11239,4928,95,4
11240,1263,23,3
11241,958,42,3
11242,169,142,5
11243,1575,23,2
11244,2529,43,5
11245,4132,23,3
11246,2934,131,4
11247,4693,25,1
11248,550,48,1
11249,111,48,5
11250,120,78,4
11251,3992,69,1
11252,1028,28,1
11253,1678,110,3
11254,4089,21,4
11255,901,117,4
11256,4680,54,1
11257,4551,140,5
11258,1568,40,4
11259,786,70,1
11260,3728,71,3
11261,1866,62,1
11262,1005,54,3
11263,4754,15,1
11264,2722,67,4
11268,63,144,5
11269,926,98,5
11270,4265,48,2
11271,1621,12,5
11272,3494,114,2
11274,4192,134,5
11275,1126,133,4
11276,1229,29,3
11277,4123,80,3
11278,4420,4,4
11279,3568,47,5
11280,4299,136,3
11281,4356,25,5
11282,1597,101,2
11283,3177,98,3
11284,4066,142,2
11287,1053,54,4
11288,4767,15,3
11289,4832,40,5
11290,3180,80,1
11291,4139,145,4
11292,2858,31,5
11293,3973,39,5
11294,1363,23,3
11295,1491,112,1
11296,2363,64,3
11297,142,110,4
11298,2596,124,2
11299,3781,7,1
11300,1894,114,2
11301,2611,106,3
11302,1739,18,4
11303,2308,101,2
11306,263,29,4
11307,945,15,3
11308,349,138,1
11309,1379,101,4
11310,2978,64,2
11311,4048,11,2
11312,3,139,1
11313,731,8,5
11314,1057,30,5
11316,1809,45,5
11317,2844,27,2
11318,1081,21,3
11319,720,35,1
11320,4099,79,1
11321,2886,49,4
11322,4852,140,3
11323,2077,51,4
11324,3377,95,5
11325,993,48,1
11326,2656,126,5
11327,406,46,4
11330,88,12,2
11331,1867,137,1
11332,3764,60,5
11333,266,85,4
11334,150,96,3
11335,1999,87,4
11336,2608,71,3
11338,367,51,1
11339,4712,144,1
11340,4254,110,5
11341,3525,77,5
11342,200,36,2
11345,4,34,3
11346,698,124,5
11349,265,141,4
11350,1644,145,3
11351,3957,120,3
11352,3301,41,2
11353,179,75,4
11354,1018,58,2
11355,3016,21,5
11357,1241,149,5
11359,802,29,3
11360,470,144,2
11361,3690,98,2
11363,2030,126,5
11364,3477,112,4
11366,4407,63,1
11368,2032,91,5
11369,4509,19,2
11370,411,47,2
11371,1353,3,3
11372,4670,91,3
11374,1369,136,1
11378,877,13,5
11379,2671,123,5
11381,2185,21,3
11382,2194,84,3
11383,2390,60,4
11384,1621,94,3
11385,1971,58,4
11386,3681,5,5
11387,3126,11,4
11388,2512,88,5
11389,1331,88,4
11390,1083,128,3
11391,747,77,3
11392,3637,40,1
11393,4903,106,5
11395,4291,136,2
11396,3768,53,2
11397,2933,108,3
11398,3332,15,4
11400,1233,24,1
11401,263,60,5
11403,2231,69,5
11404,1461,116,4
11405,3746,77,2
11407,1899,115,5
11408,1104,131,1
11409,2088,89,5
11411,3546,124,1
11412,4331,128,3
11413,971,76,4
11414,4854,67,3
11415,762,30,1
11416,2,113,2
11417,123,13,3
11418,84,38,1
11419,1647,54,3
11420,3968,126,4
11421,2459,137,4
11422,2820,16,4
11423,4207,79,2
11424,1303,10,1
11425,2357,79,1
11426,2664,83,2
11427,3530,143,5
11428,4261,52,2
11429,2077,70,1
11430,3943,115,3
11431,1658,62,5
11432,3697,5,2
11433,1086,3,4
11434,4160,42,3
11435,2308,69,5
11436,1388,77,3
11437,811,81,4
11438,4024,81,2
11440,4373,109,2
11441,975,96,5
11442,4726,15,4
11444,2024,97,5
11445,747,65,3
11446,1552,51,1
11447,2659,23,1
11448,4324,125,4
11449,4668,147,4
11450,1449,50,1
11451,16,52,2
11452,1951,98,2
11453,463,54,2
11454,3558,17,3
11455,2959,114,5
11458,190,58,4
11459,2325,19,1
11460,1208,127,3
11461,1760,62,2
11462,3537,40,5
11463,3716,66,4
11464,3091,77,2
11465,2518,140,4
11466,4154,124,2
11467,1278,97,4
11468,282,35,1
11469,2526,6,5
11470,4382,109,1
11471,2188,15,1
11472,1794,48,4
11473,4170,51,1
11474,3596,23,4
11475,505,24,4
11476,694,37,4
11477,1359,47,3
11478,4402,48,2
11479,582,15,1
11481,4847,41,3
11482,4279,116,2
11483,4211,99,5
11484,3395,99,5
11485,2190,98,2
11487,4715,105,3
11488,213,113,2
11489,2646,66,3
11490,3467,36,3
11491,3969,32,5
11492,2567,137,4
11493,522,70,3
11494,4229,58,4
11495,948,107,1
11496,4033,46,2
11497,1551,101,1
11498,4343,114,1
11499,1861,9,1
11501,4251,118,2
11502,1760,126,3
11503,261,77,2
11504,2810,69,1
11505,4362,139,5
11506,3873,120,2
11507,563,66,2
11508,3392,82,5
11509,439,33,1
11510,1664,11,1
11512,1537,68,3
11513,1962,88,4
11514,3666,149,2
11515,1924,112,3
11516,3741,67,2
11517,735,114,2
11518,4896,109,4
11519,3382,36,1
11520,3974,86,1
11521,4852,76,3
11522,46,121,4
11523,559,67,3
11524,657,142,2
11525,2254,145,5
11526,2731,113,2
11527,459,127,2
11528,3975,109,4
11529,4260,117,2
11530,3129,14,3
11532,3645,2,3
11533,1172,43,4
11534,3563,6,4
11535,3083,42,5
11537,3863,118,4
11538,3642,91,1
11539,758,126,3
11540,3504,135,2
11541,4138,105,1
11542,4826,70,1
11543,645,48,3
11544,460,132,1
11545,4059,130,4
11546,1223,137,4
11547,3539,27,1
11549,2683,129,1
11550,4644,22,1
11551,3312,20,4
11552,2841,116,3
11553,268,133,4
11554,4893,122,1
11555,2453,32,5
11556,1955,45,3
11558,1302,93,5
11559,4282,24,4
11560,4987,8,2
11561,4446,18,1
11562,4450,79,4
11563,1192,26,1
11565,1001,80,2
11566,1654,13,1
11567,4911,22,2
11568,2125,72,1
11569,1777,120,4
11570,405,27,4
11572,3430,120,2
11573,4713,40,2
11574,1051,3,4
11575,3183,69,3
11576,1057,42,4
11577,3920,107,3
11578,4616,42,4
11579,3036,54,2
11580,1374,118,5
11581,3971,106,1
11582,4639,82,3
11583,4696,82,5
11584,568,111,3
11585,1971,62,5
11586,4465,108,1
11587,2589,138,4
11588,3426,10,4
11589,1737,119,5
11590,448,1,1
11591,3298,6,2
11592,4249,51,3
11594,2002,137,1
11595,4186,149,3
11596,2441,70,2
11597,4045,13,5
11599,376,137,5
11600,4735,123,4
11601,3196,7,3
11602,302,138,2
11603,2544,132,1
11604,2452,19,4
11605,415,90,4
11606,4422,149,3
11607,179,26,3
11608,4329,55,1
11610,4688,10,5
11611,40,115,4
11612,901,141,1
11613,2790,70,1
11614,3383,100,1
11615,1676,51,1
11616,693,34,2
11617,2254,41,2
11618,2513,109,2
11619,2505,42,4
11620,4976,68,4
11621,3653,140,2
11622,3039,36,1
11623,2850,26,3
11624,4351,139,4
11625,3643,99,3
11626,77,28,2
11627,3111,64,1
11629,1530,76,5
11630,736,77,2
11631,2822,135,1
11632,3744,62,5
11633,4333,82,4
11634,3166,58,3
11635,4611,61,1
11636,2829,95,3
11637,1640,14,3
11638,4076,55,2
11639,3373,106,2
11640,1388,120,2
11641,3038,113,1
11642,3593,32,1
11643,2659,26,3
11644,2030,141,1
11645,3635,23,3
11646,3663,141,3
11647,3787,97,1
11648,178,125,5
11649,2909,80,2
11650,2442,144,2
11652,4020,131,4
11655,683,119,4
11656,1051,69,5
11657,149,29,4
11658,3933,122,5
11659,4599,81,5
11660,4584,36,4
11662,1843,113,1
11664,38,138,5
11666,4743,96,2
11668,1127,37,3
11670,3116,69,3
11671,241,23,5
11672,2418,67,2
11673,4177,68,3
11674,1264,25,4
11675,1945,12,2
11676,4843,112,2
11677,1060,72,4
11678,3890,131,4
11680,2703,110,2
11681,4577,64,3
11682,3959,128,2
11683,4716,142,1
11684,4125,54,3
11685,964,97,5
11687,2959,43,1
11688,2737,28,2
11689,72,83,5
11691,505,105,3
11692,3559,63,5
11693,1381,138,4
11694,673,125,4
11695,3720,100,1
11696,2756,98,3
11697,3135,140,3
11698,2093,122,2
11699,2992,125,4
11700,1199,144,5
11701,4624,37,1
11703,2861,83,4
11704,1285,109,4
11705,2246,21,4
11707,4266,122,5
11709,2128,105,3
11710,43,145,4
11711,3011,46,4
11712,2086,84,3
11714,4595,89,4
11715,1715,142,5
11716,2070,4,4
11717,4613,68,2
11718,1289,127,5
11719,730,104,1
11720,4001,93,2
11721,697,105,2
11722,4751,48,5
11723,3110,50,2
11724,1029,96,3
11725,1202,66,4
11726,3488,103,3
11727,4403,10,4
11728,2207,19,1
11729,770,136,3
11730,2832,144,1
11731,197,105,4
11732,55,105,5
11733,3508,66,1
11734,4932,128,4
11735,511,144,4
11736,3426,79,4
11737,739,82,3
11738,158,141,4
11739,1164,93,4
11740,3637,44,3
11741,4344,66,2
11742,2581,117,4
11743,4290,117,2
11744,2136,74,3
11745,4495,94,5
11746,1078,142,1
11747,1375,101,2
11748,3645,97,3
11749,45,13,5
11750,2169,43,4
11752,4368,2,2
11753,4722,82,5
11754,2940,76,3
11755,3133,126,4
11756,3851,147,2
11757,1801,135,1
11759,3177,54,3
11760,4150,45,5
11761,4730,110,5
11762,1379,108,3
11763,3674,116,1
11764,3735,138,2
11765,377,136,4
11766,1015,134,5
11767,613,69,4
11768,4963,100,2
11770,4999,35,2
11772,4537,1,2
11773,1179,79,3
11774,807,78,4
11775,4073,46,3
11776,2990,4,2
11778,2474,108,3
11779,324,74,3
11780,2039,64,5
11781,1989,138,4
11782,2625,145,3
11783,1553,86,1
11784,2866,86,4
11785,200,73,1
11786,2365,13,3
11787,39,123,1
11788,4545,113,3
11789,2875,13,5
11790,1132,101,1
11791,3896,85,5
11792,3773,86,2
11793,1971,44,2
11794,172,24,4
11795,2863,96,2
11797,2402,22,2
11798,2027,30,4
11799,2143,127,2
11800,1402,25,3
11801,4353,60,3
11802,3640,70,4
11803,1028,140,1
11804,1038,6,2
11805,2759,143,3
11806,1790,91,1
11807,1322,147,4
11808,4750,103,1
11809,4806,100,5
11810,606,17,2
11811,4842,69,4
11812,944,23,2
11815,737,60,2
11816,1841,115,1
11817,4688,38,4
11818,927,21,4
11819,3860,137,5
11820,548,60,1
11821,3841,93,5
11822,632,7,1
11823,4109,29,5
11824,2063,97,4
11826,804,142,5
11827,921,99,1
11828,3000,37,3
11829,4240,23,5
11830,1257,130,3
11831,774,122,5
11832,1317,65,5
11833,2315,38,3
11834,4856,40,4
11835,3463,27,4
11836,2904,115,1
11837,3878,30,2
11838,69,100,5
11839,4175,147,5
11840,305,86,5
11841,762,135,1
11842,3875,136,2
11843,2848,112,1
11844,3040,16,1
11845,2904,77,5
11846,853,95,4
11847,4193,150,3
11849,784,66,1
11850,380,44,4
11851,2620,9,1
11852,4754,64,2
11853,1430,143,1
11854,4388,47,5
11855,3297,85,3
11856,4346,36,4
11858,2071,24,3
11860,1607,52,4
11861,1855,130,5
11862,3956,14,2
11863,998,88,1
11864,3418,94,3
11865,4916,30,1
11866,1789,28,5
11868,869,143,2
11869,1787,61,1
11870,3829,83,5
11871,866,113,4
11872,2959,88,2
11873,4556,70,1
11874,3399,138,1
11875,1539,6,4
11877,308,120,3
11878,1826,146,5
11879,4100,2,2
11881,1795,28,4
11882,3385,99,5
11883,2017,126,2
11884,932,113,2
11885,982,23,1
11886,3818,62,5
11887,3690,110,3
11888,2342,119,4
11890,4592,11,2
11891,2612,89,4
11892,4476,140,4
11893,354,46,2
11894,2741,14,2
11895,4024,34,3
11896,2128,29,4
11897,3964,39,5
11898,3197,112,1
11899,4707,111,5
11901,578,137,3
11902,1221,48,1
11903,598,86,2
11904,830,94,2
11905,2307,39,5
11906,2811,27,4
11907,3347,108,1
11908,1067,43,2
11909,4415,95,4
11910,1264,41,5
11911,1155,121,3
11912,2500,141,5
11914,4744,19,4
11915,4937,22,3
11916,1940,8,4
11917,4995,79,1
11919,4180,63,1
11920,4547,53,1
11921,516,142,3
11922,1071,70,5
11923,2681,30,5
11925,3705,136,1
11926,3771,116,5
11927,4529,41,1
11928,2443,18,2
11929,4777,146,5
11930,1539,2,3
11931,3340,134,4
11932,4840,130,4
11933,2802,101,4
11934,178,49,3
11935,205,104,1
11936,1742,143,5
11937,3849,138,5
11938,1328,107,5
11939,3021,63,4
11940,1725,22,4
11941,1987,123,1
11942,856,41,2
11943,3199,57,2
11944,1601,19,2
11945,75,66,4
11946,4476,101,4
11947,3610,17,3
11948,1879,47,2
11949,1853,116,1
11950,3598,47,3
11951,2147,48,4
11952,2686,62,3
11953,3525,145,3
11954,4072,53,3
11955,4228,20,2
11956,3954,71,3
11957,1561,57,3
11958,3349,20,5
11960,2623,43,4
11961,4465,2,1
11962,602,147,1
11963,4435,144,2
11966,4592,77,2
11967,1953,142,1
11969,1266,116,2
11970,721,47,4
11971,471,7,1
11972,4554,44,3
11973,667,140,1
11974,1843,50,3
11975,1416,65,1
11976,864,72,3
11977,2307,123,2
11978,1741,11,2
11982,1176,127,5
11984,407,79,5
11985,4176,112,3
11986,3233,121,4
11987,3658,139,4
11989,878,51,2
11990,3108,115,4
11991,3311,36,2
11992,2211,64,2
11995,4594,70,4
11996,2111,80,4
11997,3173,74,3
11998,2509,144,1
11999,4152,14,3
12000,3109,16,2
